epoch,target,source,observation_id,stage,beta,n_rows,log_evidence
0,float_kf,doppler_velocity,tow=179460.000,0,1.0,3,
0,ddpr_guard,doppler_velocity,tow=179460.000,0,1.0,3,
0,float_kf,dd_pseudorange,tow=179460.000,0,1.0,26,
0,ddpr_guard,dd_pseudorange,tow=179460.000,0,1.0,26,
0,float_kf,dd_carrier,tow=179460.000,0,1.0,26,
0,integrity_lineage,multipivot_dd_pseudorange,tow=179460.000,0,1.0,26,-0.3683979318429198
1,float_kf,doppler_velocity,tow=179460.200,0,1.0,3,
1,ddpr_guard,doppler_velocity,tow=179460.200,0,1.0,3,
1,basin_pf,doppler_velocity,tow=179460.200,0,1.0,3,-3.4714563017459414
1,integrity_lineage,tdcp_displacement,tow=179460.000->179460.200,0,1.0,21,
2,float_kf,doppler_velocity,tow=179460.400,0,1.0,3,
2,ddpr_guard,doppler_velocity,tow=179460.400,0,1.0,3,
2,basin_pf,doppler_velocity,tow=179460.400,0,1.0,3,-2.464049781550617
2,integrity_lineage,tdcp_displacement,tow=179460.200->179460.400,0,1.0,21,
3,float_kf,doppler_velocity,tow=179460.600,0,1.0,3,
3,ddpr_guard,doppler_velocity,tow=179460.600,0,1.0,3,
3,basin_pf,doppler_velocity,tow=179460.600,0,1.0,3,-2.391882617873582
3,integrity_lineage,tdcp_displacement,tow=179460.400->179460.600,0,1.0,21,
4,float_kf,doppler_velocity,tow=179460.800,0,1.0,3,
4,ddpr_guard,doppler_velocity,tow=179460.800,0,1.0,3,
4,basin_pf,doppler_velocity,tow=179460.800,0,1.0,3,-2.3848519285231524
4,integrity_lineage,tdcp_displacement,tow=179460.600->179460.800,0,1.0,20,
5,float_kf,doppler_velocity,tow=179461.000,0,1.0,3,
5,ddpr_guard,doppler_velocity,tow=179461.000,0,1.0,3,
5,basin_pf,doppler_velocity,tow=179461.000,0,1.0,3,-2.384060053089365
5,float_kf,dd_pseudorange,tow=179461.000,0,1.0,26,
5,ddpr_guard,dd_pseudorange,tow=179461.000,0,1.0,26,
5,float_kf,dd_carrier,tow=179461.000,0,1.0,26,
5,basin_pf,dd_pseudorange,tow=179461.000,0,1.0,26,-72.40442098614012
5,basin_pf,dd_carrier,tow=179461.000,0,1.0,26,13.763667014596372
5,integrity_lineage,multipivot_dd_pseudorange,tow=179461.000,0,1.0,26,-0.38748853530319505
5,integrity_lineage,tdcp_displacement,tow=179460.800->179461.000,0,1.0,20,
6,float_kf,doppler_velocity,tow=179461.200,0,1.0,3,
6,ddpr_guard,doppler_velocity,tow=179461.200,0,1.0,3,
6,basin_pf,doppler_velocity,tow=179461.200,0,1.0,3,-2.364353849000054
6,integrity_lineage,tdcp_displacement,tow=179461.000->179461.200,0,1.0,20,
7,float_kf,doppler_velocity,tow=179461.400,0,1.0,3,
7,ddpr_guard,doppler_velocity,tow=179461.400,0,1.0,3,
7,basin_pf,doppler_velocity,tow=179461.400,0,1.0,3,-2.3820477811792604
7,integrity_lineage,tdcp_displacement,tow=179461.200->179461.400,0,1.0,20,
8,float_kf,doppler_velocity,tow=179461.600,0,1.0,3,
8,ddpr_guard,doppler_velocity,tow=179461.600,0,1.0,3,
8,basin_pf,doppler_velocity,tow=179461.600,0,1.0,3,-2.3875258539686377
8,integrity_lineage,tdcp_displacement,tow=179461.400->179461.600,0,1.0,21,
9,float_kf,doppler_velocity,tow=179461.800,0,1.0,3,
9,ddpr_guard,doppler_velocity,tow=179461.800,0,1.0,3,
9,basin_pf,doppler_velocity,tow=179461.800,0,1.0,3,-2.3892728390036426
9,integrity_lineage,tdcp_displacement,tow=179461.600->179461.800,0,1.0,21,
10,float_kf,doppler_velocity,tow=179462.000,0,1.0,3,
10,ddpr_guard,doppler_velocity,tow=179462.000,0,1.0,3,
10,basin_pf,doppler_velocity,tow=179462.000,0,1.0,3,-2.3846377734210527
10,float_kf,dd_pseudorange,tow=179462.000,0,1.0,26,
10,ddpr_guard,dd_pseudorange,tow=179462.000,0,1.0,26,
10,float_kf,dd_carrier,tow=179462.000,0,1.0,26,
10,basin_pf,dd_pseudorange,tow=179462.000,0,1.0,26,-72.35243392725447
10,basin_pf,dd_carrier,tow=179462.000,0,1.0,26,13.822476221637368
10,integrity_lineage,multipivot_dd_pseudorange,tow=179462.000,0,1.0,26,-0.31078865586257814
10,integrity_lineage,tdcp_displacement,tow=179461.800->179462.000,0,1.0,21,
11,float_kf,doppler_velocity,tow=179462.200,0,1.0,3,
11,ddpr_guard,doppler_velocity,tow=179462.200,0,1.0,3,
11,basin_pf,doppler_velocity,tow=179462.200,0,1.0,3,-2.361716149841201
11,integrity_lineage,tdcp_displacement,tow=179462.000->179462.200,0,1.0,21,
12,float_kf,doppler_velocity,tow=179462.400,0,1.0,3,
12,ddpr_guard,doppler_velocity,tow=179462.400,0,1.0,3,
12,basin_pf,doppler_velocity,tow=179462.400,0,1.0,3,-2.3833255333853387
12,integrity_lineage,tdcp_displacement,tow=179462.200->179462.400,0,1.0,21,
13,float_kf,doppler_velocity,tow=179462.600,0,1.0,3,
13,ddpr_guard,doppler_velocity,tow=179462.600,0,1.0,3,
13,basin_pf,doppler_velocity,tow=179462.600,0,1.0,3,-2.3838253178972497
13,integrity_lineage,tdcp_displacement,tow=179462.400->179462.600,0,1.0,21,
14,float_kf,doppler_velocity,tow=179462.800,0,1.0,3,
14,ddpr_guard,doppler_velocity,tow=179462.800,0,1.0,3,
14,basin_pf,doppler_velocity,tow=179462.800,0,1.0,3,-2.384242739811251
14,integrity_lineage,tdcp_displacement,tow=179462.600->179462.800,0,1.0,21,
15,float_kf,doppler_velocity,tow=179463.000,0,1.0,3,
15,ddpr_guard,doppler_velocity,tow=179463.000,0,1.0,3,
15,basin_pf,doppler_velocity,tow=179463.000,0,1.0,3,-2.384122724481858
15,float_kf,dd_pseudorange,tow=179463.000,0,1.0,26,
15,ddpr_guard,dd_pseudorange,tow=179463.000,0,1.0,26,
15,float_kf,dd_carrier,tow=179463.000,0,1.0,26,
15,basin_pf,dd_pseudorange,tow=179463.000,0,1.0,26,-72.35507817642392
15,basin_pf,dd_carrier,tow=179463.000,0,1.0,26,13.799065672011928
15,integrity_lineage,multipivot_dd_pseudorange,tow=179463.000,0,1.0,26,-0.34314126828376146
15,integrity_lineage,tdcp_displacement,tow=179462.800->179463.000,0,1.0,21,
16,float_kf,doppler_velocity,tow=179463.200,0,1.0,3,
16,ddpr_guard,doppler_velocity,tow=179463.200,0,1.0,3,
16,basin_pf,doppler_velocity,tow=179463.200,0,1.0,3,-2.3606462502906513
16,integrity_lineage,tdcp_displacement,tow=179463.000->179463.200,0,1.0,21,
17,float_kf,doppler_velocity,tow=179463.400,0,1.0,3,
17,ddpr_guard,doppler_velocity,tow=179463.400,0,1.0,3,
17,basin_pf,doppler_velocity,tow=179463.400,0,1.0,3,-2.381583010864732
17,integrity_lineage,tdcp_displacement,tow=179463.200->179463.400,0,1.0,21,
18,float_kf,doppler_velocity,tow=179463.600,0,1.0,3,
18,ddpr_guard,doppler_velocity,tow=179463.600,0,1.0,3,
18,basin_pf,doppler_velocity,tow=179463.600,0,1.0,3,-2.386562451373628
18,integrity_lineage,tdcp_displacement,tow=179463.400->179463.600,0,1.0,21,
19,float_kf,doppler_velocity,tow=179463.800,0,1.0,3,
19,ddpr_guard,doppler_velocity,tow=179463.800,0,1.0,3,
19,basin_pf,doppler_velocity,tow=179463.800,0,1.0,3,-2.384908598159903
19,integrity_lineage,tdcp_displacement,tow=179463.600->179463.800,0,1.0,21,
20,float_kf,doppler_velocity,tow=179464.000,0,1.0,3,
20,ddpr_guard,doppler_velocity,tow=179464.000,0,1.0,3,
20,basin_pf,doppler_velocity,tow=179464.000,0,1.0,3,-2.389265966867447
20,float_kf,dd_pseudorange,tow=179464.000,0,1.0,26,
20,ddpr_guard,dd_pseudorange,tow=179464.000,0,1.0,26,
20,float_kf,dd_carrier,tow=179464.000,0,1.0,26,
20,basin_pf,dd_pseudorange,tow=179464.000,0,1.0,26,-72.27963258966766
20,basin_pf,dd_carrier,tow=179464.000,0,1.0,26,13.70767884587696
20,integrity_lineage,multipivot_dd_pseudorange,tow=179464.000,0,1.0,26,-0.2931514470509234
20,integrity_lineage,tdcp_displacement,tow=179463.800->179464.000,0,1.0,21,
21,float_kf,doppler_velocity,tow=179464.200,0,1.0,3,
21,ddpr_guard,doppler_velocity,tow=179464.200,0,1.0,3,
21,basin_pf,doppler_velocity,tow=179464.200,0,1.0,3,-2.358247393162369
21,integrity_lineage,tdcp_displacement,tow=179464.000->179464.200,0,1.0,21,
22,float_kf,doppler_velocity,tow=179464.400,0,1.0,3,
22,ddpr_guard,doppler_velocity,tow=179464.400,0,1.0,3,
22,basin_pf,doppler_velocity,tow=179464.400,0,1.0,3,-2.3808746675394494
22,integrity_lineage,tdcp_displacement,tow=179464.200->179464.400,0,1.0,21,
23,float_kf,doppler_velocity,tow=179464.600,0,1.0,3,
23,ddpr_guard,doppler_velocity,tow=179464.600,0,1.0,3,
23,basin_pf,doppler_velocity,tow=179464.600,0,1.0,3,-2.3846113644399773
23,integrity_lineage,tdcp_displacement,tow=179464.400->179464.600,0,1.0,21,
24,float_kf,doppler_velocity,tow=179464.800,0,1.0,3,
24,ddpr_guard,doppler_velocity,tow=179464.800,0,1.0,3,
24,basin_pf,doppler_velocity,tow=179464.800,0,1.0,3,-2.385166808039759
24,integrity_lineage,tdcp_displacement,tow=179464.600->179464.800,0,1.0,21,
25,float_kf,doppler_velocity,tow=179465.000,0,1.0,3,
25,ddpr_guard,doppler_velocity,tow=179465.000,0,1.0,3,
25,basin_pf,doppler_velocity,tow=179465.000,0,1.0,3,-2.385062044520283
25,float_kf,dd_pseudorange,tow=179465.000,0,1.0,26,
25,ddpr_guard,dd_pseudorange,tow=179465.000,0,1.0,26,
25,float_kf,dd_carrier,tow=179465.000,0,1.0,26,
25,basin_pf,dd_pseudorange,tow=179465.000,0,1.0,26,-72.26118358960865
25,basin_pf,dd_carrier,tow=179465.000,0,1.0,26,13.661694377352017
25,integrity_lineage,multipivot_dd_pseudorange,tow=179465.000,0,1.0,26,-0.28349164233387614
25,integrity_lineage,tdcp_displacement,tow=179464.800->179465.000,0,1.0,21,
26,float_kf,doppler_velocity,tow=179465.200,0,1.0,3,
26,ddpr_guard,doppler_velocity,tow=179465.200,0,1.0,3,
26,basin_pf,doppler_velocity,tow=179465.200,0,1.0,3,-2.357953659243484
26,integrity_lineage,tdcp_displacement,tow=179465.000->179465.200,0,1.0,21,
27,float_kf,doppler_velocity,tow=179465.400,0,1.0,3,
27,ddpr_guard,doppler_velocity,tow=179465.400,0,1.0,3,
27,basin_pf,doppler_velocity,tow=179465.400,0,1.0,3,-2.39563036001283
27,integrity_lineage,tdcp_displacement,tow=179465.200->179465.400,0,1.0,21,
28,float_kf,doppler_velocity,tow=179465.600,0,1.0,3,
28,ddpr_guard,doppler_velocity,tow=179465.600,0,1.0,3,
28,basin_pf,doppler_velocity,tow=179465.600,0,1.0,3,-2.3876582869042053
28,integrity_lineage,tdcp_displacement,tow=179465.400->179465.600,0,1.0,21,
29,float_kf,doppler_velocity,tow=179465.800,0,1.0,3,
29,ddpr_guard,doppler_velocity,tow=179465.800,0,1.0,3,
29,basin_pf,doppler_velocity,tow=179465.800,0,1.0,3,-2.384533055026857
29,integrity_lineage,tdcp_displacement,tow=179465.600->179465.800,0,1.0,21,
30,float_kf,doppler_velocity,tow=179466.000,0,1.0,3,
30,ddpr_guard,doppler_velocity,tow=179466.000,0,1.0,3,
30,basin_pf,doppler_velocity,tow=179466.000,0,1.0,3,-2.403420907673325
30,float_kf,dd_pseudorange,tow=179466.000,0,1.0,26,
30,ddpr_guard,dd_pseudorange,tow=179466.000,0,1.0,26,
30,float_kf,dd_carrier,tow=179466.000,0,1.0,26,
30,basin_pf,dd_pseudorange,tow=179466.000,0,1.0,26,-72.24422447840813
30,basin_pf,dd_carrier,tow=179466.000,0,1.0,26,13.537124756507307
30,integrity_lineage,multipivot_dd_pseudorange,tow=179466.000,0,1.0,26,-0.3792021624345427
30,integrity_lineage,tdcp_displacement,tow=179465.800->179466.000,0,1.0,21,
31,float_kf,doppler_velocity,tow=179466.200,0,1.0,3,
31,ddpr_guard,doppler_velocity,tow=179466.200,0,1.0,3,
31,basin_pf,doppler_velocity,tow=179466.200,0,1.0,3,-2.369527805808057
31,integrity_lineage,tdcp_displacement,tow=179466.000->179466.200,0,1.0,21,
32,float_kf,doppler_velocity,tow=179466.400,0,1.0,3,
32,ddpr_guard,doppler_velocity,tow=179466.400,0,1.0,3,
32,basin_pf,doppler_velocity,tow=179466.400,0,1.0,3,-2.381730790429379
32,integrity_lineage,tdcp_displacement,tow=179466.200->179466.400,0,1.0,21,
33,float_kf,doppler_velocity,tow=179466.600,0,1.0,3,
33,ddpr_guard,doppler_velocity,tow=179466.600,0,1.0,3,
33,basin_pf,doppler_velocity,tow=179466.600,0,1.0,3,-2.384531678061593
33,integrity_lineage,tdcp_displacement,tow=179466.400->179466.600,0,1.0,21,
34,float_kf,doppler_velocity,tow=179466.800,0,1.0,3,
34,ddpr_guard,doppler_velocity,tow=179466.800,0,1.0,3,
34,basin_pf,doppler_velocity,tow=179466.800,0,1.0,3,-2.3844316018704026
34,integrity_lineage,tdcp_displacement,tow=179466.600->179466.800,0,1.0,21,
35,float_kf,doppler_velocity,tow=179467.000,0,1.0,3,
35,ddpr_guard,doppler_velocity,tow=179467.000,0,1.0,3,
35,basin_pf,doppler_velocity,tow=179467.000,0,1.0,3,-2.385260282657326
35,float_kf,dd_pseudorange,tow=179467.000,0,1.0,26,
35,ddpr_guard,dd_pseudorange,tow=179467.000,0,1.0,26,
35,float_kf,dd_carrier,tow=179467.000,0,1.0,26,
35,basin_pf,dd_pseudorange,tow=179467.000,0,1.0,26,-72.20313269669624
35,basin_pf,dd_carrier,tow=179467.000,0,1.0,26,13.4117606759278
35,integrity_lineage,multipivot_dd_pseudorange,tow=179467.000,0,1.0,26,-0.25713218779545804
35,integrity_lineage,tdcp_displacement,tow=179466.800->179467.000,0,1.0,21,
36,float_kf,doppler_velocity,tow=179467.200,0,1.0,3,
36,ddpr_guard,doppler_velocity,tow=179467.200,0,1.0,3,
36,basin_pf,doppler_velocity,tow=179467.200,0,1.0,3,-2.355882557720328
36,integrity_lineage,tdcp_displacement,tow=179467.000->179467.200,0,1.0,21,
37,float_kf,doppler_velocity,tow=179467.400,0,1.0,3,
37,ddpr_guard,doppler_velocity,tow=179467.400,0,1.0,3,
37,basin_pf,doppler_velocity,tow=179467.400,0,1.0,3,-2.381228873494167
37,integrity_lineage,tdcp_displacement,tow=179467.200->179467.400,0,1.0,21,
38,float_kf,doppler_velocity,tow=179467.600,0,1.0,3,
38,ddpr_guard,doppler_velocity,tow=179467.600,0,1.0,3,
38,basin_pf,doppler_velocity,tow=179467.600,0,1.0,3,-2.3837001291865487
38,integrity_lineage,tdcp_displacement,tow=179467.400->179467.600,0,1.0,21,
39,float_kf,doppler_velocity,tow=179467.800,0,1.0,3,
39,ddpr_guard,doppler_velocity,tow=179467.800,0,1.0,3,
39,basin_pf,doppler_velocity,tow=179467.800,0,1.0,3,-2.3847063493248766
39,integrity_lineage,tdcp_displacement,tow=179467.600->179467.800,0,1.0,21,
40,float_kf,doppler_velocity,tow=179468.000,0,1.0,3,
40,ddpr_guard,doppler_velocity,tow=179468.000,0,1.0,3,
40,basin_pf,doppler_velocity,tow=179468.000,0,1.0,3,-2.384824292001346
40,float_kf,dd_pseudorange,tow=179468.000,0,1.0,26,
40,ddpr_guard,dd_pseudorange,tow=179468.000,0,1.0,26,
40,float_kf,dd_carrier,tow=179468.000,0,1.0,26,
40,basin_pf,dd_pseudorange,tow=179468.000,0,1.0,26,-72.19858447860442
40,basin_pf,dd_carrier,tow=179468.000,0,1.0,26,13.322169688325534
40,integrity_lineage,multipivot_dd_pseudorange,tow=179468.000,0,1.0,26,-0.2628625008900022
40,integrity_lineage,tdcp_displacement,tow=179467.800->179468.000,0,1.0,21,
41,float_kf,doppler_velocity,tow=179468.200,0,1.0,3,
41,ddpr_guard,doppler_velocity,tow=179468.200,0,1.0,3,
41,basin_pf,doppler_velocity,tow=179468.200,0,1.0,3,-2.3543388915384313
41,integrity_lineage,tdcp_displacement,tow=179468.000->179468.200,0,1.0,21,
42,float_kf,doppler_velocity,tow=179468.400,0,1.0,3,
42,ddpr_guard,doppler_velocity,tow=179468.400,0,1.0,3,
42,basin_pf,doppler_velocity,tow=179468.400,0,1.0,3,-2.3804879721464034
42,integrity_lineage,tdcp_displacement,tow=179468.200->179468.400,0,1.0,21,
43,float_kf,doppler_velocity,tow=179468.600,0,1.0,3,
43,ddpr_guard,doppler_velocity,tow=179468.600,0,1.0,3,
43,basin_pf,doppler_velocity,tow=179468.600,0,1.0,3,-2.3879149780258895
43,integrity_lineage,tdcp_displacement,tow=179468.400->179468.600,0,1.0,21,
44,float_kf,doppler_velocity,tow=179468.800,0,1.0,3,
44,ddpr_guard,doppler_velocity,tow=179468.800,0,1.0,3,
44,basin_pf,doppler_velocity,tow=179468.800,0,1.0,3,-2.388577899509177
44,integrity_lineage,tdcp_displacement,tow=179468.600->179468.800,0,1.0,21,
45,float_kf,doppler_velocity,tow=179469.000,0,1.0,3,
45,ddpr_guard,doppler_velocity,tow=179469.000,0,1.0,3,
45,basin_pf,doppler_velocity,tow=179469.000,0,1.0,3,-2.3845909103681238
45,float_kf,dd_pseudorange,tow=179469.000,0,1.0,26,
45,ddpr_guard,dd_pseudorange,tow=179469.000,0,1.0,26,
45,float_kf,dd_carrier,tow=179469.000,0,1.0,26,
45,basin_pf,dd_pseudorange,tow=179469.000,0,1.0,26,-72.17549303463106
45,basin_pf,dd_carrier,tow=179469.000,0,1.0,26,13.208719031624454
45,integrity_lineage,multipivot_dd_pseudorange,tow=179469.000,0,1.0,26,-0.3117774073679434
45,integrity_lineage,tdcp_displacement,tow=179468.800->179469.000,0,1.0,21,
46,float_kf,doppler_velocity,tow=179469.200,0,1.0,3,
46,ddpr_guard,doppler_velocity,tow=179469.200,0,1.0,3,
46,basin_pf,doppler_velocity,tow=179469.200,0,1.0,3,-2.3551454284296827
46,integrity_lineage,tdcp_displacement,tow=179469.000->179469.200,0,1.0,21,
47,float_kf,doppler_velocity,tow=179469.400,0,1.0,3,
47,ddpr_guard,doppler_velocity,tow=179469.400,0,1.0,3,
47,basin_pf,doppler_velocity,tow=179469.400,0,1.0,3,-2.3806663431565065
47,integrity_lineage,tdcp_displacement,tow=179469.200->179469.400,0,1.0,21,
48,float_kf,doppler_velocity,tow=179469.600,0,1.0,3,
48,ddpr_guard,doppler_velocity,tow=179469.600,0,1.0,3,
48,basin_pf,doppler_velocity,tow=179469.600,0,1.0,3,-2.3842669132640086
48,integrity_lineage,tdcp_displacement,tow=179469.400->179469.600,0,1.0,21,
49,float_kf,doppler_velocity,tow=179469.800,0,1.0,3,
49,ddpr_guard,doppler_velocity,tow=179469.800,0,1.0,3,
49,basin_pf,doppler_velocity,tow=179469.800,0,1.0,3,-2.3854681532855264
49,integrity_lineage,tdcp_displacement,tow=179469.600->179469.800,0,1.0,21,
50,float_kf,doppler_velocity,tow=179470.000,0,1.0,3,
50,ddpr_guard,doppler_velocity,tow=179470.000,0,1.0,3,
50,basin_pf,doppler_velocity,tow=179470.000,0,1.0,3,-2.3863936625574276
50,float_kf,dd_pseudorange,tow=179470.000,0,1.0,26,
50,ddpr_guard,dd_pseudorange,tow=179470.000,0,1.0,26,
50,float_kf,dd_carrier,tow=179470.000,0,1.0,26,
50,basin_pf,dd_pseudorange,tow=179470.000,0,1.0,26,-72.21230327390958
50,basin_pf,dd_carrier,tow=179470.000,0,1.0,26,12.908602786545085
50,integrity_lineage,multipivot_dd_pseudorange,tow=179470.000,0,1.0,26,-0.2852500945965504
50,integrity_lineage,tdcp_displacement,tow=179469.800->179470.000,0,1.0,21,
51,float_kf,doppler_velocity,tow=179470.200,0,1.0,3,
51,ddpr_guard,doppler_velocity,tow=179470.200,0,1.0,3,
51,basin_pf,doppler_velocity,tow=179470.200,0,1.0,3,-2.3563680864927297
51,integrity_lineage,tdcp_displacement,tow=179470.000->179470.200,0,1.0,21,
52,float_kf,doppler_velocity,tow=179470.400,0,1.0,3,
52,ddpr_guard,doppler_velocity,tow=179470.400,0,1.0,3,
52,basin_pf,doppler_velocity,tow=179470.400,0,1.0,3,-2.380751389493588
52,integrity_lineage,tdcp_displacement,tow=179470.200->179470.400,0,1.0,21,
53,float_kf,doppler_velocity,tow=179470.600,0,1.0,3,
53,ddpr_guard,doppler_velocity,tow=179470.600,0,1.0,3,
53,basin_pf,doppler_velocity,tow=179470.600,0,1.0,3,-2.384229201260769
53,integrity_lineage,tdcp_displacement,tow=179470.400->179470.600,0,1.0,21,
54,float_kf,doppler_velocity,tow=179470.800,0,1.0,3,
54,ddpr_guard,doppler_velocity,tow=179470.800,0,1.0,3,
54,basin_pf,doppler_velocity,tow=179470.800,0,1.0,3,-2.389466137016285
54,integrity_lineage,tdcp_displacement,tow=179470.600->179470.800,0,1.0,21,
55,float_kf,doppler_velocity,tow=179471.000,0,1.0,3,
55,ddpr_guard,doppler_velocity,tow=179471.000,0,1.0,3,
55,basin_pf,doppler_velocity,tow=179471.000,0,1.0,3,-2.388251733265535
55,float_kf,dd_pseudorange,tow=179471.000,0,1.0,26,
55,ddpr_guard,dd_pseudorange,tow=179471.000,0,1.0,26,
55,float_kf,dd_carrier,tow=179471.000,0,1.0,26,
55,basin_pf,dd_pseudorange,tow=179471.000,0,1.0,26,-72.21453853242741
55,basin_pf,dd_carrier,tow=179471.000,0,1.0,26,12.628293360163408
55,integrity_lineage,multipivot_dd_pseudorange,tow=179471.000,0,1.0,26,-0.3735939450575779
55,integrity_lineage,tdcp_displacement,tow=179470.800->179471.000,0,1.0,21,
56,float_kf,doppler_velocity,tow=179471.200,0,1.0,3,
56,ddpr_guard,doppler_velocity,tow=179471.200,0,1.0,3,
56,basin_pf,doppler_velocity,tow=179471.200,0,1.0,3,-2.3621665634552396
56,integrity_lineage,tdcp_displacement,tow=179471.000->179471.200,0,1.0,21,
57,float_kf,doppler_velocity,tow=179471.400,0,1.0,3,
57,ddpr_guard,doppler_velocity,tow=179471.400,0,1.0,3,
57,basin_pf,doppler_velocity,tow=179471.400,0,1.0,3,-2.3838964243459033
57,integrity_lineage,tdcp_displacement,tow=179471.200->179471.400,0,1.0,21,
58,float_kf,doppler_velocity,tow=179471.600,0,1.0,3,
58,ddpr_guard,doppler_velocity,tow=179471.600,0,1.0,3,
58,basin_pf,doppler_velocity,tow=179471.600,0,1.0,3,-2.3838673037754305
58,integrity_lineage,tdcp_displacement,tow=179471.400->179471.600,0,1.0,21,
59,float_kf,doppler_velocity,tow=179471.800,0,1.0,3,
59,ddpr_guard,doppler_velocity,tow=179471.800,0,1.0,3,
59,basin_pf,doppler_velocity,tow=179471.800,0,1.0,3,-2.384627630239855
59,integrity_lineage,tdcp_displacement,tow=179471.600->179471.800,0,1.0,21,
60,float_kf,doppler_velocity,tow=179472.000,0,1.0,3,
60,ddpr_guard,doppler_velocity,tow=179472.000,0,1.0,3,
60,basin_pf,doppler_velocity,tow=179472.000,0,1.0,3,-2.384286641493078
60,float_kf,dd_pseudorange,tow=179472.000,0,1.0,26,
60,ddpr_guard,dd_pseudorange,tow=179472.000,0,1.0,26,
60,float_kf,dd_carrier,tow=179472.000,0,1.0,26,
60,basin_pf,dd_pseudorange,tow=179472.000,0,1.0,26,-72.1908159093955
60,basin_pf,dd_carrier,tow=179472.000,0,1.0,26,12.381618846086706
60,integrity_lineage,multipivot_dd_pseudorange,tow=179472.000,0,1.0,26,-0.30276821602907406
60,integrity_lineage,tdcp_displacement,tow=179471.800->179472.000,0,1.0,21,
61,float_kf,doppler_velocity,tow=179472.200,0,1.0,3,
61,ddpr_guard,doppler_velocity,tow=179472.200,0,1.0,3,
61,basin_pf,doppler_velocity,tow=179472.200,0,1.0,3,-2.356710455980144
61,integrity_lineage,tdcp_displacement,tow=179472.000->179472.200,0,1.0,21,
62,float_kf,doppler_velocity,tow=179472.400,0,1.0,3,
62,ddpr_guard,doppler_velocity,tow=179472.400,0,1.0,3,
62,basin_pf,doppler_velocity,tow=179472.400,0,1.0,3,-2.3819305238689017
62,integrity_lineage,tdcp_displacement,tow=179472.200->179472.400,0,1.0,21,
63,float_kf,doppler_velocity,tow=179472.600,0,1.0,3,
63,ddpr_guard,doppler_velocity,tow=179472.600,0,1.0,3,
63,basin_pf,doppler_velocity,tow=179472.600,0,1.0,3,-2.390683663081772
63,integrity_lineage,tdcp_displacement,tow=179472.400->179472.600,0,1.0,21,
64,float_kf,doppler_velocity,tow=179472.800,0,1.0,3,
64,ddpr_guard,doppler_velocity,tow=179472.800,0,1.0,3,
64,basin_pf,doppler_velocity,tow=179472.800,0,1.0,3,-2.386767507774335
64,integrity_lineage,tdcp_displacement,tow=179472.600->179472.800,0,1.0,21,
65,float_kf,doppler_velocity,tow=179473.000,0,1.0,3,
65,ddpr_guard,doppler_velocity,tow=179473.000,0,1.0,3,
65,basin_pf,doppler_velocity,tow=179473.000,0,1.0,3,-2.385497882353655
65,float_kf,dd_pseudorange,tow=179473.000,0,1.0,26,
65,ddpr_guard,dd_pseudorange,tow=179473.000,0,1.0,26,
65,float_kf,dd_carrier,tow=179473.000,0,1.0,26,
65,basin_pf,dd_pseudorange,tow=179473.000,0,1.0,26,-72.21799699111803
65,basin_pf,dd_carrier,tow=179473.000,0,1.0,26,12.0734246850329
65,integrity_lineage,multipivot_dd_pseudorange,tow=179473.000,0,1.0,26,-0.24826806359199347
65,integrity_lineage,tdcp_displacement,tow=179472.800->179473.000,0,1.0,21,
66,float_kf,doppler_velocity,tow=179473.200,0,1.0,3,
66,ddpr_guard,doppler_velocity,tow=179473.200,0,1.0,3,
66,basin_pf,doppler_velocity,tow=179473.200,0,1.0,3,-2.357192733756597
66,integrity_lineage,tdcp_displacement,tow=179473.000->179473.200,0,1.0,21,
67,float_kf,doppler_velocity,tow=179473.400,0,1.0,3,
67,ddpr_guard,doppler_velocity,tow=179473.400,0,1.0,3,
67,basin_pf,doppler_velocity,tow=179473.400,0,1.0,3,-2.3806766190011484
67,integrity_lineage,tdcp_displacement,tow=179473.200->179473.400,0,1.0,21,
68,float_kf,doppler_velocity,tow=179473.600,0,1.0,3,
68,ddpr_guard,doppler_velocity,tow=179473.600,0,1.0,3,
68,basin_pf,doppler_velocity,tow=179473.600,0,1.0,3,-2.383824968592328
68,integrity_lineage,tdcp_displacement,tow=179473.400->179473.600,0,1.0,21,
69,float_kf,doppler_velocity,tow=179473.800,0,1.0,3,
69,ddpr_guard,doppler_velocity,tow=179473.800,0,1.0,3,
69,basin_pf,doppler_velocity,tow=179473.800,0,1.0,3,-2.3842037915738845
69,integrity_lineage,tdcp_displacement,tow=179473.600->179473.800,0,1.0,21,
70,float_kf,doppler_velocity,tow=179474.000,0,1.0,3,
70,ddpr_guard,doppler_velocity,tow=179474.000,0,1.0,3,
70,basin_pf,doppler_velocity,tow=179474.000,0,1.0,3,-2.3862756133974163
70,float_kf,dd_pseudorange,tow=179474.000,0,1.0,26,
70,ddpr_guard,dd_pseudorange,tow=179474.000,0,1.0,26,
70,float_kf,dd_carrier,tow=179474.000,0,1.0,26,
70,basin_pf,dd_pseudorange,tow=179474.000,0,1.0,26,-72.21007584640202
70,basin_pf,dd_carrier,tow=179474.000,0,1.0,26,11.889209199839572
70,integrity_lineage,multipivot_dd_pseudorange,tow=179474.000,0,1.0,26,-0.23898251573792412
70,integrity_lineage,tdcp_displacement,tow=179473.800->179474.000,0,1.0,21,
71,float_kf,doppler_velocity,tow=179474.200,0,1.0,3,
71,ddpr_guard,doppler_velocity,tow=179474.200,0,1.0,3,
71,basin_pf,doppler_velocity,tow=179474.200,0,1.0,3,-2.3581224202380584
71,integrity_lineage,tdcp_displacement,tow=179474.000->179474.200,0,1.0,21,
72,float_kf,doppler_velocity,tow=179474.400,0,1.0,3,
72,ddpr_guard,doppler_velocity,tow=179474.400,0,1.0,3,
72,basin_pf,doppler_velocity,tow=179474.400,0,1.0,3,-2.3826151545867815
72,integrity_lineage,tdcp_displacement,tow=179474.200->179474.400,0,1.0,21,
73,float_kf,doppler_velocity,tow=179474.600,0,1.0,3,
73,ddpr_guard,doppler_velocity,tow=179474.600,0,1.0,3,
73,basin_pf,doppler_velocity,tow=179474.600,0,1.0,3,-2.3843548131107446
73,integrity_lineage,tdcp_displacement,tow=179474.400->179474.600,0,1.0,21,
74,float_kf,doppler_velocity,tow=179474.800,0,1.0,3,
74,ddpr_guard,doppler_velocity,tow=179474.800,0,1.0,3,
74,basin_pf,doppler_velocity,tow=179474.800,0,1.0,3,-2.3845825304225547
74,integrity_lineage,tdcp_displacement,tow=179474.600->179474.800,0,1.0,21,
75,float_kf,doppler_velocity,tow=179475.000,0,1.0,3,
75,ddpr_guard,doppler_velocity,tow=179475.000,0,1.0,3,
75,basin_pf,doppler_velocity,tow=179475.000,0,1.0,3,-2.3839924844372327
75,float_kf,dd_pseudorange,tow=179475.000,0,1.0,26,
75,ddpr_guard,dd_pseudorange,tow=179475.000,0,1.0,26,
75,float_kf,dd_carrier,tow=179475.000,0,1.0,26,
75,basin_pf,dd_pseudorange,tow=179475.000,0,1.0,26,-72.2267195146583
75,basin_pf,dd_carrier,tow=179475.000,0,1.0,26,11.794456621589202
75,integrity_lineage,multipivot_dd_pseudorange,tow=179475.000,0,1.0,26,-0.1595003861175715
75,integrity_lineage,tdcp_displacement,tow=179474.800->179475.000,0,1.0,21,
76,float_kf,doppler_velocity,tow=179475.200,0,1.0,3,
76,ddpr_guard,doppler_velocity,tow=179475.200,0,1.0,3,
76,basin_pf,doppler_velocity,tow=179475.200,0,1.0,3,-2.3918767626581494
76,integrity_lineage,tdcp_displacement,tow=179475.000->179475.200,0,1.0,21,
77,float_kf,doppler_velocity,tow=179475.400,0,1.0,3,
77,ddpr_guard,doppler_velocity,tow=179475.400,0,1.0,3,
77,basin_pf,doppler_velocity,tow=179475.400,0,1.0,3,-2.3887056849165145
77,integrity_lineage,tdcp_displacement,tow=179475.200->179475.400,0,1.0,21,
78,float_kf,doppler_velocity,tow=179475.600,0,1.0,3,
78,ddpr_guard,doppler_velocity,tow=179475.600,0,1.0,3,
78,basin_pf,doppler_velocity,tow=179475.600,0,1.0,3,-2.3970536604093446
78,integrity_lineage,tdcp_displacement,tow=179475.400->179475.600,0,1.0,21,
79,float_kf,doppler_velocity,tow=179475.800,0,1.0,3,
79,ddpr_guard,doppler_velocity,tow=179475.800,0,1.0,3,
79,basin_pf,doppler_velocity,tow=179475.800,0,1.0,3,-2.3852739377796013
79,integrity_lineage,tdcp_displacement,tow=179475.600->179475.800,0,1.0,21,
80,float_kf,doppler_velocity,tow=179476.000,0,1.0,3,
80,ddpr_guard,doppler_velocity,tow=179476.000,0,1.0,3,
80,basin_pf,doppler_velocity,tow=179476.000,0,1.0,3,-2.38576507062942
80,float_kf,dd_pseudorange,tow=179476.000,0,1.0,26,
80,ddpr_guard,dd_pseudorange,tow=179476.000,0,1.0,26,
80,float_kf,dd_carrier,tow=179476.000,0,1.0,26,
80,basin_pf,dd_pseudorange,tow=179476.000,0,1.0,26,-72.2777549858066
80,basin_pf,dd_carrier,tow=179476.000,0,1.0,26,11.867751688458148
80,integrity_lineage,multipivot_dd_pseudorange,tow=179476.000,0,1.0,26,-0.19240828287692027
80,integrity_lineage,tdcp_displacement,tow=179475.800->179476.000,0,1.0,21,
81,float_kf,doppler_velocity,tow=179476.200,0,1.0,3,
81,ddpr_guard,doppler_velocity,tow=179476.200,0,1.0,3,
81,basin_pf,doppler_velocity,tow=179476.200,0,1.0,3,-2.4136352251692523
81,integrity_lineage,tdcp_displacement,tow=179476.000->179476.200,0,1.0,21,
82,float_kf,doppler_velocity,tow=179476.400,0,1.0,3,
82,ddpr_guard,doppler_velocity,tow=179476.400,0,1.0,3,
82,basin_pf,doppler_velocity,tow=179476.400,0,1.0,3,-2.389399257433704
82,integrity_lineage,tdcp_displacement,tow=179476.200->179476.400,0,1.0,21,
83,float_kf,doppler_velocity,tow=179476.600,0,1.0,3,
83,ddpr_guard,doppler_velocity,tow=179476.600,0,1.0,3,
83,basin_pf,doppler_velocity,tow=179476.600,0,1.0,3,-2.3843107138384854
83,integrity_lineage,tdcp_displacement,tow=179476.400->179476.600,0,1.0,21,
84,float_kf,doppler_velocity,tow=179476.800,0,1.0,3,
84,ddpr_guard,doppler_velocity,tow=179476.800,0,1.0,3,
84,basin_pf,doppler_velocity,tow=179476.800,0,1.0,3,-2.3858088948264475
84,integrity_lineage,tdcp_displacement,tow=179476.600->179476.800,0,1.0,21,
85,float_kf,doppler_velocity,tow=179477.000,0,1.0,3,
85,ddpr_guard,doppler_velocity,tow=179477.000,0,1.0,3,
85,basin_pf,doppler_velocity,tow=179477.000,0,1.0,3,-2.384858243175255
85,float_kf,dd_pseudorange,tow=179477.000,0,1.0,26,
85,ddpr_guard,dd_pseudorange,tow=179477.000,0,1.0,26,
85,float_kf,dd_carrier,tow=179477.000,0,1.0,26,
85,basin_pf,dd_pseudorange,tow=179477.000,0,1.0,26,-72.23295698433247
85,basin_pf,dd_carrier,tow=179477.000,0,1.0,26,11.840253543308968
85,integrity_lineage,multipivot_dd_pseudorange,tow=179477.000,0,1.0,26,-0.24906564056816308
85,integrity_lineage,tdcp_displacement,tow=179476.800->179477.000,0,1.0,21,
86,float_kf,doppler_velocity,tow=179477.200,0,1.0,3,
86,ddpr_guard,doppler_velocity,tow=179477.200,0,1.0,3,
86,basin_pf,doppler_velocity,tow=179477.200,0,1.0,3,-2.4131152700969554
86,integrity_lineage,tdcp_displacement,tow=179477.000->179477.200,0,1.0,21,
87,float_kf,doppler_velocity,tow=179477.400,0,1.0,3,
87,ddpr_guard,doppler_velocity,tow=179477.400,0,1.0,3,
87,basin_pf,doppler_velocity,tow=179477.400,0,1.0,3,-2.385642482975011
87,integrity_lineage,tdcp_displacement,tow=179477.200->179477.400,0,1.0,21,
88,float_kf,doppler_velocity,tow=179477.600,0,1.0,3,
88,ddpr_guard,doppler_velocity,tow=179477.600,0,1.0,3,
88,basin_pf,doppler_velocity,tow=179477.600,0,1.0,3,-2.3860743191514953
88,integrity_lineage,tdcp_displacement,tow=179477.400->179477.600,0,1.0,21,
89,float_kf,doppler_velocity,tow=179477.800,0,1.0,3,
89,ddpr_guard,doppler_velocity,tow=179477.800,0,1.0,3,
89,basin_pf,doppler_velocity,tow=179477.800,0,1.0,3,-2.383959651481863
89,integrity_lineage,tdcp_displacement,tow=179477.600->179477.800,0,1.0,21,
90,float_kf,doppler_velocity,tow=179478.000,0,1.0,3,
90,ddpr_guard,doppler_velocity,tow=179478.000,0,1.0,3,
90,basin_pf,doppler_velocity,tow=179478.000,0,1.0,3,-2.3842639492925937
90,float_kf,dd_pseudorange,tow=179478.000,0,1.0,26,
90,ddpr_guard,dd_pseudorange,tow=179478.000,0,1.0,26,
90,float_kf,dd_carrier,tow=179478.000,0,1.0,26,
90,basin_pf,dd_pseudorange,tow=179478.000,0,1.0,26,-72.28703870349683
90,basin_pf,dd_carrier,tow=179478.000,0,1.0,26,12.08829696186546
90,integrity_lineage,multipivot_dd_pseudorange,tow=179478.000,0,1.0,26,-0.2866509179640705
90,integrity_lineage,tdcp_displacement,tow=179477.800->179478.000,0,1.0,21,
91,float_kf,doppler_velocity,tow=179478.200,0,1.0,3,
91,ddpr_guard,doppler_velocity,tow=179478.200,0,1.0,3,
91,basin_pf,doppler_velocity,tow=179478.200,0,1.0,3,-2.4146595938120203
91,integrity_lineage,tdcp_displacement,tow=179478.000->179478.200,0,1.0,21,
92,float_kf,doppler_velocity,tow=179478.400,0,1.0,3,
92,ddpr_guard,doppler_velocity,tow=179478.400,0,1.0,3,
92,basin_pf,doppler_velocity,tow=179478.400,0,1.0,3,-2.387842993834343
92,integrity_lineage,tdcp_displacement,tow=179478.200->179478.400,0,1.0,21,
93,float_kf,doppler_velocity,tow=179478.600,0,1.0,3,
93,ddpr_guard,doppler_velocity,tow=179478.600,0,1.0,3,
93,basin_pf,doppler_velocity,tow=179478.600,0,1.0,3,-2.3880157681230045
93,integrity_lineage,tdcp_displacement,tow=179478.400->179478.600,0,1.0,21,
94,float_kf,doppler_velocity,tow=179478.800,0,1.0,3,
94,ddpr_guard,doppler_velocity,tow=179478.800,0,1.0,3,
94,basin_pf,doppler_velocity,tow=179478.800,0,1.0,3,-2.3849552325253933
94,integrity_lineage,tdcp_displacement,tow=179478.600->179478.800,0,1.0,21,
95,float_kf,doppler_velocity,tow=179479.000,0,1.0,3,
95,ddpr_guard,doppler_velocity,tow=179479.000,0,1.0,3,
95,basin_pf,doppler_velocity,tow=179479.000,0,1.0,3,-2.3844383805173113
95,float_kf,dd_pseudorange,tow=179479.000,0,1.0,26,
95,ddpr_guard,dd_pseudorange,tow=179479.000,0,1.0,26,
95,float_kf,dd_carrier,tow=179479.000,0,1.0,26,
95,basin_pf,dd_pseudorange,tow=179479.000,0,1.0,26,-72.31152368338498
95,basin_pf,dd_carrier,tow=179479.000,0,1.0,26,12.881315433037546
95,integrity_lineage,multipivot_dd_pseudorange,tow=179479.000,0,1.0,26,-0.31717803862163324
95,integrity_lineage,tdcp_displacement,tow=179478.800->179479.000,0,1.0,21,
96,float_kf,doppler_velocity,tow=179479.200,0,1.0,3,
96,ddpr_guard,doppler_velocity,tow=179479.200,0,1.0,3,
96,basin_pf,doppler_velocity,tow=179479.200,0,1.0,3,-2.3602835349510687
96,integrity_lineage,tdcp_displacement,tow=179479.000->179479.200,0,1.0,21,
97,float_kf,doppler_velocity,tow=179479.400,0,1.0,3,
97,ddpr_guard,doppler_velocity,tow=179479.400,0,1.0,3,
97,basin_pf,doppler_velocity,tow=179479.400,0,1.0,3,-2.3856892804255203
97,integrity_lineage,tdcp_displacement,tow=179479.200->179479.400,0,1.0,21,
98,float_kf,doppler_velocity,tow=179479.600,0,1.0,3,
98,ddpr_guard,doppler_velocity,tow=179479.600,0,1.0,3,
98,basin_pf,doppler_velocity,tow=179479.600,0,1.0,3,-2.38543609623537
98,integrity_lineage,tdcp_displacement,tow=179479.400->179479.600,0,1.0,21,
99,float_kf,doppler_velocity,tow=179479.800,0,1.0,3,
99,ddpr_guard,doppler_velocity,tow=179479.800,0,1.0,3,
99,basin_pf,doppler_velocity,tow=179479.800,0,1.0,3,-2.3845784659355056
99,integrity_lineage,tdcp_displacement,tow=179479.600->179479.800,0,1.0,21,
100,float_kf,doppler_velocity,tow=179480.000,0,1.0,3,
100,ddpr_guard,doppler_velocity,tow=179480.000,0,1.0,3,
100,basin_pf,doppler_velocity,tow=179480.000,0,1.0,3,-2.384414787758259
100,float_kf,dd_pseudorange,tow=179480.000,0,1.0,26,
100,ddpr_guard,dd_pseudorange,tow=179480.000,0,1.0,26,
100,float_kf,dd_carrier,tow=179480.000,0,1.0,26,
100,basin_pf,dd_pseudorange,tow=179480.000,0,1.0,26,-72.2753216122066
100,basin_pf,dd_carrier,tow=179480.000,0,1.0,26,13.425073511460583
100,integrity_lineage,multipivot_dd_pseudorange,tow=179480.000,0,1.0,26,-0.3286187083936832
100,integrity_lineage,tdcp_displacement,tow=179479.800->179480.000,0,1.0,21,
101,float_kf,doppler_velocity,tow=179480.200,0,1.0,3,
101,ddpr_guard,doppler_velocity,tow=179480.200,0,1.0,3,
101,basin_pf,doppler_velocity,tow=179480.200,0,1.0,3,-2.3555147004119186
101,integrity_lineage,tdcp_displacement,tow=179480.000->179480.200,0,1.0,21,
102,float_kf,doppler_velocity,tow=179480.400,0,1.0,3,
102,ddpr_guard,doppler_velocity,tow=179480.400,0,1.0,3,
102,basin_pf,doppler_velocity,tow=179480.400,0,1.0,3,-2.381037256694114
102,integrity_lineage,tdcp_displacement,tow=179480.200->179480.400,0,1.0,21,
103,float_kf,doppler_velocity,tow=179480.600,0,1.0,3,
103,ddpr_guard,doppler_velocity,tow=179480.600,0,1.0,3,
103,basin_pf,doppler_velocity,tow=179480.600,0,1.0,3,-2.386891958844261
103,integrity_lineage,tdcp_displacement,tow=179480.400->179480.600,0,1.0,21,
104,float_kf,doppler_velocity,tow=179480.800,0,1.0,3,
104,ddpr_guard,doppler_velocity,tow=179480.800,0,1.0,3,
104,basin_pf,doppler_velocity,tow=179480.800,0,1.0,3,-2.386997032020375
104,integrity_lineage,tdcp_displacement,tow=179480.600->179480.800,0,1.0,21,
105,float_kf,doppler_velocity,tow=179481.000,0,1.0,3,
105,ddpr_guard,doppler_velocity,tow=179481.000,0,1.0,3,
105,basin_pf,doppler_velocity,tow=179481.000,0,1.0,3,-2.384528862947292
105,float_kf,dd_pseudorange,tow=179481.000,0,1.0,26,
105,ddpr_guard,dd_pseudorange,tow=179481.000,0,1.0,26,
105,float_kf,dd_carrier,tow=179481.000,0,1.0,26,
105,basin_pf,dd_pseudorange,tow=179481.000,0,1.0,26,-72.20312565123261
105,basin_pf,dd_carrier,tow=179481.000,0,1.0,26,13.598638672148049
105,integrity_lineage,multipivot_dd_pseudorange,tow=179481.000,0,1.0,26,-0.25454671442487664
105,integrity_lineage,tdcp_displacement,tow=179480.800->179481.000,0,1.0,21,
106,float_kf,doppler_velocity,tow=179481.200,0,1.0,3,
106,ddpr_guard,doppler_velocity,tow=179481.200,0,1.0,3,
106,basin_pf,doppler_velocity,tow=179481.200,0,1.0,3,-2.361673866480606
106,integrity_lineage,tdcp_displacement,tow=179481.000->179481.200,0,1.0,21,
107,float_kf,doppler_velocity,tow=179481.400,0,1.0,3,
107,ddpr_guard,doppler_velocity,tow=179481.400,0,1.0,3,
107,basin_pf,doppler_velocity,tow=179481.400,0,1.0,3,-2.3819575600770024
107,integrity_lineage,tdcp_displacement,tow=179481.200->179481.400,0,1.0,21,
108,float_kf,doppler_velocity,tow=179481.600,0,1.0,3,
108,ddpr_guard,doppler_velocity,tow=179481.600,0,1.0,3,
108,basin_pf,doppler_velocity,tow=179481.600,0,1.0,3,-2.3849196655522027
108,integrity_lineage,tdcp_displacement,tow=179481.400->179481.600,0,1.0,21,
109,float_kf,doppler_velocity,tow=179481.800,0,1.0,3,
109,ddpr_guard,doppler_velocity,tow=179481.800,0,1.0,3,
109,basin_pf,doppler_velocity,tow=179481.800,0,1.0,3,-2.384926788195915
109,integrity_lineage,tdcp_displacement,tow=179481.600->179481.800,0,1.0,21,
110,float_kf,doppler_velocity,tow=179482.000,0,1.0,3,
110,ddpr_guard,doppler_velocity,tow=179482.000,0,1.0,3,
110,basin_pf,doppler_velocity,tow=179482.000,0,1.0,3,-2.3845496324041227
110,float_kf,dd_pseudorange,tow=179482.000,0,1.0,26,
110,ddpr_guard,dd_pseudorange,tow=179482.000,0,1.0,26,
110,float_kf,dd_carrier,tow=179482.000,0,1.0,26,
110,basin_pf,dd_pseudorange,tow=179482.000,0,1.0,26,-72.21603625341524
110,basin_pf,dd_carrier,tow=179482.000,0,1.0,26,13.5906408604301
110,integrity_lineage,multipivot_dd_pseudorange,tow=179482.000,0,1.0,26,-0.2561897082966106
110,integrity_lineage,tdcp_displacement,tow=179481.800->179482.000,0,1.0,21,
111,float_kf,doppler_velocity,tow=179482.200,0,1.0,3,
111,ddpr_guard,doppler_velocity,tow=179482.200,0,1.0,3,
111,basin_pf,doppler_velocity,tow=179482.200,0,1.0,3,-2.3525510643447216
111,integrity_lineage,tdcp_displacement,tow=179482.000->179482.200,0,1.0,21,
112,float_kf,doppler_velocity,tow=179482.400,0,1.0,3,
112,ddpr_guard,doppler_velocity,tow=179482.400,0,1.0,3,
112,basin_pf,doppler_velocity,tow=179482.400,0,1.0,3,-2.3813838932250744
112,integrity_lineage,tdcp_displacement,tow=179482.200->179482.400,0,1.0,21,
113,float_kf,doppler_velocity,tow=179482.600,0,1.0,3,
113,ddpr_guard,doppler_velocity,tow=179482.600,0,1.0,3,
113,basin_pf,doppler_velocity,tow=179482.600,0,1.0,3,-2.38361154428602
113,integrity_lineage,tdcp_displacement,tow=179482.400->179482.600,0,1.0,21,
114,float_kf,doppler_velocity,tow=179482.800,0,1.0,3,
114,ddpr_guard,doppler_velocity,tow=179482.800,0,1.0,3,
114,basin_pf,doppler_velocity,tow=179482.800,0,1.0,3,-2.3838700464249043
114,integrity_lineage,tdcp_displacement,tow=179482.600->179482.800,0,1.0,21,
115,float_kf,doppler_velocity,tow=179483.000,0,1.0,3,
115,ddpr_guard,doppler_velocity,tow=179483.000,0,1.0,3,
115,basin_pf,doppler_velocity,tow=179483.000,0,1.0,3,-2.384179101490741
115,float_kf,dd_pseudorange,tow=179483.000,0,1.0,26,
115,ddpr_guard,dd_pseudorange,tow=179483.000,0,1.0,26,
115,float_kf,dd_carrier,tow=179483.000,0,1.0,26,
115,basin_pf,dd_pseudorange,tow=179483.000,0,1.0,26,-72.24565372872324
115,basin_pf,dd_carrier,tow=179483.000,0,1.0,26,13.504230874078237
115,integrity_lineage,multipivot_dd_pseudorange,tow=179483.000,0,1.0,26,-0.2688160073367987
115,integrity_lineage,tdcp_displacement,tow=179482.800->179483.000,0,1.0,21,
116,float_kf,doppler_velocity,tow=179483.200,0,1.0,3,
116,ddpr_guard,doppler_velocity,tow=179483.200,0,1.0,3,
116,basin_pf,doppler_velocity,tow=179483.200,0,1.0,3,-2.3522682173964675
116,integrity_lineage,tdcp_displacement,tow=179483.000->179483.200,0,1.0,21,
117,float_kf,doppler_velocity,tow=179483.400,0,1.0,3,
117,ddpr_guard,doppler_velocity,tow=179483.400,0,1.0,3,
117,basin_pf,doppler_velocity,tow=179483.400,0,1.0,3,-2.380301004869433
117,integrity_lineage,tdcp_displacement,tow=179483.200->179483.400,0,1.0,21,
118,float_kf,doppler_velocity,tow=179483.600,0,1.0,3,
118,ddpr_guard,doppler_velocity,tow=179483.600,0,1.0,3,
118,basin_pf,doppler_velocity,tow=179483.600,0,1.0,3,-2.3835549717810407
118,integrity_lineage,tdcp_displacement,tow=179483.400->179483.600,0,1.0,21,
119,float_kf,doppler_velocity,tow=179483.800,0,1.0,3,
119,ddpr_guard,doppler_velocity,tow=179483.800,0,1.0,3,
119,basin_pf,doppler_velocity,tow=179483.800,0,1.0,3,-2.384208500369481
119,integrity_lineage,tdcp_displacement,tow=179483.600->179483.800,0,1.0,21,
120,float_kf,doppler_velocity,tow=179484.000,0,1.0,3,
120,ddpr_guard,doppler_velocity,tow=179484.000,0,1.0,3,
120,basin_pf,doppler_velocity,tow=179484.000,0,1.0,3,-2.3848477252236484
120,float_kf,dd_pseudorange,tow=179484.000,0,1.0,26,
120,ddpr_guard,dd_pseudorange,tow=179484.000,0,1.0,26,
120,float_kf,dd_carrier,tow=179484.000,0,1.0,26,
120,basin_pf,dd_pseudorange,tow=179484.000,0,1.0,26,-72.23371417823311
120,basin_pf,dd_carrier,tow=179484.000,0,1.0,26,13.511217747460428
120,integrity_lineage,multipivot_dd_pseudorange,tow=179484.000,0,1.0,26,-0.23035412512306902
120,integrity_lineage,tdcp_displacement,tow=179483.800->179484.000,0,1.0,21,
121,float_kf,doppler_velocity,tow=179484.200,0,1.0,3,
121,ddpr_guard,doppler_velocity,tow=179484.200,0,1.0,3,
121,basin_pf,doppler_velocity,tow=179484.200,0,1.0,3,-2.351921227001537
121,integrity_lineage,tdcp_displacement,tow=179484.000->179484.200,0,1.0,21,
122,float_kf,doppler_velocity,tow=179484.400,0,1.0,3,
122,ddpr_guard,doppler_velocity,tow=179484.400,0,1.0,3,
122,basin_pf,doppler_velocity,tow=179484.400,0,1.0,3,-2.381004026729128
122,integrity_lineage,tdcp_displacement,tow=179484.200->179484.400,0,1.0,21,
123,float_kf,doppler_velocity,tow=179484.600,0,1.0,3,
123,ddpr_guard,doppler_velocity,tow=179484.600,0,1.0,3,
123,basin_pf,doppler_velocity,tow=179484.600,0,1.0,3,-2.3841494749664927
123,integrity_lineage,tdcp_displacement,tow=179484.400->179484.600,0,1.0,21,
124,float_kf,doppler_velocity,tow=179484.800,0,1.0,3,
124,ddpr_guard,doppler_velocity,tow=179484.800,0,1.0,3,
124,basin_pf,doppler_velocity,tow=179484.800,0,1.0,3,-2.3894631043305186
124,integrity_lineage,tdcp_displacement,tow=179484.600->179484.800,0,1.0,21,
125,float_kf,doppler_velocity,tow=179485.000,0,1.0,3,
125,ddpr_guard,doppler_velocity,tow=179485.000,0,1.0,3,
125,basin_pf,doppler_velocity,tow=179485.000,0,1.0,3,-2.389588943908649
125,float_kf,dd_pseudorange,tow=179485.000,0,1.0,26,
125,ddpr_guard,dd_pseudorange,tow=179485.000,0,1.0,26,
125,float_kf,dd_carrier,tow=179485.000,0,1.0,26,
125,basin_pf,dd_pseudorange,tow=179485.000,0,1.0,26,-72.26914494713924
125,basin_pf,dd_carrier,tow=179485.000,0,1.0,26,13.455877890750227
125,integrity_lineage,multipivot_dd_pseudorange,tow=179485.000,0,1.0,26,-0.2536478044119909
125,integrity_lineage,tdcp_displacement,tow=179484.800->179485.000,0,1.0,21,
126,float_kf,doppler_velocity,tow=179485.200,0,1.0,3,
126,ddpr_guard,doppler_velocity,tow=179485.200,0,1.0,3,
126,basin_pf,doppler_velocity,tow=179485.200,0,1.0,3,-2.3540307543066925
126,integrity_lineage,tdcp_displacement,tow=179485.000->179485.200,0,1.0,21,
127,float_kf,doppler_velocity,tow=179485.400,0,1.0,3,
127,ddpr_guard,doppler_velocity,tow=179485.400,0,1.0,3,
127,basin_pf,doppler_velocity,tow=179485.400,0,1.0,3,-2.380640672484525
127,integrity_lineage,tdcp_displacement,tow=179485.200->179485.400,0,1.0,21,
128,float_kf,doppler_velocity,tow=179485.600,0,1.0,3,
128,ddpr_guard,doppler_velocity,tow=179485.600,0,1.0,3,
128,basin_pf,doppler_velocity,tow=179485.600,0,1.0,3,-2.3837326233330622
128,integrity_lineage,tdcp_displacement,tow=179485.400->179485.600,0,1.0,21,
129,float_kf,doppler_velocity,tow=179485.800,0,1.0,3,
129,ddpr_guard,doppler_velocity,tow=179485.800,0,1.0,3,
129,basin_pf,doppler_velocity,tow=179485.800,0,1.0,3,-2.3868413206076395
129,integrity_lineage,tdcp_displacement,tow=179485.600->179485.800,0,1.0,21,
130,float_kf,doppler_velocity,tow=179486.000,0,1.0,3,
130,ddpr_guard,doppler_velocity,tow=179486.000,0,1.0,3,
130,basin_pf,doppler_velocity,tow=179486.000,0,1.0,3,-2.384901172856717
130,float_kf,dd_pseudorange,tow=179486.000,0,1.0,26,
130,ddpr_guard,dd_pseudorange,tow=179486.000,0,1.0,26,
130,float_kf,dd_carrier,tow=179486.000,0,1.0,26,
130,basin_pf,dd_pseudorange,tow=179486.000,0,1.0,26,-72.25914947548432
130,basin_pf,dd_carrier,tow=179486.000,0,1.0,26,13.314473054731783
130,integrity_lineage,multipivot_dd_pseudorange,tow=179486.000,0,1.0,26,-0.24534617212228008
130,integrity_lineage,tdcp_displacement,tow=179485.800->179486.000,0,1.0,21,
131,float_kf,doppler_velocity,tow=179486.200,0,1.0,3,
131,ddpr_guard,doppler_velocity,tow=179486.200,0,1.0,3,
131,basin_pf,doppler_velocity,tow=179486.200,0,1.0,3,-2.3520377037879276
131,integrity_lineage,tdcp_displacement,tow=179486.000->179486.200,0,1.0,21,
132,float_kf,doppler_velocity,tow=179486.400,0,1.0,3,
132,ddpr_guard,doppler_velocity,tow=179486.400,0,1.0,3,
132,basin_pf,doppler_velocity,tow=179486.400,0,1.0,3,-2.3801935959964475
132,integrity_lineage,tdcp_displacement,tow=179486.200->179486.400,0,1.0,21,
133,float_kf,doppler_velocity,tow=179486.600,0,1.0,3,
133,ddpr_guard,doppler_velocity,tow=179486.600,0,1.0,3,
133,basin_pf,doppler_velocity,tow=179486.600,0,1.0,3,-2.3842818616865733
133,integrity_lineage,tdcp_displacement,tow=179486.400->179486.600,0,1.0,21,
134,float_kf,doppler_velocity,tow=179486.800,0,1.0,3,
134,ddpr_guard,doppler_velocity,tow=179486.800,0,1.0,3,
134,basin_pf,doppler_velocity,tow=179486.800,0,1.0,3,-2.38492817382569
134,integrity_lineage,tdcp_displacement,tow=179486.600->179486.800,0,1.0,21,
135,float_kf,doppler_velocity,tow=179487.000,0,1.0,3,
135,ddpr_guard,doppler_velocity,tow=179487.000,0,1.0,3,
135,basin_pf,doppler_velocity,tow=179487.000,0,1.0,3,-2.384382942244571
135,float_kf,dd_pseudorange,tow=179487.000,0,1.0,26,
135,ddpr_guard,dd_pseudorange,tow=179487.000,0,1.0,26,
135,float_kf,dd_carrier,tow=179487.000,0,1.0,26,
135,basin_pf,dd_pseudorange,tow=179487.000,0,1.0,26,-72.26875568351774
135,basin_pf,dd_carrier,tow=179487.000,0,1.0,26,13.321604789763565
135,integrity_lineage,multipivot_dd_pseudorange,tow=179487.000,0,1.0,26,-0.26124334763311224
135,integrity_lineage,tdcp_displacement,tow=179486.800->179487.000,0,1.0,21,
136,float_kf,doppler_velocity,tow=179487.200,0,1.0,3,
136,ddpr_guard,doppler_velocity,tow=179487.200,0,1.0,3,
136,basin_pf,doppler_velocity,tow=179487.200,0,1.0,3,-2.3515191332535132
136,integrity_lineage,tdcp_displacement,tow=179487.000->179487.200,0,1.0,21,
137,float_kf,doppler_velocity,tow=179487.400,0,1.0,3,
137,ddpr_guard,doppler_velocity,tow=179487.400,0,1.0,3,
137,basin_pf,doppler_velocity,tow=179487.400,0,1.0,3,-2.380000508063407
137,integrity_lineage,tdcp_displacement,tow=179487.200->179487.400,0,1.0,21,
138,float_kf,doppler_velocity,tow=179487.600,0,1.0,3,
138,ddpr_guard,doppler_velocity,tow=179487.600,0,1.0,3,
138,basin_pf,doppler_velocity,tow=179487.600,0,1.0,3,-2.3835887144792065
138,integrity_lineage,tdcp_displacement,tow=179487.400->179487.600,0,1.0,21,
139,float_kf,doppler_velocity,tow=179487.800,0,1.0,3,
139,ddpr_guard,doppler_velocity,tow=179487.800,0,1.0,3,
139,basin_pf,doppler_velocity,tow=179487.800,0,1.0,3,-2.384147964552674
139,integrity_lineage,tdcp_displacement,tow=179487.600->179487.800,0,1.0,21,
140,float_kf,doppler_velocity,tow=179488.000,0,1.0,3,
140,ddpr_guard,doppler_velocity,tow=179488.000,0,1.0,3,
140,basin_pf,doppler_velocity,tow=179488.000,0,1.0,3,-2.3869088242249066
140,float_kf,dd_pseudorange,tow=179488.000,0,1.0,26,
140,ddpr_guard,dd_pseudorange,tow=179488.000,0,1.0,26,
140,float_kf,dd_carrier,tow=179488.000,0,1.0,26,
140,basin_pf,dd_pseudorange,tow=179488.000,0,1.0,26,-72.22942755858908
140,basin_pf,dd_carrier,tow=179488.000,0,1.0,26,13.270728363115934
140,integrity_lineage,multipivot_dd_pseudorange,tow=179488.000,0,1.0,26,-0.2572601878426772
140,integrity_lineage,tdcp_displacement,tow=179487.800->179488.000,0,1.0,21,
141,float_kf,doppler_velocity,tow=179488.200,0,1.0,3,
141,ddpr_guard,doppler_velocity,tow=179488.200,0,1.0,3,
141,basin_pf,doppler_velocity,tow=179488.200,0,1.0,3,-2.3603505915240532
141,integrity_lineage,tdcp_displacement,tow=179488.000->179488.200,0,1.0,21,
142,float_kf,doppler_velocity,tow=179488.400,0,1.0,3,
142,ddpr_guard,doppler_velocity,tow=179488.400,0,1.0,3,
142,basin_pf,doppler_velocity,tow=179488.400,0,1.0,3,-2.3879043672464233
142,integrity_lineage,tdcp_displacement,tow=179488.200->179488.400,0,1.0,21,
143,float_kf,doppler_velocity,tow=179488.600,0,1.0,3,
143,ddpr_guard,doppler_velocity,tow=179488.600,0,1.0,3,
143,basin_pf,doppler_velocity,tow=179488.600,0,1.0,3,-2.384942729653132
143,integrity_lineage,tdcp_displacement,tow=179488.400->179488.600,0,1.0,21,
144,float_kf,doppler_velocity,tow=179488.800,0,1.0,3,
144,ddpr_guard,doppler_velocity,tow=179488.800,0,1.0,3,
144,basin_pf,doppler_velocity,tow=179488.800,0,1.0,3,-2.384084603563725
144,integrity_lineage,tdcp_displacement,tow=179488.600->179488.800,0,1.0,21,
145,float_kf,doppler_velocity,tow=179489.000,0,1.0,3,
145,ddpr_guard,doppler_velocity,tow=179489.000,0,1.0,3,
145,basin_pf,doppler_velocity,tow=179489.000,0,1.0,3,-2.386462031042295
145,float_kf,dd_pseudorange,tow=179489.000,0,1.0,26,
145,ddpr_guard,dd_pseudorange,tow=179489.000,0,1.0,26,
145,float_kf,dd_carrier,tow=179489.000,0,1.0,26,
145,basin_pf,dd_pseudorange,tow=179489.000,0,1.0,26,-72.25589973378321
145,basin_pf,dd_carrier,tow=179489.000,0,1.0,26,13.157962163566014
145,integrity_lineage,multipivot_dd_pseudorange,tow=179489.000,0,1.0,26,-0.24826826352343848
145,integrity_lineage,tdcp_displacement,tow=179488.800->179489.000,0,1.0,21,
146,float_kf,doppler_velocity,tow=179489.200,0,1.0,3,
146,ddpr_guard,doppler_velocity,tow=179489.200,0,1.0,3,
146,basin_pf,doppler_velocity,tow=179489.200,0,1.0,3,-2.351464146290202
146,integrity_lineage,tdcp_displacement,tow=179489.000->179489.200,0,1.0,21,
147,float_kf,doppler_velocity,tow=179489.400,0,1.0,3,
147,ddpr_guard,doppler_velocity,tow=179489.400,0,1.0,3,
147,basin_pf,doppler_velocity,tow=179489.400,0,1.0,3,-2.381642598218654
147,integrity_lineage,tdcp_displacement,tow=179489.200->179489.400,0,1.0,21,
148,float_kf,doppler_velocity,tow=179489.600,0,1.0,3,
148,ddpr_guard,doppler_velocity,tow=179489.600,0,1.0,3,
148,basin_pf,doppler_velocity,tow=179489.600,0,1.0,3,-2.3866778319221225
148,integrity_lineage,tdcp_displacement,tow=179489.400->179489.600,0,1.0,21,
149,float_kf,doppler_velocity,tow=179489.800,0,1.0,3,
149,ddpr_guard,doppler_velocity,tow=179489.800,0,1.0,3,
149,basin_pf,doppler_velocity,tow=179489.800,0,1.0,3,-2.384108526088159
149,integrity_lineage,tdcp_displacement,tow=179489.600->179489.800,0,1.0,21,
150,float_kf,doppler_velocity,tow=179490.000,0,1.0,3,
150,ddpr_guard,doppler_velocity,tow=179490.000,0,1.0,3,
150,basin_pf,doppler_velocity,tow=179490.000,0,1.0,3,-2.385438101068187
150,float_kf,dd_pseudorange,tow=179490.000,0,1.0,26,
150,ddpr_guard,dd_pseudorange,tow=179490.000,0,1.0,26,
150,float_kf,dd_carrier,tow=179490.000,0,1.0,26,
150,basin_pf,dd_pseudorange,tow=179490.000,0,1.0,26,-72.24990936947272
150,basin_pf,dd_carrier,tow=179490.000,0,1.0,26,12.949579962072283
150,integrity_lineage,multipivot_dd_pseudorange,tow=179490.000,0,1.0,26,-0.2529097892995868
150,integrity_lineage,tdcp_displacement,tow=179489.800->179490.000,0,1.0,21,
151,float_kf,doppler_velocity,tow=179490.200,0,1.0,3,
151,ddpr_guard,doppler_velocity,tow=179490.200,0,1.0,3,
151,basin_pf,doppler_velocity,tow=179490.200,0,1.0,3,-2.352248710934573
151,integrity_lineage,tdcp_displacement,tow=179490.000->179490.200,0,1.0,21,
152,float_kf,doppler_velocity,tow=179490.400,0,1.0,3,
152,ddpr_guard,doppler_velocity,tow=179490.400,0,1.0,3,
152,basin_pf,doppler_velocity,tow=179490.400,0,1.0,3,-2.3815935275358093
152,integrity_lineage,tdcp_displacement,tow=179490.200->179490.400,0,1.0,21,
153,float_kf,doppler_velocity,tow=179490.600,0,1.0,3,
153,ddpr_guard,doppler_velocity,tow=179490.600,0,1.0,3,
153,basin_pf,doppler_velocity,tow=179490.600,0,1.0,3,-2.3838555409922746
153,integrity_lineage,tdcp_displacement,tow=179490.400->179490.600,0,1.0,21,
154,float_kf,doppler_velocity,tow=179490.800,0,1.0,3,
154,ddpr_guard,doppler_velocity,tow=179490.800,0,1.0,3,
154,basin_pf,doppler_velocity,tow=179490.800,0,1.0,3,-2.384196844792543
154,integrity_lineage,tdcp_displacement,tow=179490.600->179490.800,0,1.0,21,
155,float_kf,doppler_velocity,tow=179491.000,0,1.0,3,
155,ddpr_guard,doppler_velocity,tow=179491.000,0,1.0,3,
155,basin_pf,doppler_velocity,tow=179491.000,0,1.0,3,-2.3892712264724545
155,float_kf,dd_pseudorange,tow=179491.000,0,1.0,26,
155,ddpr_guard,dd_pseudorange,tow=179491.000,0,1.0,26,
155,float_kf,dd_carrier,tow=179491.000,0,1.0,26,
155,basin_pf,dd_pseudorange,tow=179491.000,0,1.0,26,-72.27862813815364
155,basin_pf,dd_carrier,tow=179491.000,0,1.0,26,12.85960856186439
155,integrity_lineage,multipivot_dd_pseudorange,tow=179491.000,0,1.0,26,-0.25509591445564306
155,integrity_lineage,tdcp_displacement,tow=179490.800->179491.000,0,1.0,21,
156,float_kf,doppler_velocity,tow=179491.200,0,1.0,3,
156,ddpr_guard,doppler_velocity,tow=179491.200,0,1.0,3,
156,basin_pf,doppler_velocity,tow=179491.200,0,1.0,3,-2.3523776895578274
156,integrity_lineage,tdcp_displacement,tow=179491.000->179491.200,0,1.0,21,
157,float_kf,doppler_velocity,tow=179491.400,0,1.0,3,
157,ddpr_guard,doppler_velocity,tow=179491.400,0,1.0,3,
157,basin_pf,doppler_velocity,tow=179491.400,0,1.0,3,-2.381125105280011
157,integrity_lineage,tdcp_displacement,tow=179491.200->179491.400,0,1.0,21,
158,float_kf,doppler_velocity,tow=179491.600,0,1.0,3,
158,ddpr_guard,doppler_velocity,tow=179491.600,0,1.0,3,
158,basin_pf,doppler_velocity,tow=179491.600,0,1.0,3,-2.383540822706185
158,integrity_lineage,tdcp_displacement,tow=179491.400->179491.600,0,1.0,21,
159,float_kf,doppler_velocity,tow=179491.800,0,1.0,3,
159,ddpr_guard,doppler_velocity,tow=179491.800,0,1.0,3,
159,basin_pf,doppler_velocity,tow=179491.800,0,1.0,3,-2.384781469690559
159,integrity_lineage,tdcp_displacement,tow=179491.600->179491.800,0,1.0,21,
160,float_kf,doppler_velocity,tow=179492.000,0,1.0,3,
160,ddpr_guard,doppler_velocity,tow=179492.000,0,1.0,3,
160,basin_pf,doppler_velocity,tow=179492.000,0,1.0,3,-2.384259252843639
160,float_kf,dd_pseudorange,tow=179492.000,0,1.0,26,
160,ddpr_guard,dd_pseudorange,tow=179492.000,0,1.0,26,
160,float_kf,dd_carrier,tow=179492.000,0,1.0,26,
160,basin_pf,dd_pseudorange,tow=179492.000,0,1.0,26,-72.22808638942729
160,basin_pf,dd_carrier,tow=179492.000,0,1.0,26,12.774822338138684
160,integrity_lineage,multipivot_dd_pseudorange,tow=179492.000,0,1.0,26,-0.2461254523195522
160,integrity_lineage,tdcp_displacement,tow=179491.800->179492.000,0,1.0,21,
161,float_kf,doppler_velocity,tow=179492.200,0,1.0,3,
161,ddpr_guard,doppler_velocity,tow=179492.200,0,1.0,3,
161,basin_pf,doppler_velocity,tow=179492.200,0,1.0,3,-2.3510981605120147
161,integrity_lineage,tdcp_displacement,tow=179492.000->179492.200,0,1.0,21,
162,float_kf,doppler_velocity,tow=179492.400,0,1.0,3,
162,ddpr_guard,doppler_velocity,tow=179492.400,0,1.0,3,
162,basin_pf,doppler_velocity,tow=179492.400,0,1.0,3,-2.3810887001323913
162,integrity_lineage,tdcp_displacement,tow=179492.200->179492.400,0,1.0,21,
163,float_kf,doppler_velocity,tow=179492.600,0,1.0,3,
163,ddpr_guard,doppler_velocity,tow=179492.600,0,1.0,3,
163,basin_pf,doppler_velocity,tow=179492.600,0,1.0,3,-2.3836132871746836
163,integrity_lineage,tdcp_displacement,tow=179492.400->179492.600,0,1.0,21,
164,float_kf,doppler_velocity,tow=179492.800,0,1.0,3,
164,ddpr_guard,doppler_velocity,tow=179492.800,0,1.0,3,
164,basin_pf,doppler_velocity,tow=179492.800,0,1.0,3,-2.3877237901701447
164,integrity_lineage,tdcp_displacement,tow=179492.600->179492.800,0,1.0,21,
165,float_kf,doppler_velocity,tow=179493.000,0,1.0,3,
165,ddpr_guard,doppler_velocity,tow=179493.000,0,1.0,3,
165,basin_pf,doppler_velocity,tow=179493.000,0,1.0,3,-2.3891727098193867
165,float_kf,dd_pseudorange,tow=179493.000,0,1.0,26,
165,ddpr_guard,dd_pseudorange,tow=179493.000,0,1.0,26,
165,float_kf,dd_carrier,tow=179493.000,0,1.0,26,
165,basin_pf,dd_pseudorange,tow=179493.000,0,1.0,26,-72.227672589415
165,basin_pf,dd_carrier,tow=179493.000,0,1.0,26,12.817821495038187
165,integrity_lineage,multipivot_dd_pseudorange,tow=179493.000,0,1.0,26,-0.2721321015135356
165,integrity_lineage,tdcp_displacement,tow=179492.800->179493.000,0,1.0,21,
166,float_kf,doppler_velocity,tow=179493.200,0,1.0,3,
166,ddpr_guard,doppler_velocity,tow=179493.200,0,1.0,3,
166,basin_pf,doppler_velocity,tow=179493.200,0,1.0,3,-2.3510483567589504
166,integrity_lineage,tdcp_displacement,tow=179493.000->179493.200,0,1.0,21,
167,float_kf,doppler_velocity,tow=179493.400,0,1.0,3,
167,ddpr_guard,doppler_velocity,tow=179493.400,0,1.0,3,
167,basin_pf,doppler_velocity,tow=179493.400,0,1.0,3,-2.3850077200023034
167,integrity_lineage,tdcp_displacement,tow=179493.200->179493.400,0,1.0,21,
168,float_kf,doppler_velocity,tow=179493.600,0,1.0,3,
168,ddpr_guard,doppler_velocity,tow=179493.600,0,1.0,3,
168,basin_pf,doppler_velocity,tow=179493.600,0,1.0,3,-2.3866490192599694
168,integrity_lineage,tdcp_displacement,tow=179493.400->179493.600,0,1.0,21,
169,float_kf,doppler_velocity,tow=179493.800,0,1.0,3,
169,ddpr_guard,doppler_velocity,tow=179493.800,0,1.0,3,
169,basin_pf,doppler_velocity,tow=179493.800,0,1.0,3,-2.391541302846357
169,integrity_lineage,tdcp_displacement,tow=179493.600->179493.800,0,1.0,21,
170,float_kf,doppler_velocity,tow=179494.000,0,1.0,3,
170,ddpr_guard,doppler_velocity,tow=179494.000,0,1.0,3,
170,basin_pf,doppler_velocity,tow=179494.000,0,1.0,3,-2.3866878232129776
170,float_kf,dd_pseudorange,tow=179494.000,0,1.0,26,
170,ddpr_guard,dd_pseudorange,tow=179494.000,0,1.0,26,
170,float_kf,dd_carrier,tow=179494.000,0,1.0,26,
170,basin_pf,dd_pseudorange,tow=179494.000,0,1.0,26,-72.17739481041225
170,basin_pf,dd_carrier,tow=179494.000,0,1.0,26,12.685373511362771
170,integrity_lineage,multipivot_dd_pseudorange,tow=179494.000,0,1.0,26,-0.23058018881938894
170,integrity_lineage,tdcp_displacement,tow=179493.800->179494.000,0,1.0,21,
171,float_kf,doppler_velocity,tow=179494.200,0,1.0,3,
171,ddpr_guard,doppler_velocity,tow=179494.200,0,1.0,3,
171,basin_pf,doppler_velocity,tow=179494.200,0,1.0,3,-2.386155700439332
171,integrity_lineage,tdcp_displacement,tow=179494.000->179494.200,0,1.0,21,
172,float_kf,doppler_velocity,tow=179494.400,0,1.0,3,
172,ddpr_guard,doppler_velocity,tow=179494.400,0,1.0,3,
172,basin_pf,doppler_velocity,tow=179494.400,0,1.0,3,-2.3868988586326285
172,integrity_lineage,tdcp_displacement,tow=179494.200->179494.400,0,1.0,21,
173,float_kf,doppler_velocity,tow=179494.600,0,1.0,3,
173,ddpr_guard,doppler_velocity,tow=179494.600,0,1.0,3,
173,basin_pf,doppler_velocity,tow=179494.600,0,1.0,3,-2.3911646681240857
173,integrity_lineage,tdcp_displacement,tow=179494.400->179494.600,0,1.0,21,
174,float_kf,doppler_velocity,tow=179494.800,0,1.0,3,
174,ddpr_guard,doppler_velocity,tow=179494.800,0,1.0,3,
174,basin_pf,doppler_velocity,tow=179494.800,0,1.0,3,-2.3958564799992277
174,integrity_lineage,tdcp_displacement,tow=179494.600->179494.800,0,1.0,21,
175,float_kf,doppler_velocity,tow=179495.000,0,1.0,3,
175,ddpr_guard,doppler_velocity,tow=179495.000,0,1.0,3,
175,basin_pf,doppler_velocity,tow=179495.000,0,1.0,3,-2.3855863586120405
175,float_kf,dd_pseudorange,tow=179495.000,0,1.0,26,
175,ddpr_guard,dd_pseudorange,tow=179495.000,0,1.0,26,
175,float_kf,dd_carrier,tow=179495.000,0,1.0,26,
175,basin_pf,dd_pseudorange,tow=179495.000,0,1.0,26,-72.24818396538504
175,basin_pf,dd_carrier,tow=179495.000,0,1.0,26,12.70067545072194
175,integrity_lineage,multipivot_dd_pseudorange,tow=179495.000,0,1.0,26,-0.2291106786360195
175,integrity_lineage,tdcp_displacement,tow=179494.800->179495.000,0,1.0,21,
176,float_kf,doppler_velocity,tow=179495.200,0,1.0,3,
176,ddpr_guard,doppler_velocity,tow=179495.200,0,1.0,3,
176,basin_pf,doppler_velocity,tow=179495.200,0,1.0,3,-2.380986982167674
176,integrity_lineage,tdcp_displacement,tow=179495.000->179495.200,0,1.0,21,
177,float_kf,doppler_velocity,tow=179495.400,0,1.0,3,
177,ddpr_guard,doppler_velocity,tow=179495.400,0,1.0,3,
177,basin_pf,doppler_velocity,tow=179495.400,0,1.0,3,-2.39047159809952
177,integrity_lineage,tdcp_displacement,tow=179495.200->179495.400,0,1.0,21,
178,float_kf,doppler_velocity,tow=179495.600,0,1.0,3,
178,ddpr_guard,doppler_velocity,tow=179495.600,0,1.0,3,
178,basin_pf,doppler_velocity,tow=179495.600,0,1.0,3,-2.398314258950864
178,integrity_lineage,tdcp_displacement,tow=179495.400->179495.600,0,1.0,21,
179,float_kf,doppler_velocity,tow=179495.800,0,1.0,3,
179,ddpr_guard,doppler_velocity,tow=179495.800,0,1.0,3,
179,basin_pf,doppler_velocity,tow=179495.800,0,1.0,3,-2.389194620439188
179,integrity_lineage,tdcp_displacement,tow=179495.600->179495.800,0,1.0,21,
180,float_kf,doppler_velocity,tow=179496.000,0,1.0,3,
180,ddpr_guard,doppler_velocity,tow=179496.000,0,1.0,3,
180,basin_pf,doppler_velocity,tow=179496.000,0,1.0,3,-2.3889400745865905
180,float_kf,dd_pseudorange,tow=179496.000,0,1.0,26,
180,ddpr_guard,dd_pseudorange,tow=179496.000,0,1.0,26,
180,float_kf,dd_carrier,tow=179496.000,0,1.0,26,
180,basin_pf,dd_pseudorange,tow=179496.000,0,1.0,26,-72.15412616672899
180,basin_pf,dd_carrier,tow=179496.000,0,1.0,26,11.995595223678409
180,integrity_lineage,multipivot_dd_pseudorange,tow=179496.000,0,1.0,26,-0.21871923688481226
180,integrity_lineage,tdcp_displacement,tow=179495.800->179496.000,0,1.0,21,
181,float_kf,doppler_velocity,tow=179496.200,0,1.0,3,
181,ddpr_guard,doppler_velocity,tow=179496.200,0,1.0,3,
181,basin_pf,doppler_velocity,tow=179496.200,0,1.0,3,-2.3543336938304336
181,integrity_lineage,tdcp_displacement,tow=179496.000->179496.200,0,1.0,21,
182,float_kf,doppler_velocity,tow=179496.400,0,1.0,3,
182,ddpr_guard,doppler_velocity,tow=179496.400,0,1.0,3,
182,basin_pf,doppler_velocity,tow=179496.400,0,1.0,3,-2.3894073144607937
182,integrity_lineage,tdcp_displacement,tow=179496.200->179496.400,0,1.0,21,
183,float_kf,doppler_velocity,tow=179496.600,0,1.0,3,
183,ddpr_guard,doppler_velocity,tow=179496.600,0,1.0,3,
183,basin_pf,doppler_velocity,tow=179496.600,0,1.0,3,-2.3932562430524102
183,integrity_lineage,tdcp_displacement,tow=179496.400->179496.600,0,1.0,21,
184,float_kf,doppler_velocity,tow=179496.800,0,1.0,3,
184,ddpr_guard,doppler_velocity,tow=179496.800,0,1.0,3,
184,basin_pf,doppler_velocity,tow=179496.800,0,1.0,3,-2.4047668980655694
184,integrity_lineage,tdcp_displacement,tow=179496.600->179496.800,0,1.0,21,
185,float_kf,doppler_velocity,tow=179497.000,0,1.0,3,
185,ddpr_guard,doppler_velocity,tow=179497.000,0,1.0,3,
185,basin_pf,doppler_velocity,tow=179497.000,0,1.0,3,-2.3885994544854783
185,float_kf,dd_pseudorange,tow=179497.000,0,1.0,26,
185,ddpr_guard,dd_pseudorange,tow=179497.000,0,1.0,26,
185,float_kf,dd_carrier,tow=179497.000,0,1.0,25,
185,integrity_lineage,multipivot_dd_pseudorange,tow=179497.000,0,1.0,26,-0.1529910985938997
185,integrity_lineage,tdcp_displacement,tow=179496.800->179497.000,0,1.0,21,
186,float_kf,doppler_velocity,tow=179497.200,0,1.0,3,
186,ddpr_guard,doppler_velocity,tow=179497.200,0,1.0,3,
186,basin_pf,doppler_velocity,tow=179497.200,0,1.0,3,-3.4772046645958494
186,integrity_lineage,tdcp_displacement,tow=179497.000->179497.200,0,1.0,21,
187,float_kf,doppler_velocity,tow=179497.400,0,1.0,3,
187,ddpr_guard,doppler_velocity,tow=179497.400,0,1.0,3,
187,basin_pf,doppler_velocity,tow=179497.400,0,1.0,3,-2.5100427648915913
187,integrity_lineage,tdcp_displacement,tow=179497.200->179497.400,0,1.0,21,
188,float_kf,doppler_velocity,tow=179497.600,0,1.0,3,
188,ddpr_guard,doppler_velocity,tow=179497.600,0,1.0,3,
188,basin_pf,doppler_velocity,tow=179497.600,0,1.0,3,-2.421642644379738
188,integrity_lineage,tdcp_displacement,tow=179497.400->179497.600,0,1.0,21,
189,float_kf,doppler_velocity,tow=179497.800,0,1.0,3,
189,ddpr_guard,doppler_velocity,tow=179497.800,0,1.0,3,
189,basin_pf,doppler_velocity,tow=179497.800,0,1.0,3,-2.430091228809445
189,integrity_lineage,tdcp_displacement,tow=179497.600->179497.800,0,1.0,21,
190,float_kf,doppler_velocity,tow=179498.000,0,1.0,3,
190,ddpr_guard,doppler_velocity,tow=179498.000,0,1.0,3,
190,basin_pf,doppler_velocity,tow=179498.000,0,1.0,3,-2.48940547780924
190,float_kf,dd_pseudorange,tow=179498.000,0,1.0,26,
190,ddpr_guard,dd_pseudorange,tow=179498.000,0,1.0,26,
190,float_kf,dd_carrier,tow=179498.000,0,1.0,25,
190,basin_pf,dd_pseudorange,tow=179498.000,0,1.0,26,-73.0504060046093
190,basin_pf,dd_carrier,tow=179498.000,0,1.0,25,13.292275787543105
190,integrity_lineage,multipivot_dd_pseudorange,tow=179498.000,0,1.0,26,-0.22285603201777965
190,integrity_lineage,tdcp_displacement,tow=179497.800->179498.000,0,1.0,21,
191,float_kf,doppler_velocity,tow=179498.200,0,1.0,3,
191,ddpr_guard,doppler_velocity,tow=179498.200,0,1.0,3,
191,basin_pf,doppler_velocity,tow=179498.200,0,1.0,3,-2.467779169559279
191,integrity_lineage,tdcp_displacement,tow=179498.000->179498.200,0,1.0,21,
192,float_kf,doppler_velocity,tow=179498.400,0,1.0,3,
192,ddpr_guard,doppler_velocity,tow=179498.400,0,1.0,3,
192,basin_pf,doppler_velocity,tow=179498.400,0,1.0,3,-2.4667206265066373
192,integrity_lineage,tdcp_displacement,tow=179498.200->179498.400,0,1.0,21,
193,float_kf,doppler_velocity,tow=179498.600,0,1.0,3,
193,ddpr_guard,doppler_velocity,tow=179498.600,0,1.0,3,
193,basin_pf,doppler_velocity,tow=179498.600,0,1.0,3,-2.409185369715807
193,integrity_lineage,tdcp_displacement,tow=179498.400->179498.600,0,1.0,21,
194,float_kf,doppler_velocity,tow=179498.800,0,1.0,3,
194,ddpr_guard,doppler_velocity,tow=179498.800,0,1.0,3,
194,basin_pf,doppler_velocity,tow=179498.800,0,1.0,3,-2.4124664228130412
194,integrity_lineage,tdcp_displacement,tow=179498.600->179498.800,0,1.0,21,
195,float_kf,doppler_velocity,tow=179499.000,0,1.0,3,
195,ddpr_guard,doppler_velocity,tow=179499.000,0,1.0,3,
195,basin_pf,doppler_velocity,tow=179499.000,0,1.0,3,-2.396360478746738
195,float_kf,dd_pseudorange,tow=179499.000,0,1.0,25,
195,ddpr_guard,dd_pseudorange,tow=179499.000,0,1.0,25,
195,float_kf,dd_carrier,tow=179499.000,0,1.0,24,
195,basin_pf,dd_pseudorange,tow=179499.000,0,1.0,25,-69.96913333891304
195,basin_pf,dd_carrier,tow=179499.000,0,1.0,24,13.492823163963829
195,integrity_lineage,multipivot_dd_pseudorange,tow=179499.000,0,1.0,25,-0.22071526765987126
195,integrity_lineage,tdcp_displacement,tow=179498.800->179499.000,0,1.0,20,
196,float_kf,doppler_velocity,tow=179499.200,0,1.0,3,
196,ddpr_guard,doppler_velocity,tow=179499.200,0,1.0,3,
196,basin_pf,doppler_velocity,tow=179499.200,0,1.0,3,-2.4248149920544924
196,integrity_lineage,tdcp_displacement,tow=179499.000->179499.200,0,1.0,20,
197,float_kf,doppler_velocity,tow=179499.400,0,1.0,3,
197,ddpr_guard,doppler_velocity,tow=179499.400,0,1.0,3,
197,basin_pf,doppler_velocity,tow=179499.400,0,1.0,3,-2.4112054278460375
197,integrity_lineage,tdcp_displacement,tow=179499.200->179499.400,0,1.0,20,
198,float_kf,doppler_velocity,tow=179499.600,0,1.0,3,
198,ddpr_guard,doppler_velocity,tow=179499.600,0,1.0,3,
198,basin_pf,doppler_velocity,tow=179499.600,0,1.0,3,-2.4684801171604707
198,integrity_lineage,tdcp_displacement,tow=179499.400->179499.600,0,1.0,20,
199,float_kf,doppler_velocity,tow=179499.800,0,1.0,3,
199,ddpr_guard,doppler_velocity,tow=179499.800,0,1.0,3,
199,basin_pf,doppler_velocity,tow=179499.800,0,1.0,3,-2.435905074344987
199,integrity_lineage,tdcp_displacement,tow=179499.600->179499.800,0,1.0,20,
