tow,ecef_x,ecef_y,ecef_z,fix
177000.0,-3961765.3108884394,3349009.416671417,3698311.585201168,0
177000.20000004768,-3961765.313279197,3349009.415127322,3698311.5847510514,0
177000.40000009537,-3961765.3143942268,3349009.412626965,3698311.5836937125,0
177000.59999990463,-3961765.319530165,3349009.4108321522,3698311.584491989,0
177000.79999995232,-3961765.325847057,3349009.4116757535,3698311.585450335,0
177001.0,-3961765.1551638953,3349009.24716077,3698311.4739669757,0
177001.199999094,-3961765.156896986,3349009.2454644367,3698311.473466487,0
177001.39999890327,-3961765.160853964,3349009.2451535203,3698311.4745993274,0
177001.59999990463,-3961765.162823227,3349009.2424130864,3698311.4738010173,0
177001.79999995232,-3961765.164889187,3349009.2409266084,3698311.4734000196,0
177002.0,-3961765.1486493805,3349009.1635822942,3698311.4175557145,0
177002.20000004768,-3961765.1483476884,3349009.1627834667,3698311.4173814976,0
177002.39999890327,-3961765.1506924974,3349009.161692421,3698311.417606769,0
177002.59999990463,-3961765.1485368703,3349009.1582412296,3698311.4163241372,0
177002.79999899864,-3961765.1491677416,3349009.158051193,3698311.416327457,0
177003.0,-3961765.1280218554,3349009.1038474417,3698311.3801718703,0
177003.20000004768,-3961765.1269950215,3349009.1032077842,3698311.380489733,0
177003.39999890327,-3961765.124732516,3349009.101641455,3698311.378652197,0
177003.59999990463,-3961765.1210975735,3349009.101380034,3698311.378845197,0
177003.79999899864,-3961765.1183431083,3349009.0979000474,3698311.376628561,0
177004.0,-3961765.1081194594,3349009.047977454,3698311.325427062,0
177004.20000004768,-3961765.108234337,3349009.0460962104,3698311.3253856176,0
177004.40000009537,-3961765.1092461683,3349009.045744229,3698311.32580181,0
177004.59999895096,-3961765.1114202803,3349009.0435468457,3698311.325232706,0
177004.79999899864,-3961765.1118782996,3349009.0407657526,3698311.32443644,0
177005.0,-3961765.0921376897,3349009.0284806453,3698311.3051952966,0
177005.20000004768,-3961765.090120325,3349009.0271748872,3698311.3047715966,0
177005.40000009537,-3961765.0858413656,3349009.026633736,3698311.3045430435,0
177005.59999895096,-3961765.080937958,3349009.0244526276,3698311.303875339,0
177005.79999899864,-3961765.0769222486,3349009.0203302023,3698311.3013934083,0
177006.0,-3961765.135220134,3349009.048173922,3698311.3230750035,0
177006.20000004768,-3961765.135487643,3349009.0464083883,3698311.322335388,0
177006.40000009537,-3961765.1333498633,3349009.0447890284,3698311.322473867,0
177006.59999895096,-3961765.1331645213,3349009.0442400267,3698311.322824395,0
177006.79999899864,-3961765.131600626,3349009.0429240055,3698311.3225935884,0
177007.0,-3961765.160885648,3349009.068008446,3698311.341282598,0
177007.20000004768,-3961765.1605042373,3349009.066968227,3698311.3403488,0
177007.40000009537,-3961765.1595880063,3349009.064490459,3698311.3395202653,0
177007.59999895096,-3961765.1573211523,3349009.06300109,3698311.3388609337,0
177007.79999899864,-3961765.153441545,3349009.060389276,3698311.3384544356,0
177008.0,-3961765.1508411006,3349009.095355927,3698311.3444569376,0
177008.199999094,-3961765.1520517687,3349009.0948630767,3698311.3447257644,0
177008.40000009537,-3961765.1516101705,3349009.093170986,3698311.3431942053,0
177008.59999895096,-3961765.15232379,3349009.091302916,3698311.3432940696,0
177008.79999995232,-3961765.155109045,3349009.090882139,3698311.3436927013,0
177009.0,-3961765.1838362375,3349009.1103274673,3698311.3477770723,0
177009.199999094,-3961765.1841197265,3349009.1083696755,3698311.347221069,0
177009.40000009537,-3961765.1841414366,3349009.10685463,3698311.3462812863,0
177009.59999895096,-3961765.1888006814,3349009.105773434,3698311.346507875,0
177009.79999995232,-3961765.1901784013,3349009.1030644984,3698311.346209369,0
177010.0,-3961765.181387109,3349009.1055429415,3698311.338537488,0
177010.199999094,-3961765.1818322404,3349009.1053061048,3698311.338775909,0
177010.40000009537,-3961765.180737488,3349009.1032618876,3698311.337776033,0
177010.59999895096,-3961765.1797678466,3349009.1014276254,3698311.3372913934,0
177010.79999995232,-3961765.1821782147,3349009.0997469295,3698311.3371563856,0
177011.0,-3961765.216516592,3349009.1312154084,3698311.350317675,0
177011.199999094,-3961765.2169654276,3349009.1312032514,3698311.3507585367,0
177011.40000009537,-3961765.2108000373,3349009.1288832757,3698311.3499308177,0
177011.59999895096,-3961765.20847509,3349009.1268696357,3698311.349389686,0
177011.79999995232,-3961765.204319212,3349009.12350442,3698311.348121312,0
177012.0,-3961765.256984346,3349009.165856457,3698311.3548527746,0
177012.199999094,-3961765.25963404,3349009.1655844403,3698311.355332398,0
177012.40000009537,-3961765.260753596,3349009.1636615195,3698311.35420238,0
177012.59999895096,-3961765.262822046,3349009.161744987,3698311.354822518,0
177012.79999995232,-3961765.2642997704,3349009.1588948662,3698311.353664787,0
177013.0,-3961765.2748032263,3349009.1957810703,3698311.362144701,0
177013.199999094,-3961765.2726618648,3349009.1941618784,3698311.361444057,0
177013.40000009537,-3961765.27306572,3349009.193146809,3698311.3617432113,0
177013.59999895096,-3961765.2717901967,3349009.192324227,3698311.3613023763,0
177013.79999995232,-3961765.2737345695,3349009.1902833194,3698311.3619472506,0
177014.0,-3961765.300713822,3349009.2243449613,3698311.3739649444,0
177014.199999094,-3961765.301727579,3349009.2232343666,3698311.373995335,0
177014.40000009537,-3961765.3010249035,3349009.2212387254,3698311.3726735744,0
177014.59999895096,-3961765.2988837473,3349009.2194965268,3698311.372534354,0
177014.79999995232,-3961765.29819405,3349009.217495952,3698311.3719224976,0
177015.0,-3961765.2892188597,3349009.23929699,3698311.3735210164,0
177015.199999094,-3961765.2913767295,3349009.237937844,3698311.3732669,0
177015.40000009537,-3961765.2917864346,3349009.237192139,3698311.3738125283,0
177015.59999895096,-3961765.2888329485,3349009.233733098,3698311.371594808,0
177015.79999995232,-3961765.284018531,3349009.233699733,3698311.3730849363,0
177016.0,-3961765.3165193684,3349009.2660264517,3698311.388825015,0
177016.199999094,-3961765.315773696,3349009.265362552,3698311.3888781196,0
177016.39999890327,-3961765.315810298,3349009.262726846,3698311.386902402,0
177016.59999990463,-3961765.315329483,3349009.2608126295,3698311.387174482,0
177016.79999995232,-3961765.3163911663,3349009.259256588,3698311.387219012,0
177017.0,-3961765.347212636,3349009.3007374858,3698311.4057519133,0
177017.199999094,-3961765.3479711567,3349009.299936938,3698311.4054828924,0
177017.39999890327,-3961765.3482728796,3349009.29895101,3698311.4061616706,0
177017.59999990463,-3961765.3506375803,3349009.296558258,3698311.4053657562,0
177017.79999995232,-3961765.34836118,3349009.2950792057,3698311.405856179,0
177018.0,-3961765.365658954,3349009.3344479403,3698311.4202972683,0
177018.199999094,-3961765.3632913735,3349009.333146985,3698311.4195750565,0
177018.39999890327,-3961765.362244765,3349009.33179454,3698311.4202131596,0
177018.59999990463,-3961765.362610888,3349009.330525216,3698311.4197961856,0
177018.79999995232,-3961765.3586818236,3349009.327399222,3698311.418626479,0
177019.0,-3961765.3666598992,3349009.358371007,3698311.436466748,0
177019.199999094,-3961765.359814115,3349009.357046056,3698311.4355986794,0
177019.39999890327,-3961765.353746918,3349009.356341419,3698311.43522515,0
177019.59999990463,-3961765.363072972,3349009.217669872,3698311.6007527453,1
177019.79999995232,-3961765.3581875316,3349009.2151194513,3698311.5997796045,1
177020.0,-3961765.3764325166,3349009.3772220737,3698311.4473231803,0
177020.199999094,-3961765.3769760528,3349009.375032587,3698311.446426085,0
177020.39999890327,-3961765.3770138538,3349009.374006228,3698311.446605123,0
177020.59999990463,-3961765.383094553,3349009.215536841,3698311.603282292,1
177020.79999995232,-3961765.38149482,3349009.2162110605,3698311.605720008,1
177021.0,-3961765.3574117427,3349009.393553224,3698311.4768131324,0
177021.199999094,-3961765.3363154847,3349009.4028640394,3698311.496048838,0
177021.39999890327,-3961765.302852233,3349009.4143486116,3698311.523103029,0
177021.59999990463,-3961765.2666052086,3349009.276236128,3698311.713822134,1
177021.79999995232,-3961765.2073754757,3349009.299941695,3698311.761857193,1
177022.0,-3961765.119519382,3349009.499792759,3698311.6812011013,0
177022.199999094,-3961765.0435860925,3349009.5249589738,3698311.7401573663,0
177022.39999890327,-3961764.9564042073,3349009.5511059808,3698311.80734554,0
177022.59999990463,-3961764.8498954293,3349009.399591619,3698312.00595726,1
177022.79999995232,-3961764.7376916404,3349009.4325270904,3698312.094188598,1
177023.0,-3961764.6310451175,3349009.690839756,3698312.109503334,0
177023.199999094,-3961764.46608891,3349009.7404897255,3698312.244931467,0
177023.39999890327,-3961764.2651894884,3349009.7974431664,3698312.407656058,0
177023.59999990463,-3961763.990145476,3349009.6535798046,3698312.720025915,1
177023.79999995232,-3961763.7509918422,3349009.7287936616,3698312.9253796707,1
177024.0,-3961763.5743215745,3349010.054894146,3698313.0637394483,0
177024.199999094,-3961763.297154374,3349010.120160824,3698313.291123662,0
177024.39999890327,-3961763.0009716786,3349010.197070109,3698313.537618362,0
177024.59999990463,-3961762.5701318295,3349010.0145094995,3698313.8953075884,1
177024.79999995232,-3961762.2405721946,3349010.0933591407,3698314.1775541874,1
177025.0,-3961762.0541986213,3349010.4684158564,3698314.4167420096,0
177025.199999094,-3961761.7045150716,3349010.567129883,3698314.718648231,0
177025.39999890327,-3961761.3511844617,3349010.6852503945,3698315.046162561,0
177025.59999990463,-3961760.7926691747,3349010.497680203,3698315.434503054,1
177025.79999995232,-3961760.3864451987,3349010.5991186723,3698315.769238433,1
177026.0,-3961760.1139724026,3349010.9588132603,3698316.0850724285,0
177026.199999094,-3961759.6749217017,3349011.071038836,3698316.4588028747,0
177026.39999890327,-3961759.2084243638,3349011.1833435255,3698316.850639168,0
177026.59999990463,-3961758.7489460516,3349011.379643432,3698317.277702908,0
177026.79999995232,-3961758.256649631,3349011.5095757064,3698317.687082577,0
177027.0,-3961757.7028967226,3349011.574063716,3698318.094520459,0
177027.199999094,-3961757.1919660624,3349011.699989055,3698318.5035694265,0
177027.39999890327,-3961756.680320355,3349011.8286168803,3698318.9092152524,0
177027.59999990463,-3961756.1748492992,3349011.958453279,3698319.310957174,0
177027.79999995232,-3961755.6760941944,3349012.1039803545,3698319.7221942935,0
177028.0,-3961755.2055807174,3349012.2923797644,3698320.1176999426,0
177028.199999094,-3961754.716772099,3349012.4550876277,3698320.488579025,0
177028.39999890327,-3961754.2275439478,3349012.605167334,3698320.868272087,0
177028.59999990463,-3961753.742524787,3349012.752995001,3698321.2375828964,0
177028.79999995232,-3961753.2526424644,3349012.890577332,3698321.5928841378,0
177029.0,-3961752.7977341185,3349013.103854408,3698321.982572665,0
177029.199999094,-3961752.3265341395,3349013.259924661,3698322.3457612074,0
177029.39999890327,-3961751.8506731396,3349013.40084686,3698322.6930110366,0
177029.59999990463,-3961751.389468529,3349013.5574203823,3698323.0479476363,0
177029.79999995232,-3961750.9372771513,3349013.728436676,3698323.399309897,0
177030.0,-3961750.5402509016,3349013.933936801,3698323.810817977,0
177030.199999094,-3961750.0956977066,3349014.1028937763,3698324.1491885046,0
177030.39999890327,-3961749.653360042,3349014.257710112,3698324.5003481265,0
177030.59999990463,-3961749.2261981866,3349014.4464741377,3698324.8437628937,0
177030.79999995232,-3961748.812235427,3349014.627564277,3698325.187367029,0
177031.0,-3961748.3487851648,3349014.75330272,3698325.5534891617,0
177031.199999094,-3961747.9494157513,3349014.954086471,3698325.8969425857,0
177031.39999890327,-3961747.554799727,3349015.1484055505,3698326.2340680915,0
177031.59999990463,-3961747.1975077004,3349015.369067045,3698326.5600810116,0
177031.79999995232,-3961746.8573790183,3349015.5419127224,3698326.857443842,0
177032.0,-3961746.4244755227,3349015.3762337817,3698327.0682835774,0
177032.20000004768,-3961746.10605521,3349015.498110137,3698327.325856737,0
177032.39999890327,-3961745.8067012466,3349015.629960951,3698327.5803388995,0
177032.59999990463,-3961745.529018687,3349015.779954055,3698327.817507368,0
177032.79999899864,-3961745.284571029,3349015.953059897,3698328.0624697665,0
177033.0,-3961744.9664347586,3349015.8695556894,3698328.224436982,0
177033.20000004768,-3961744.7478296733,3349015.981251284,3698328.421414049,0
177033.39999890327,-3961744.567780498,3349016.07625818,3698328.582260166,0
177033.59999990463,-3961744.4093890763,3349016.1681236266,3698328.731388729,0
177033.79999899864,-3961744.2668096097,3349016.229372546,3698328.8584107654,0
177034.0,-3961744.0805329573,3349016.1505230865,3698328.9154918827,0
177034.20000004768,-3961743.941984233,3349016.1674294514,3698329.008778276,0
177034.39999890327,-3961743.824269221,3349016.1949510933,3698329.100365638,0
177034.59999990463,-3961743.745655317,3349016.207337635,3698329.1638946133,0
177034.79999899864,-3961743.728386372,3349016.2062162263,3698329.1719057052,0
177035.0,-3961743.73789728,3349016.2515702397,3698329.196241716,0
177035.20000004768,-3961743.74863603,3349016.256480143,3698329.1916919868,0
177035.39999890327,-3961743.765034469,3349016.238058647,3698329.1706548617,0
177035.59999990463,-3961743.768023394,3349016.2367975344,3698329.1658585356,0
177035.79999899864,-3961743.7542611514,3349016.2322656102,3698329.17682438,0
177036.0,-3961743.725734428,3349016.258720939,3698329.222782742,0
177036.20000004768,-3961743.6696834313,3349016.2758727395,3698329.273347234,0
177036.39999890327,-3961743.564617463,3349016.3087050207,3698329.367857883,0
177036.59999990463,-3961743.4004948135,3349016.3539632065,3698329.5079872655,0
177036.79999899864,-3961743.1718178573,3349016.4376456877,3698329.6946662846,0
177037.0,-3961742.9366744114,3349016.5289396835,3698329.877214439,0
177037.20000004768,-3961742.7298444603,3349016.6004748135,3698330.0465460164,0
177037.39999890327,-3961742.5093155443,3349016.6689706855,3698330.2157250927,0
177037.59999990463,-3961742.2889427096,3349016.7472789083,3698330.3890173123,0
177037.79999899864,-3961742.0554702403,3349016.8293448235,3698330.575844756,0
177038.0,-3961741.815853453,3349016.91377447,3698330.775745804,0
177038.20000004768,-3961741.60977278,3349017.0382939107,3698331.0031251237,0
177038.39999890327,-3961741.3967623864,3349017.113940174,3698331.171483373,0
177038.59999990463,-3961741.1291602426,3349017.1108824294,3698331.2849191,0
177038.79999899864,-3961740.917434542,3349017.2209056164,3698331.519612379,0
177039.0,-3961740.71774178,3349017.2967893356,3698331.7103906367,0
177039.20000004768,-3961740.4815275623,3349017.3625777382,3698331.896852877,0
177039.39999890327,-3961740.2546837153,3349017.451514244,3698332.0995440306,0
177039.59999990463,-3961739.994978162,3349017.551311879,3698332.317869564,0
177039.79999899864,-3961739.7122166264,3349017.6649134234,3698332.5943709477,0
177040.0,-3961739.3421720266,3349017.7336450177,3698332.8978560334,0
177040.20000004768,-3961738.9999105814,3349017.860781598,3698333.2339270622,0
177040.39999890327,-3961738.6345268865,3349018.0129554397,3698333.6283403966,0
177040.59999990463,-3961738.2359446688,3349018.1712531717,3698334.0743482555,0
177040.79999899864,-3961737.8006840106,3349018.2956937887,3698334.5179305705,0
177041.0,-3961737.2162218485,3349018.172036074,3698334.9626568994,0
177041.20000004768,-3961736.758769956,3349018.236568106,3698335.445854526,0
177041.39999890327,-3961736.3098124303,3349018.2760802666,3698335.9311468867,0
177041.59999990463,-3961735.866390958,3349018.278876313,3698336.4478157815,0
177041.79999899864,-3961735.428459129,3349018.257919835,3698336.9821046586,0
177042.0,-3961734.9852133687,3349018.0756833367,3698337.497922786,0
177042.20000004768,-3961734.547100648,3349017.9773637783,3698338.0494528627,0
177042.39999890327,-3961734.120792601,3349017.8066951544,3698338.6203586385,0
177042.59999990463,-3961733.6900611995,3349017.6324318284,3698339.210117211,0
177042.79999899864,-3961733.25221703,3349017.4554270594,3698339.822379701,0
177043.0,-3961732.864570328,3349017.301863187,3698340.4810209842,0
177043.20000004768,-3961732.4240770596,3349017.093852824,3698341.127258776,0
177043.39999890327,-3961731.9682124224,3349016.8775122254,3698341.7877690983,0
177043.59999990463,-3961731.5318257636,3349016.6518750354,3698342.4697971563,0
177043.79999899864,-3961731.1095044604,3349016.433441261,3698343.167470423,0
177044.0,-3961730.591607987,3349016.194055251,3698343.8490328128,0
177044.20000004768,-3961730.1406320166,3349015.9697356015,3698344.558662138,0
177044.39999890327,-3961729.7197245574,3349015.7492490704,3698345.293513555,0
177044.59999990463,-3961729.3008191055,3349015.5374805024,3698346.0408202126,0
177044.79999899864,-3961728.888847585,3349015.346092653,3698346.788932257,0
177045.0,-3961728.169501243,3349014.9635871253,3698347.504816423,0
177045.20000004768,-3961727.7535705627,3349014.7788999095,3698348.2709184242,0
177045.39999890327,-3961727.375414333,3349014.6218986763,3698349.05780533,0
177045.59999990463,-3961726.8967632144,3349014.3967100605,3698349.8410923467,0
177045.79999899864,-3961726.423464221,3349014.2012858065,3698350.647847117,0
177046.0,-3961725.6179863964,3349013.744328011,3698351.3889832213,0
177046.20000004768,-3961725.057881127,3349013.5085219126,3698352.1883396246,0
177046.39999890327,-3961724.5459269546,3349013.3298552525,3698353.0123662567,0
177046.59999990463,-3961724.0228085206,3349013.1150837555,3698353.813333728,0
177046.79999899864,-3961723.4317322467,3349012.82195844,3698354.5875229742,0
177047.0,-3961722.8848916087,3349012.4960867157,3698355.3956197067,0
177047.20000004768,-3961722.404376225,3349012.3655793825,3698356.2318209987,0
177047.39999890327,-3961721.9285669858,3349012.2811030615,3698357.0617842483,0
177047.59999990463,-3961721.5187476454,3349012.2655875483,3698357.899993253,0
177047.79999899864,-3961721.1406302736,3349012.300520006,3698358.7241595155,0
177048.0,-3961720.0678486032,3349011.3063231697,3698359.328416709,0
177048.20000004768,-3961719.6309424634,3349011.1849811375,3698360.073981573,0
177048.39999890327,-3961719.301800557,3349011.1411244837,3698360.8111381517,0
177048.59999990463,-3961719.0236672456,3349011.1536020157,3698361.553307733,0
177048.79999899864,-3961718.766988591,3349011.1748305704,3698362.2990653142,0
177049.0,-3961717.6254176237,3349010.2381986114,3698362.827867442,0
177049.20000004768,-3961717.2868125685,3349010.1619819747,3698363.5478129955,0
177049.39999890327,-3961716.9903164157,3349010.113295237,3698364.2473051213,0
177049.59999990463,-3961716.7099217987,3349010.0662451205,3698364.9372621095,0
177049.79999899864,-3961716.431042204,3349010.023781513,3698365.6591485487,0
177050.0,-3961715.361038614,3349009.2226828723,3698366.2093490786,0
177050.20000004768,-3961714.9552795896,3349009.0633912436,3698366.883275859,0
177050.39999890327,-3961714.5697439653,3349008.9024732676,3698367.5140233524,0
177050.59999990463,-3961714.2136626346,3349008.7265634947,3698368.2056640876,0
177050.79999899864,-3961713.9275706448,3349008.5704613775,3698368.8755090944,0
177051.0,-3961713.2261941857,3349008.148028608,3698369.4472252433,0
177051.20000004768,-3961712.8404930513,3349007.954370302,3698370.0836135857,0
177051.39999890327,-3961712.492901618,3349007.8149701264,3698370.749408884,0
177051.59999990463,-3961712.133051587,3349007.660520077,3698371.3616159954,0
177051.79999899864,-3961711.7570945895,3349007.5044634505,3698371.974480411,0
177052.0,-3961711.315240755,3349007.172418821,3698372.5690207826,0
177052.20000004768,-3961710.9249794823,3349007.001164765,3698373.166273449,0
177052.39999890327,-3961710.543820864,3349006.868599715,3698373.7254852545,0
177052.59999990463,-3961710.1526779006,3349006.665276596,3698374.2362169186,0
177052.79999899864,-3961709.7588314223,3349006.4915821007,3698374.7409480857,0
177053.0,-3961709.6303837,3349006.374671694,3698375.5637232377,0
177053.20000004768,-3961709.324012324,3349006.1941476534,3698376.0976456744,0
177053.39999890327,-3961709.1092626792,3349006.031077949,3698376.5815876154,0
177053.59999990463,-3961708.795291051,3349005.8759600846,3698377.0411545117,0
177053.79999899864,-3961708.5094707147,3349005.718873342,3698377.4994693617,0
177054.0,-3961707.6675298675,3349005.4469456566,3698378.428788705,0
177054.20000004768,-3961707.2983254595,3349005.3053927724,3698378.9499824047,0
177054.39999890327,-3961706.8964230116,3349005.1853140537,3698379.4851849214,0
177054.59999990463,-3961706.526021996,3349005.114372986,3698380.0300343717,0
177054.79999899864,-3961706.1167539363,3349005.0335719218,3698380.580322246,0
177055.0,-3961705.2375783315,3349004.8026300697,3698381.6056858874,0
177055.20000004768,-3961704.7602061527,3349004.7078928673,3698382.2056934675,0
177055.39999890327,-3961704.298672236,3349004.623787319,3698382.785685011,0
177055.59999990463,-3961703.8546800716,3349004.540760879,3698383.3620524365,0
177055.79999899864,-3961703.4088624287,3349004.45303181,3698383.94805267,0
177056.0,-3961702.6685886225,3349004.136615674,3698384.7396657374,0
177056.20000004768,-3961702.2075219345,3349004.033631441,3698385.353635346,0
177056.39999890327,-3961701.739550526,3349003.860391006,3698385.8843006743,0
177056.59999990463,-3961701.2833519424,3349003.7121214652,3698386.360531289,0
177056.79999899864,-3961700.8932392756,3349003.632722957,3698386.9457171476,0
177057.0,-3961700.3068367974,3349003.180840388,3698387.727027096,0
177057.20000004768,-3961700.0018171347,3349003.159672594,3698388.3715856965,0
177057.39999890327,-3961699.7632048572,3349003.1807892174,3698389.0065440517,0
177057.59999990463,-3961699.5383550855,3349003.1360420864,3698389.5634090165,0
177057.79999899864,-3961699.366815941,3349003.1550107514,3698390.245919884,0
177058.0,-3961699.483557594,3349002.6091154506,3698391.2480288735,0
177058.20000004768,-3961699.3334424677,3349002.389041346,3698391.7977847215,0
177058.39999890327,-3961699.1628041705,3349002.1440883707,3698392.223807196,0
177058.59999990463,-3961699.165571886,3349002.0229191235,3698392.795695665,0
177058.79999899864,-3961699.2337977975,3349001.868606251,3698393.2920546536,0
177059.0,-3961698.211574807,3349000.685274183,3698393.3855860317,0
177059.20000004768,-3961698.222703056,3349000.4951085737,3698393.836076233,0
177059.39999890327,-3961698.265820701,3349000.312118471,3698394.272914113,0
177059.59999990463,-3961698.3402729398,3349000.139269719,3698394.6850601267,0
177059.79999899864,-3961698.369375904,3348999.9212835226,3698395.07027282,0
177060.0,-3961698.276050392,3348999.4242249266,3698395.4753444977,0
177060.20000004768,-3961698.2565557845,3348999.1508009704,3698395.857342658,0
177060.40000009537,-3961698.245951722,3348998.9584540683,3698396.2443169737,0
177060.59999990463,-3961698.2427737056,3348998.705429351,3698396.585538688,0
177060.79999995232,-3961698.2174448,3348998.5193944536,3698396.945815212,0
177061.0,-3961697.6700426815,3348997.8678572914,3698397.5693182643,0
177061.199999094,-3961697.57399131,3348997.646936723,3698397.9453877085,0
177061.39999890327,-3961697.5065201772,3348997.471690771,3698398.297710363,0
177061.59999990463,-3961697.4551652516,3348997.3062137086,3698398.650115215,0
177061.79999995232,-3961697.4292887333,3348997.2057809,3698399.0027418295,0
177062.0,-3961696.9023781884,3348996.7550077457,3698399.3410873963,0
177062.20000004768,-3961696.8033348047,3348996.6487423773,3698399.666057285,0
177062.39999890327,-3961696.713944603,3348996.5734992973,3698399.9510104363,0
177062.59999990463,-3961696.6218838864,3348996.540848869,3698400.231845094,0
177062.79999899864,-3961696.5326940212,3348996.493542402,3698400.489905317,0
177063.0,-3961696.1617443897,3348996.1557700564,3698400.7431247574,0
177063.20000004768,-3961695.998861482,3348996.0829369747,3698400.9545053355,0
177063.39999890327,-3961695.8517115773,3348996.0522515853,3698401.1776714497,0
177063.59999990463,-3961695.689223233,3348996.0397000974,3698401.38784456,0
177063.79999899864,-3961695.5326586543,3348996.050094005,3698401.6119242744,0
177064.0,-3961695.317721076,3348995.892500862,3698401.8926617363,0
177064.20000004768,-3961695.1836735713,3348995.91419243,3698402.105928374,0
177064.40000009537,-3961695.0462662163,3348995.950907731,3698402.3131018556,0
177064.59999895096,-3961694.9288622537,3348996.013537509,3698402.518968275,0
177064.79999899864,-3961694.8015667535,3348996.073603336,3698402.699357938,0
177065.0,-3961694.5708307098,3348995.966933978,3698402.9589463463,0
177065.20000004768,-3961694.4443287095,3348995.9977499684,3698403.1386021557,0
177065.40000009537,-3961694.3193480237,3348996.0253814496,3698403.2957389676,0
177065.59999895096,-3961694.201656301,3348996.0657116934,3698403.4405933428,0
177065.79999899864,-3961694.1072459677,3348996.1069366354,3698403.5771444705,0
177066.0,-3961693.9281162354,3348996.0526418015,3698403.76663292,0
177066.20000004768,-3961693.844113175,3348996.0868364084,3698403.879531437,0
177066.40000009537,-3961693.7534927777,3348996.111982862,3698403.9628272364,0
177066.59999895096,-3961693.693717322,3348996.1533313934,3698404.0545671526,0
177066.79999899864,-3961693.640090875,3348996.1923033283,3698404.145257011,0
177067.0,-3961693.42214521,3348996.0236338135,3698404.3034244943,0
177067.20000004768,-3961693.356650063,3348996.04904545,3698404.388546729,0
177067.40000009537,-3961693.3173452797,3348996.0750781414,3698404.465172919,0
177067.59999895096,-3961693.2892106175,3348996.1089081224,3698404.535778861,0
177067.79999899864,-3961693.27495998,3348996.150671027,3698404.5987906605,0
177068.0,-3961693.036066541,3348996.0067673754,3698404.6925108307,0
177068.199999094,-3961692.990833119,3348996.0177693,3698404.7376677347,0
177068.40000009537,-3961692.9890709603,3348996.063377711,3698404.7948520686,0
177068.59999895096,-3961692.9215347664,3348996.0808107485,3698404.860690158,0
177068.79999995232,-3961692.8522706833,3348996.0971198888,3698404.917801756,0
177069.0,-3961692.648393378,3348996.043841835,3698405.080640408,0
177069.199999094,-3961692.5864097686,3348996.074601179,3698405.1566424277,0
177069.40000009537,-3961692.521587921,3348996.0935357274,3698405.2207319676,0
177069.59999895096,-3961692.4684163104,3348996.114556549,3698405.281525124,0
177069.79999995232,-3961692.414485201,3348996.131948657,3698405.3359255977,0
177070.0,-3961692.2736514173,3348996.0885488354,3698405.425645836,0
177070.199999094,-3961692.2200224525,3348996.1029760228,3698405.4797158134,0
177070.40000009537,-3961692.1614436302,3348996.1214752025,3698405.537368975,0
177070.59999895096,-3961692.10385189,3348996.1387149463,3698405.5950074876,0
177070.79999995232,-3961692.0488631786,3348996.1478779707,3698405.650190435,0
177071.0,-3961691.8901634505,3348996.0740336627,3698405.731290017,0
177071.199999094,-3961691.835704337,3348996.082923952,3698405.7717189174,0
177071.40000009537,-3961691.7879028143,3348996.0817909236,3698405.7865106175,0
177071.59999895096,-3961691.75655898,3348996.0865100957,3698405.8137644003,0
177071.79999995232,-3961691.7184918122,3348996.0794652957,3698405.8277691375,0
177072.0,-3961691.4474192583,3348995.927528365,3698405.9211545913,0
177072.199999094,-3961691.3788921423,3348995.9256393076,3698405.965308356,0
177072.40000009537,-3961691.3281364827,3348995.937959314,3698406.0134341787,0
177072.59999895096,-3961691.283621808,3348995.9550199187,3698406.0629898477,0
177072.79999995232,-3961691.2444205857,3348995.9767854456,3698406.1167315035,0
177073.0,-3961691.141250983,3348995.95226553,3698406.136638419,0
177073.199999094,-3961691.0964568225,3348995.9604995544,3698406.182123019,0
177073.40000009537,-3961691.0463590096,3348995.965313792,3698406.222198323,0
177073.59999895096,-3961690.977197773,3348995.954169952,3698406.2473632996,0
177073.79999995232,-3961690.8994654315,3348995.9682041984,3698406.313190205,0
177074.0,-3961690.804509347,3348996.0221779128,3698406.3825033125,0
177074.199999094,-3961690.696299005,3348996.0390033354,3698406.450108611,0
177074.40000009537,-3961690.5780498376,3348996.055928556,3698406.5373372035,0
177074.59999895096,-3961690.445144601,3348996.083828536,3698406.6349090636,0
177074.79999995232,-3961690.309613667,3348996.1307656495,3698406.7466518437,0
177075.0,-3961690.1145322504,3348996.13557553,3698406.937533795,0
177075.199999094,-3961689.94897952,3348996.174286978,3698407.0544649037,0
177075.40000009537,-3961689.7619724046,3348996.229170415,3698407.19073719,0
177075.59999895096,-3961689.5799543373,3348996.3060297286,3698407.3557769028,0
177075.79999995232,-3961689.400758884,3348996.4263694976,3698407.5494626206,0
177076.0,-3961689.045404303,3348996.4552001297,3698407.7519426,0
177076.199999094,-3961688.8158560228,3348996.548008763,3698407.9255118393,0
177076.39999890327,-3961688.586464732,3348996.6512411474,3698408.090252858,0
177076.59999990463,-3961688.367257906,3348996.776941458,3698408.2617854266,0
177076.79999995232,-3961688.1350043435,3348996.8922205623,3698408.4269291433,0
177077.0,-3961687.754127784,3348996.981689492,3698408.6446817024,0
177077.199999094,-3961687.5242562317,3348997.1135182064,3698408.797325876,0
177077.39999890327,-3961687.321057579,3348997.2059412813,3698408.935292888,0
177077.59999990463,-3961687.198534126,3348997.3635638896,3698409.0228916,0
177077.79999995232,-3961687.042512803,3348997.460732871,3698409.1116240965,0
177078.0,-3961686.776058949,3348997.52748423,3698409.2206677767,0
177078.199999094,-3961686.607609526,3348997.6408698596,3698409.3160501244,0
177078.39999890327,-3961686.4552233554,3348997.7676497027,3698409.4139794745,0
177078.59999990463,-3961686.3092422234,3348997.9184171483,3698409.51267356,0
177078.79999995232,-3961686.1505009276,3348998.0657420503,3698409.612612521,0
177079.0,-3961685.838024491,3348998.1227498204,3698409.6405668063,0
177079.199999094,-3961685.693463291,3348998.2949900525,3698409.7288257577,0
177079.39999890327,-3961685.530226981,3348998.445961764,3698409.8089400493,0
177079.59999990463,-3961685.3774695965,3348998.6400847677,3698409.890496934,0
177079.79999995232,-3961685.216267503,3348998.849685114,3698409.9629235705,0
177080.0,-3961684.761534763,3348998.9221319044,3698409.9452897087,0
177080.199999094,-3961684.550851302,3348999.157251315,3698409.991631225,0
177080.39999890327,-3961684.334138659,3348999.4601835376,3698410.0993081382,0
177080.59999990463,-3961684.0856020274,3348999.7860975065,3698410.1297523016,0
177080.79999995232,-3961683.827288499,3349000.1581093734,3698410.1657803245,0
177081.0,-3961683.3163329433,3349000.4927707557,3698410.083304493,0
177081.199999094,-3961683.0546124084,3349000.9456990347,3698410.0747346175,0
177081.39999890327,-3961682.823522438,3349001.4689725386,3698410.054885793,0
177081.59999990463,-3961682.5976696,3349002.0413794187,3698409.999508137,0
177081.79999995232,-3961682.357839849,3349002.6539939777,3698409.8539902475,0
177082.0,-3961681.740957827,3349003.0846298127,3698409.357645487,0
177082.199999094,-3961681.475885437,3349003.7577830288,3698409.127909443,0
177082.39999890327,-3961681.2082088413,3349004.4866422317,3698408.8667472065,0
177082.59999990463,-3961680.932993907,3349005.2550892746,3698408.5474805897,0
177082.79999995232,-3961680.6446010787,3349006.057408547,3698408.193890115,0
177083.0,-3961680.275731762,3349006.7903761165,3698407.4783068327,0
177083.199999094,-3961679.99589848,3349007.6526804673,3698407.01965754,0
177083.39999890327,-3961679.701597609,3349008.5478727906,3698406.537702585,0
177083.59999990463,-3961679.4410856697,3349009.4886294524,3698406.016127389,0
177083.79999995232,-3961679.2044941634,3349010.455276512,3698405.451623952,0
177084.0,-3961678.9363156925,3349011.318457875,3698404.59133423,0
177084.199999094,-3961678.719161711,3349012.309550739,3698403.9587183627,0
177084.39999890327,-3961678.515471424,3349013.3142313724,3698403.291752112,0
177084.59999990463,-3961678.3022182737,3349014.342857345,3698402.617732647,0
177084.79999995232,-3961678.103293119,3349015.393281425,3698401.9440641976,0
177085.0,-3961677.75629451,3349016.3398284526,3698401.0728628645,0
177085.199999094,-3961677.5630914294,3349017.418525764,3698400.327490512,0
177085.39999890327,-3961677.3748067347,3349018.546191211,3698399.5808245074,0
177085.59999990463,-3961677.1667531957,3349019.671807224,3698398.8042853936,0
177085.79999995232,-3961676.9493029057,3349020.9009174006,3698398.042142969,0
177086.0,-3961676.6247099186,3349022.166195476,3698397.0255842293,0
177086.199999094,-3961676.407478344,3349023.486216733,3698396.2204847164,0
177086.39999890327,-3961676.166176609,3349024.823269435,3698395.3633102956,0
177086.59999990463,-3961675.907539517,3349026.176654109,3698394.4630837953,0
177086.79999995232,-3961675.6435193107,3349027.574988145,3698393.5452387873,0
177087.0,-3961675.228797273,3349028.896199622,3698392.409781625,0
177087.199999094,-3961674.9725520085,3349030.326979041,3698391.444569735,0
177087.39999890327,-3961674.693006821,3349031.7860410553,3698390.4673318285,0
177087.59999990463,-3961674.3873976083,3349033.27841221,3698389.483969089,0
177087.79999995232,-3961674.0778547274,3349034.7753622755,3698388.4676527055,0
177088.0,-3961673.7317943657,3349036.270389435,3698387.350867212,0
177088.199999094,-3961673.4310019943,3349037.8121855697,3698386.2965231575,0
177088.39999890327,-3961673.1052633137,3349039.36497612,3698385.208181125,0
177088.59999990463,-3961672.7588975737,3349040.9695421895,3698384.1187977022,0
177088.79999995232,-3961672.421413694,3349042.6185190547,3698383.0292815333,0
177089.0,-3961672.047790477,3349044.273164359,3698381.935057157,0
177089.199999094,-3961671.6966523505,3349045.9423407437,3698380.8126576096,0
177089.39999890327,-3961671.317340947,3349047.6270165015,3698379.682654934,0
177089.59999990463,-3961670.939591733,3349049.327906733,3698378.533497921,0
177089.79999995232,-3961670.548451348,3349051.0307574156,3698377.3724140176,0
177090.0,-3961670.140557275,3349052.771743783,3698376.2560993293,0
177090.199999094,-3961669.763087855,3349054.5106526604,3698375.0934659652,0
177090.39999890327,-3961669.372912344,3349056.267445825,3698373.9215547643,0
177090.59999990463,-3961668.9889722057,3349058.0374647924,3698372.7397629735,0
177090.79999995232,-3961668.6129395072,3349059.812737001,3698371.5486617857,0
177091.0,-3961668.234211076,3349061.5364365787,3698370.304327204,0
177091.199999094,-3961667.8652710835,3349063.3330775276,3698369.111447865,0
177091.39999890327,-3961667.501424808,3349065.1495366334,3698367.914557026,0
177091.59999990463,-3961667.1312725516,3349066.9651752124,3698366.7290721363,0
177091.79999995232,-3961666.7716690004,3349068.7937135883,3698365.5195810795,0
177092.0,-3961666.285470825,3349070.5811852994,3698364.299253854,0
177092.20000004768,-3961665.9161949395,3349072.402292047,3698363.0605747895,0
177092.39999890327,-3961665.5481071365,3349074.2367323367,3698361.843618863,0
177092.59999990463,-3961665.1938829115,3349076.079951206,3698360.6110736444,0
177092.79999899864,-3961664.831281696,3349077.9187265746,3698359.3756415113,0
177093.0,-3961664.4362128344,3349079.747866912,3698358.1332169855,0
177093.20000004768,-3961664.096384633,3349081.6141968844,3698356.8993430426,0
177093.39999890327,-3961663.748906719,3349083.4730687942,3698355.6569480244,0
177093.59999990463,-3961663.4174651867,3349085.3512699986,3698354.425818408,0
177093.79999899864,-3961663.0853569987,3349087.2417622465,3698353.2112490055,0
177094.0,-3961662.7185427286,3349089.0939088515,3698351.9032322066,0
177094.20000004768,-3961662.383641942,3349090.987109141,3698350.637309734,0
177094.39999890327,-3961662.044617476,3349092.8908580085,3698349.344297238,0
177094.59999990463,-3961661.716713486,3349094.8260340104,3698348.0980848963,0
177094.79999899864,-3961661.3984874967,3349096.7828802015,3698346.8552100705,0
177095.0,-3961661.04542578,3349098.738853681,3698345.595501735,0
177095.20000004768,-3961660.741821595,3349100.721236239,3698344.4068650277,0
177095.39999890327,-3961660.454965449,3349102.7286812174,3698343.1810072637,0
177095.59999990463,-3961660.1628880906,3349104.7288515726,3698341.925042332,0
177095.79999899864,-3961659.860801013,3349106.7201046264,3698340.640068518,0
177096.0,-3961659.4698969177,3349108.6609594566,3698339.106160914,0
177096.20000004768,-3961659.1825959855,3349110.650631569,3698337.78812891,0
177096.39999890327,-3961658.8952113185,3349112.617434932,3698336.466636812,0
177096.59999990463,-3961658.6142649017,3349114.615766978,3698335.1621228056,0
177096.79999899864,-3961658.3522772137,3349116.642895638,3698333.8690670696,0
177097.0,-3961658.101174543,3349118.683574851,3698332.5860330286,0
177097.20000004768,-3961657.8088246607,3349120.6894749575,3698331.275992758,0
177097.39999890327,-3961657.499295313,3349122.6985541945,3698329.9587104428,0
177097.59999990463,-3961657.1772736427,3349124.698552062,3698328.632706234,0
177097.79999899864,-3961656.8684558785,3349126.688010159,3698327.313960095,0
177098.0,-3961656.5940918555,3349128.7071039826,3698325.9924918357,0
177098.20000004768,-3961656.3030108516,3349130.715146546,3698324.679206271,0
177098.39999890327,-3961656.002374932,3349132.709662034,3698323.3696459406,0
177098.59999990463,-3961655.699817035,3349134.6905243555,3698322.060744063,0
177098.79999899864,-3961655.398940883,3349136.6759509146,3698320.7633792628,0
177099.0,-3961655.136173428,3349138.63300312,3698319.437840644,0
177099.20000004768,-3961654.842040852,3349140.5992675712,3698318.1418684004,0
177099.39999890327,-3961654.5537724416,3349142.559713229,3698316.85907121,0
177099.59999990463,-3961654.2743465733,3349144.535411179,3698315.580596552,0
177099.79999899864,-3961653.9717673175,3349146.4967186516,3698314.31543072,0
177100.0,-3961653.646772522,3349148.4452759335,3698313.0373251475,0
177100.20000004768,-3961653.350245678,3349150.4199204,3698311.7891261405,0
177100.39999890327,-3961653.053355078,3349152.415843487,3698310.52866114,0
177100.59999990463,-3961652.7339465227,3349154.399931543,3698309.263852828,0
177100.79999899864,-3961652.411831032,3349156.3827102394,3698307.996532382,0
177101.0,-3961652.0260117794,3349158.330898308,3698306.655959748,0
177101.20000004768,-3961651.7361819576,3349160.3296134863,3698305.3798807007,0
177101.39999890327,-3961651.4434094187,3349162.3237079317,3698304.107880573,0
177101.59999990463,-3961651.1385140778,3349164.3076365497,3698302.8329971815,0
177101.79999899864,-3961650.823671677,3349166.2864925438,3698301.5716725276,0
177102.0,-3961650.5001210747,3349168.233667704,3698300.2849925193,0
177102.20000004768,-3961650.204516144,3349170.1942065083,3698299.0195103264,0
177102.39999890327,-3961649.9010175033,3349172.1627019737,3698297.769992525,0
177102.59999990463,-3961649.6112415353,3349174.134540672,3698296.5191011583,0
177102.79999899864,-3961649.30273539,3349176.092745834,3698295.2677116217,0
177103.0,-3961648.8162483526,3349177.9998938874,3698293.9996387693,0
177103.20000004768,-3961648.4880510448,3349179.953440435,3698292.7718657916,0
177103.39999890327,-3961648.1594133894,3349181.885046796,3698291.5531260655,0
177103.59999990463,-3961647.87579856,3349183.825002058,3698290.324690714,0
177103.79999899864,-3961647.523407217,3349185.7493906063,3698289.0921541713,0
177104.0,-3961647.1697091176,3349187.644042946,3698287.719720508,0
177104.20000004768,-3961646.881365685,3349189.5622620066,3698286.5198869137,0
177104.39999890327,-3961646.610450137,3349191.5007798504,3698285.341235935,0
177104.59999990463,-3961646.3396698725,3349193.4131545597,3698284.1982024238,0
177104.79999899864,-3961646.067704573,3349195.3068925366,3698282.9982836316,0
177105.0,-3961645.707120039,3349197.181928369,3698281.6833890355,0
177105.20000004768,-3961645.425887111,3349199.0697638285,3698280.4720814144,0
177105.39999890327,-3961645.1078910027,3349200.964144516,3698279.2576121115,0
177105.59999990463,-3961644.7980663693,3349202.8574156654,3698278.0627537398,0
177105.79999899864,-3961644.5225458965,3349204.7747250763,3698276.872004247,0
177106.0,-3961644.044697759,3349206.6304335557,3698275.483121735,0
177106.20000004768,-3961643.7597022615,3349208.5294603566,3698274.2581441365,0
177106.39999890327,-3961643.504687404,3349210.42855643,3698273.039161006,0
177106.59999990463,-3961643.2555922214,3349212.346004553,3698271.8384951917,0
177106.79999899864,-3961642.994847792,3349214.257279231,3698270.6388846356,0
177107.0,-3961642.4529144187,3349215.9643518734,3698269.3982581743,0
177107.20000004768,-3961642.153604285,3349217.8337756847,3698268.2110138624,0
177107.39999890327,-3961641.8572994675,3349219.68458906,3698267.005915675,0
177107.59999990463,-3961641.5389849753,3349221.509694751,3698265.8350411323,0
177107.79999899864,-3961641.2194415196,3349223.3274456337,3698264.6508934284,0
177108.0,-3961640.5721389935,3349224.9673408247,3698263.268235035,0
177108.20000004768,-3961640.236382351,3349226.781452245,3698262.0725001707,0
177108.39999890327,-3961639.9672891903,3349228.5838403204,3698260.908693702,0
177108.59999990463,-3961639.635524472,3349230.348955399,3698259.7241119016,0
177108.79999899864,-3961639.333302472,3349232.1230166773,3698258.575294779,0
177109.0,-3961638.9728007927,3349233.9457809106,3698257.6174641275,0
177109.20000004768,-3961638.664974762,3349235.716419479,3698256.461882912,0
177109.39999890327,-3961638.3448083196,3349237.469304436,3698255.3068737024,0
177109.59999990463,-3961638.012008026,3349239.1924106185,3698254.154965782,0
177109.79999899864,-3961637.6623524744,3349240.9051356595,3698253.0216047214,0
177110.0,-3961637.2574845343,3349242.627385279,3698251.903417084,0
177110.20000004768,-3961636.9581675194,3349244.32217893,3698250.7754887515,0
177110.39999890327,-3961636.6376358503,3349245.9989746865,3698249.67098965,0
177110.59999990463,-3961636.3358357903,3349247.674892638,3698248.58356586,0
177110.79999899864,-3961636.044281351,3349249.3144076727,3698247.473612453,0
177111.0,-3961635.4531723745,3349250.697404199,3698246.217967934,0
177111.20000004768,-3961635.1422563097,3349252.3055255944,3698245.1328122746,0
177111.39999890327,-3961634.8291744175,3349253.892321642,3698244.015580864,0
177111.59999990463,-3961634.515571218,3349255.4373580245,3698242.935042621,0
177111.79999899864,-3961634.20700351,3349256.9965979857,3698241.9121902008,0
177112.0,-3961633.732740306,3349258.448118422,3698240.8195685856,0
177112.20000004768,-3961633.4300410342,3349259.9420456956,3698239.7902978407,0
177112.39999890327,-3961633.0842648577,3349261.3804941713,3698238.8050528932,0
177112.59999990463,-3961632.7210925412,3349262.759413785,3698237.842652812,0
177112.79999899864,-3961632.325941608,3349264.1257028515,3698236.898499612,0
177113.0,-3961632.2262052023,3349265.5900918804,3698236.0476222164,0
177113.20000004768,-3961631.9212439205,3349266.9078492187,3698235.1429374316,0
177113.39999890327,-3961631.656928326,3349268.197405206,3698234.281809704,0
177113.59999990463,-3961631.3824874707,3349269.4425631873,3698233.4276937065,0
177113.79999899864,-3961631.092027155,3349270.6341435346,3698232.588206234,0
177114.0,-3961630.7979894625,3349271.786510891,3698231.6600026395,0
177114.20000004768,-3961630.530264281,3349272.9577419683,3698230.816478901,0
177114.39999890327,-3961630.2745535066,3349274.1066015353,3698230.0107400906,0
177114.59999990463,-3961630.0536025064,3349275.2378154034,3698229.209678257,0
177114.79999899864,-3961629.8040215424,3349276.3452035575,3698228.4389007865,0
177115.0,-3961629.654622196,3349277.496357264,3698227.7334408904,0
177115.20000004768,-3961629.4631036795,3349278.6101428065,3698227.002974543,0
177115.39999890327,-3961629.2695251107,3349279.695518014,3698226.2657123962,0
177115.59999990463,-3961629.03843282,3349280.725164758,3698225.516468245,0
177115.79999899864,-3961628.8273839317,3349281.7830771212,3698224.7658041166,0
177116.0,-3961628.4837317206,3349282.6866739993,3698224.1280290685,0
177116.20000004768,-3961628.2719288687,3349283.7265281524,3698223.4164984724,0
177116.39999890327,-3961628.0692966566,3349284.7219273723,3698222.7352077416,0
177116.59999990463,-3961627.887086799,3349285.7155020824,3698222.035880358,0
177116.79999899864,-3961627.6778183263,3349286.687027218,3698221.3508298146,0
177117.0,-3961627.399069393,3349287.5094868247,3698220.633143459,0
177117.20000004768,-3961627.2127894643,3349288.4179348517,3698219.9836878595,0
177117.39999890327,-3961627.0797209013,3349289.3028388578,3698219.400353672,0
177117.59999990463,-3961626.9616780113,3349290.129325081,3698218.865685275,0
177117.79999899864,-3961626.8362273583,3349290.956703334,3698218.328122759,0
177118.0,-3961626.767904197,3349291.695290443,3698218.0311216097,0
177118.20000004768,-3961626.6557574254,3349292.477800415,3698217.549903306,0
177118.39999890327,-3961626.5366648147,3349293.2007167684,3698217.0924164825,0
177118.59999990463,-3961626.441685929,3349293.9191726116,3698216.7046030033,0
177118.79999899864,-3961626.3625786863,3349294.6046986845,3698216.3132432173,0
177119.0,-3961626.0651892642,3349295.343975685,3698215.8025794304,0
177119.20000004768,-3961625.9936288134,3349295.998434882,3698215.446787976,0
177119.39999890327,-3961625.962286418,3349296.650377798,3698215.1703062565,0
177119.59999990463,-3961625.903223986,3349297.2676100987,3698214.913359507,0
177119.79999899864,-3961625.8718709443,3349297.8589044935,3698214.703511674,0
177120.0,-3961625.6221215134,3349298.3173755803,3698214.4760622415,0
177120.20000004768,-3961625.6062000715,3349298.8618471674,3698214.310929189,0
177120.40000009537,-3961625.6377574643,3349299.417403499,3698214.201416347,0
177120.59999990463,-3961625.6324037616,3349299.905448318,3698214.0751559786,0
177120.79999995232,-3961625.6496974803,3349300.37467667,3698213.9682394145,0
177121.0,-3961625.351466211,3349300.648474851,3698213.294963686,0
177121.199999094,-3961625.3457656624,3349301.0720744063,3698213.146621286,0
177121.39999890327,-3961625.361449973,3349301.500031606,3698213.064364929,0
177121.59999990463,-3961625.307133409,3349301.8004975324,3698212.96582307,0
177121.79999995232,-3961625.2784978207,3349302.102682098,3698212.8713911837,0
177122.0,-3961624.898030791,3349302.1305739973,3698212.3958436316,0
177122.20000004768,-3961624.844877047,3349302.374662704,3698212.278355253,0
177122.39999890327,-3961624.814828537,3349302.62945925,3698212.208995764,0
177122.59999990463,-3961624.7987188906,3349302.870907773,3698212.1466996325,0
177122.79999899864,-3961624.7896944615,3349303.084124343,3698212.0609076535,0
177123.0,-3961624.605929574,3349303.128773627,3698211.7487258036,0
177123.20000004768,-3961624.568539131,3349303.278122604,3698211.62591948,0
177123.39999890327,-3961624.539111157,3349303.420446457,3698211.5547819347,0
177123.59999990463,-3961624.510908699,3349303.5341659263,3698211.4734645914,0
177123.79999899864,-3961624.475365024,3349303.627969082,3698211.388092691,0
177124.0,-3961624.452506357,3349303.7612659656,3698211.424218773,0
177124.20000004768,-3961624.420649441,3349303.861145674,3698211.3610610743,0
177124.40000009537,-3961624.419561726,3349303.965141111,3698211.312936783,0
177124.59999895096,-3961624.3977514817,3349304.0643953583,3698211.262581191,0
177124.79999899864,-3961624.3880828638,3349304.1661068993,3698211.2124364106,0
177125.0,-3961624.3092500158,3349304.1579484753,3698211.1300990917,0
177125.20000004768,-3961624.279186933,3349304.22059617,3698211.074157114,0
177125.40000009537,-3961624.261445269,3349304.263114332,3698211.0238597374,0
177125.59999895096,-3961624.2619990213,3349304.3037138847,3698211.00842459,0
177125.79999899864,-3961624.2339282725,3349304.3130723783,3698210.9929282847,0
177126.0,-3961624.2267842893,3349304.311043238,3698211.044239713,0
177126.20000004768,-3961624.2191873947,3349304.31034007,3698211.041860954,0
177126.40000009537,-3961624.2168994946,3349304.3117349204,3698211.0389945973,0
177126.59999895096,-3961624.213883759,3349304.3117935183,3698211.0383666265,0
177126.79999899864,-3961624.213524986,3349304.310724729,3698211.037355078,0
177127.0,-3961624.2178128078,3349304.2960642194,3698211.132685779,0
177127.20000004768,-3961624.2230890663,3349304.298525601,3698211.1356615806,0
177127.40000009537,-3961624.2328528506,3349304.2962766476,3698211.1388382157,0
177127.59999895096,-3961624.232931184,3349304.2964813258,3698211.1382831167,0
177127.79999899864,-3961624.231440718,3349304.2922997926,3698211.135052697,0
177128.0,-3961624.199752598,3349304.2841692115,3698211.198488417,0
177128.199999094,-3961624.187158102,3349304.278421304,3698211.189863992,0
177128.40000009537,-3961624.1716690483,3349304.2708110986,3698211.180672295,0
177128.59999895096,-3961624.1576297428,3349304.260476807,3698211.175124602,0
177128.79999995232,-3961624.138595476,3349304.252010167,3698211.1568965283,0
177129.0,-3961624.1862849128,3349304.2761547244,3698211.2621488804,0
177129.199999094,-3961624.1885874188,3349304.2780082542,3698211.2627385203,0
177129.40000009537,-3961624.195677069,3349304.2816187334,3698211.2620916395,0
177129.59999895096,-3961624.2115491517,3349304.2840113216,3698211.2692289744,0
177129.79999995232,-3961624.234016629,3349304.2893475853,3698211.2775397846,0
177130.0,-3961624.16819375,3349304.2638351605,3698211.3176861177,0
177130.199999094,-3961624.1955259237,3349304.273022599,3698211.3252316923,0
177130.40000009537,-3961624.221904131,3349304.283938177,3698211.32806056,0
177130.59999895096,-3961624.2687334437,3349304.2990819053,3698211.332949176,0
177130.79999995232,-3961624.3270649365,3349304.318252683,3698211.3413476176,0
177131.0,-3961624.150904269,3349304.2558678673,3698211.3664987683,0
177131.199999094,-3961624.168919268,3349304.2625325164,3698211.3703175234,0
177131.40000009537,-3961624.1855518133,3349304.2666310524,3698211.377742985,0
177131.59999895096,-3961624.1895158547,3349304.2670654748,3698211.373055429,0
177131.79999995232,-3961624.192356006,3349304.2670421577,3698211.3726006877,0
177132.0,-3961624.1357336883,3349304.244675084,3698211.415232933,0
177132.199999094,-3961624.137101498,3349304.246862065,3698211.415857041,0
177132.40000009537,-3961624.1547593838,3349304.255349026,3698211.421110067,0
177132.59999895096,-3961624.1624545227,3349304.2613119604,3698211.4231537096,0
177132.79999995232,-3961624.1640053806,3349304.2639318467,3698211.4310183288,0
177133.0,-3961624.1229080316,3349304.2384207677,3698211.4526387984,0
177133.199999094,-3961624.1210254706,3349304.2380297077,3698211.451622792,0
177133.40000009537,-3961624.1162820496,3349304.23879486,3698211.454010984,0
177133.59999895096,-3961624.1125628906,3349304.236537991,3698211.462392925,0
177133.79999995232,-3961624.108258124,3349304.237641773,3698211.4665980856,0
177134.0,-3961624.119911124,3349304.23815659,3698211.4906942146,0
177134.199999094,-3961624.1273164563,3349304.2407828663,3698211.49609806,0
177134.40000009537,-3961624.131921156,3349304.240957172,3698211.4912882387,0
177134.59999895096,-3961624.149116652,3349304.244007867,3698211.4978456814,0
177134.79999995232,-3961624.153099682,3349304.2452593986,3698211.500111157,0
177135.0,-3961624.080293493,3349304.2747997297,3698211.4875409626,0
177135.199999094,-3961624.0735217137,3349304.271886609,3698211.479872728,0
177135.40000009537,-3961624.0636203587,3349304.2677480313,3698211.4697280256,0
177135.59999895096,-3961624.059517377,3349304.261279369,3698211.4610613105,0
177135.79999995232,-3961624.0596583015,3349304.2608782677,3698211.45318621,0
177136.0,-3961624.0707007097,3349304.2833802016,3698211.507218608,0
177136.199999094,-3961624.0848957654,3349304.288068281,3698211.503490806,0
177136.39999890327,-3961624.09450531,3349304.293686721,3698211.496789131,0
177136.59999990463,-3961624.1038555074,3349304.2965952754,3698211.489554699,0
177136.79999995232,-3961624.113820893,3349304.3003936643,3698211.486594681,0
177137.0,-3961624.062590549,3349304.2971006487,3698211.526522155,0
177137.199999094,-3961624.0825003707,3349304.3045783783,3698211.5349470004,0
177137.39999890327,-3961624.105807909,3349304.313719953,3698211.5403862223,0
177137.59999990463,-3961624.1185791693,3349304.322292908,3698211.538865404,0
177137.79999995232,-3961624.1291457093,3349304.3275131253,3698211.537380957,0
177138.0,-3961624.065933505,3349304.3132631923,3698211.5497322227,0
177138.199999094,-3961624.0702714226,3349304.3138580215,3698211.552158358,0
177138.39999890327,-3961624.0829739333,3349304.3151544784,3698211.5660612453,0
177138.59999990463,-3961624.0906563657,3349304.3147346172,3698211.575436388,0
177138.79999995232,-3961624.083962012,3349304.3132909695,3698211.570555934,0
177139.0,-3961624.055737236,3349304.3176927273,3698211.5604637614,0
177139.199999094,-3961624.0467840233,3349304.3164432007,3698211.5511563835,0
177139.39999890327,-3961624.0475104814,3349304.3167813295,3698211.5484104403,0
177139.59999990463,-3961624.0565096135,3349304.315608778,3698211.556374155,0
177139.79999995232,-3961624.05512466,3349304.3165698564,3698211.5574712846,0
177140.0,-3961624.050779021,3349304.3307479774,3698211.580831153,0
177140.199999094,-3961624.045429861,3349304.329283142,3698211.5903297956,0
177140.39999890327,-3961624.049898459,3349304.32887337,3698211.605679423,0
177140.59999990463,-3961624.043897225,3349304.326789648,3698211.6112244646,0
177140.79999995232,-3961624.0358637488,3349304.32212896,3698211.6185714193,0
177141.0,-3961624.055902463,3349304.3494759416,3698211.6052595438,0
177141.199999094,-3961624.0576805454,3349304.3482354083,3698211.612871556,0
177141.39999890327,-3961624.051203639,3349304.3406109186,3698211.605873499,0
177141.59999990463,-3961624.054326734,3349304.33943599,3698211.601241777,0
177141.79999995232,-3961624.0646302155,3349304.3379200962,3698211.599880306,0
177142.0,-3961624.0522576156,3349304.360556899,3698211.613902269,0
177142.199999094,-3961624.0573527673,3349304.359784388,3698211.612574715,0
177142.39999890327,-3961624.060444028,3349304.362019633,3698211.6161793577,0
177142.59999990463,-3961624.0602290523,3349304.3620751267,3698211.6120773796,0
177142.79999995232,-3961624.067679914,3349304.362121073,3698211.6108670984,0
177143.0,-3961624.062620532,3349304.392470121,3698211.6529571353,0
177143.199999094,-3961624.0645237076,3349304.3939257334,3698211.65253893,0
177143.39999890327,-3961624.0736733535,3349304.393229179,3698211.659754438,0
177143.59999990463,-3961624.085653817,3349304.3978390354,3698211.665117712,0
177143.79999995232,-3961624.0914153927,3349304.3954582363,3698211.668928794,0
177144.0,-3961624.0590682174,3349304.4054541592,3698211.6673503993,0
177144.199999094,-3961624.0536910095,3349304.4044319545,3698211.654433807,0
177144.39999890327,-3961624.050018029,3349304.4052042775,3698211.6431167047,0
177144.59999990463,-3961624.0485214167,3349304.4051954355,3698211.6398001034,0
177144.79999995232,-3961624.0549853863,3349304.405263151,3698211.6351838126,0
177145.0,-3961624.0604888997,3349304.424326607,3698211.6962237265,0
177145.199999094,-3961624.0662239864,3349304.425056537,3698211.6954909093,0
177145.39999890327,-3961624.072762388,3349304.4258397366,3698211.6922770566,0
177145.59999990463,-3961624.0719548063,3349304.4247405073,3698211.6829190077,0
177145.79999995232,-3961624.0813176,3349304.4281455106,3698211.6797658475,0
177146.0,-3961624.063061497,3349304.4290026063,3698211.700161065,0
177146.199999094,-3961624.063120913,3349304.425996782,3698211.6932328264,0
177146.39999890327,-3961624.0586998924,3349304.4230162846,3698211.6818641075,0
177146.59999990463,-3961624.052541725,3349304.4194249874,3698211.6679177717,0
177146.79999995232,-3961624.0508982968,3349304.418269448,3698211.652848381,0
177147.0,-3961624.066752477,3349304.439843631,3698211.7198195923,0
177147.199999094,-3961624.0704290825,3349304.4423748353,3698211.7191802245,0
177147.39999890327,-3961624.0686319885,3349304.442706116,3698211.7221515495,0
177147.59999990463,-3961624.0718334904,3349304.4436327755,3698211.7248718794,0
177147.79999995232,-3961624.078734814,3349304.446188615,3698211.725666733,0
177148.0,-3961624.071327715,3349304.447048803,3698211.7363094767,0
177148.199999094,-3961624.077240578,3349304.4502996025,3698211.7408589693,0
177148.39999890327,-3961624.087682649,3349304.454839881,3698211.7532279133,0
177148.59999990463,-3961624.097849517,3349304.4603237254,3698211.7638060316,0
177148.79999995232,-3961624.1079496318,3349304.4656046224,3698211.7633226174,0
177149.0,-3961624.069804689,3349304.453620901,3698211.7495253817,0
177149.199999094,-3961624.063520128,3349304.450442666,3698211.7459995057,0
177149.39999890327,-3961624.065435859,3349304.44971216,3698211.753063676,0
177149.59999990463,-3961624.056986273,3349304.4460884295,3698211.7535933554,0
177149.79999995232,-3961624.0537773822,3349304.4431407624,3698211.7541067675,0
177150.0,-3961624.078869179,3349304.474703906,3698211.7806666656,0
177150.199999094,-3961624.08182261,3349304.476106277,3698211.782028919,0
177150.39999890327,-3961624.0788940596,3349304.4780599913,3698211.7801855835,0
177150.59999990463,-3961624.0753598926,3349304.478164157,3698211.7823622725,0
177150.79999995232,-3961624.0704136346,3349304.476492389,3698211.781557328,0
177151.0,-3961624.0795653877,3349304.494059002,3698211.802890251,0
177151.199999094,-3961624.070295442,3349304.49032846,3698211.8014228987,0
177151.39999890327,-3961624.060195389,3349304.489045509,3698211.7999349707,0
177151.59999990463,-3961624.044090206,3349304.4839732107,3698211.793788482,0
177151.79999995232,-3961624.023716315,3349304.4790411205,3698211.7866554884,0
177152.0,-3961624.0773717337,3349304.5133398217,3698211.821161818,0
177152.20000004768,-3961624.0733286217,3349304.513927757,3698211.8183859494,0
177152.39999890327,-3961624.070073083,3349304.511702258,3698211.815121153,0
177152.59999990463,-3961624.0655454504,3349304.5095585687,3698211.8124687085,0
177152.79999899864,-3961624.0489046904,3349304.502243345,3698211.807508326,0
177153.0,-3961624.077380392,3349304.5325400843,3698211.8298411793,0
177153.20000004768,-3961624.0659362716,3349304.526728899,3698211.8240713347,0
177153.39999890327,-3961624.055802966,3349304.5218360093,3698211.82005735,0
177153.59999990463,-3961624.0809587864,3349304.53109951,3698211.8289718437,0
177153.79999899864,-3961624.0927453977,3349304.534503622,3698211.8270787126,0
177154.0,-3961624.075511387,3349304.548842726,3698211.8365614456,0
177154.20000004768,-3961624.087117577,3349304.5538167497,3698211.8403260116,0
177154.39999890327,-3961624.0882126763,3349304.5539123896,3698211.8354303837,0
177154.59999990463,-3961624.095533545,3349304.55838768,3698211.8371481616,0
177154.79999899864,-3961624.1001241775,3349304.5580804027,3698211.8260711688,0
177155.0,-3961624.0868057176,3349304.5598723413,3698211.8441977934,0
177155.20000004768,-3961624.100952026,3349304.567618075,3698211.842455491,0
177155.39999890327,-3961624.1039735368,3349304.5686477018,3698211.8377228724,0
177155.59999990463,-3961624.1240947177,3349304.575541553,3698211.845369864,0
177155.79999899864,-3961624.1429663664,3349304.5799934347,3698211.8505317112,0
177156.0,-3961624.0924338214,3349304.5796595635,3698211.8576066177,0
177156.20000004768,-3961624.0914298706,3349304.5767181697,3698211.850813121,0
177156.39999890327,-3961624.09118184,3349304.57623642,3698211.8459438384,0
177156.59999990463,-3961624.087219024,3349304.572048528,3698211.834346356,0
177156.79999899864,-3961624.083998855,3349304.5683949254,3698211.821824285,0
177157.0,-3961624.081922496,3349304.5971243153,3698211.8383637704,0
177157.20000004768,-3961624.0719030164,3349304.5960057233,3698211.8256019196,0
177157.39999890327,-3961624.068082909,3349304.5978783313,3698211.819906354,0
177157.59999990463,-3961624.0633332394,3349304.5957586057,3698211.808022352,0
177157.79999899864,-3961624.0671585854,3349304.614574046,3698211.7971435077,0
177158.0,-3961624.0651360066,3349304.676811254,3698211.7853891463,0
177158.20000004768,-3961624.0693385596,3349304.7366689234,3698211.7659524255,0
177158.39999890327,-3961624.076689466,3349304.8131384687,3698211.7328111846,0
177158.59999990463,-3961624.095655606,3349304.9359350046,3698211.6963477917,0
177158.79999899864,-3961624.133323894,3349305.087053652,3698211.642121593,0
177159.0,-3961624.000241385,3349305.2808342255,3698211.4115826846,0
177159.20000004768,-3961624.009581186,3349305.4898847695,3698211.3329332685,0
177159.39999890327,-3961624.035630723,3349305.745463861,3698211.2537821867,0
177159.59999990463,-3961624.0808594185,3349306.0753698475,3698211.186041846,0
177159.79999899864,-3961624.1225847495,3349306.4415804776,3698211.094997105,0
177160.0,-3961623.6588612185,3349306.728503641,3698210.39595551,0
177160.20000004768,-3961623.62263217,3349307.136926091,3698210.1990775065,0
177160.39999890327,-3961623.609158305,3349307.616312645,3698210.039195924,0
177160.59999990463,-3961623.6219518846,3349308.1614833684,3698209.8711556843,0
177160.79999899864,-3961623.617230907,3349308.7276063506,3698209.69108447,0
177161.0,-3961623.292441925,3349309.291500846,3698208.8733674353,0
177161.20000004768,-3961623.254868636,3349309.9194343425,3698208.6262668227,0
177161.39999890327,-3961623.2291740864,3349310.602592427,3698208.4341598884,0
177161.59999990463,-3961623.1914023603,3349311.3342294027,3698208.294287124,0
177161.79999899864,-3961623.115492805,3349312.0670225485,3698208.128523122,0
177162.0,-3961622.593769857,3349312.6251383866,3698206.7697325493,0
177162.20000004768,-3961622.4743633457,3349313.3443483287,3698206.481115255,0
177162.39999890327,-3961622.3845459204,3349314.1883816957,3698206.278607407,0
177162.59999990463,-3961622.281426599,3349315.075941056,3698206.0855476297,0
177162.79999899864,-3961622.150528824,3349315.9891498177,3698205.8654956,0
177163.0,-3961621.9772396963,3349317.0288297776,3698204.887845757,0
177163.20000004768,-3961621.815283865,3349317.98339473,3698204.492428304,0
177163.39999890327,-3961621.6476708376,3349318.977262701,3698204.110996274,0
177163.59999990463,-3961621.4942462705,3349320.012934218,3698203.701516834,0
177163.79999899864,-3961621.304545581,3349321.0909631643,3698203.2336296453,0
177164.0,-3961621.0211139326,3349322.2096068086,3698202.065444239,0
177164.20000004768,-3961620.803639304,3349323.314815174,3698201.4687920585,0
177164.39999890327,-3961620.580169584,3349324.454793579,3698200.863313506,0
177164.59999990463,-3961620.3485553833,3349325.641162729,3698200.2640375416,0
177164.79999899864,-3961620.028589562,3349326.848834363,3698199.3720629467,0
177165.0,-3961619.586999125,3349328.145553624,3698198.097966111,0
177165.20000004768,-3961619.262382942,3349329.391825066,3698197.223006261,0
177165.39999890327,-3961618.9225661904,3349330.656538326,3698196.332756313,0
177165.59999990463,-3961618.5793312886,3349331.9406627794,3698195.4534413945,0
177165.79999899864,-3961618.226774149,3349333.247330464,3698194.554436528,0
177166.0,-3961617.7583921137,3349334.6581455846,3698193.212749291,0
177166.20000004768,-3961617.4074496524,3349336.03008842,3698192.267756176,0
177166.39999890327,-3961617.0742731374,3349337.4468563874,3698191.3225657474,0
177166.59999990463,-3961616.782111127,3349338.887782428,3698190.347748653,0
177166.79999899864,-3961616.497701279,3349340.338709952,3698189.337937132,0
177167.0,-3961616.2760313926,3349341.8797226977,3698187.9566706903,0
177167.20000004768,-3961616.020779714,3349343.3712837496,3698186.8935509375,0
177167.39999890327,-3961615.7963903323,3349344.880701921,3698185.8319849363,0
177167.59999990463,-3961615.511441732,3349346.358998842,3698184.752593314,0
177167.79999899864,-3961615.2059549126,3349347.8203509324,3698183.6627443153,0
177168.0,-3961614.4526773416,3349349.3559727944,3698182.499779046,0
177168.20000004768,-3961614.161686446,3349350.862634712,3698181.4469585954,0
177168.39999890327,-3961613.986944458,3349352.417330462,3698180.4296010393,0
177168.59999990463,-3961613.897013079,3349353.940015222,3698179.3833294874,0
177168.79999899864,-3961613.9207034125,3349355.5271611563,3698178.4029234787,0
177169.0,-3961612.991343642,3349356.9094389915,3698177.2302801507,0
177169.20000004768,-3961612.9069035402,3349358.4764710525,3698176.2811312582,0
177169.39999890327,-3961612.8262180374,3349360.0783897745,3698175.337574538,0
177169.59999990463,-3961612.728943744,3349361.681003032,3698174.405169154,0
177169.79999899864,-3961612.399146581,3349363.249680046,3698173.421650168,0
177170.0,-3961610.5799405794,3349364.622702666,3698171.195142275,0
177170.20000004768,-3961610.218457266,3349366.1594593227,3698170.1192802098,0
177170.39999890327,-3961609.896556886,3349367.6640517553,3698169.0137993204,0
177170.59999990463,-3961609.579610222,3349369.131692037,3698167.850513291,0
177170.79999899864,-3961609.2367621907,3349370.5835303906,3698166.667538452,0
177171.0,-3961608.5505523095,3349372.396001673,3698165.418655315,0
177171.20000004768,-3961608.201950584,3349373.9631456197,3698164.3183623534,0
177171.39999890327,-3961607.876753868,3349375.550665192,3698163.3191285785,0
177171.59999990463,-3961607.4566170946,3349377.131328536,3698162.384812434,0
177171.79999899864,-3961607.0113925133,3349378.754377832,3698161.433691437,0
177172.0,-3961606.6355480645,3349380.2812569784,3698159.720200387,0
177172.20000004768,-3961606.249944877,3349381.8711158535,3698158.6337075583,0
177172.39999890327,-3961605.8688116437,3349383.4842800135,3698157.570965061,0
177172.59999990463,-3961605.444912699,3349385.0609847447,3698156.471376899,0
177172.79999899864,-3961605.0703399368,3349386.5964324228,3698155.326638124,0
177173.0,-3961604.7496361053,3349388.1898024827,3698154.077984234,0
177173.20000004768,-3961604.3904523696,3349389.756612635,3698152.9907425605,0
177173.39999890327,-3961604.0369202318,3349391.3299816954,3698151.9157367246,0
177173.59999990463,-3961603.692912876,3349392.917501199,3698150.854431361,0
177173.79999899864,-3961603.463638455,3349394.4979718933,3698149.8736806596,0
177174.0,-3961602.9953428777,3349396.0069990666,3698148.637318499,0
177174.20000004768,-3961602.78741393,3349397.559122412,3698147.5888316357,0
177174.39999890327,-3961602.5536310966,3349399.0700200214,3698146.5117066717,0
177174.59999990463,-3961602.3495454513,3349400.5507148798,3698145.4162093387,0
177174.79999899864,-3961602.144000943,3349402.0093505527,3698144.4281609794,0
177175.0,-3961601.3893269687,3349403.421300459,3698143.4973692256,0
177175.20000004768,-3961601.1391312284,3349404.840071067,3698142.617060795,0
177175.39999890327,-3961600.8823277205,3349406.2183514815,3698141.79772789,0
177175.59999990463,-3961600.7048174986,3349407.583191367,3698141.0429198183,0
177175.79999899864,-3961600.519251579,3349408.921556336,3698140.3154861676,0
177176.0,-3961599.9905104875,3349410.2544626095,3698138.8962972276,0
177176.20000004768,-3961599.84655689,3349411.573814714,3698138.1151649086,0
177176.39999890327,-3961599.7918675914,3349412.883400584,3698137.403909013,0
177176.59999990463,-3961599.7968211444,3349414.179493136,3698136.7404365563,0
177176.79999899864,-3961599.822605242,3349415.4188466207,3698136.0733377934,0
177177.0,-3961598.499946645,3349416.6416706224,3698134.449562865,0
177177.20000004768,-3961598.3338800203,3349417.8437434086,3698133.6182830054,0
177177.39999890327,-3961598.316495001,3349419.0058459397,3698132.906885381,0
177177.59999990463,-3961598.3454900444,3349420.0960036665,3698132.2265264955,0
177177.79999899864,-3961598.4069155124,3349421.170004509,3698131.5880879397,0
177178.0,-3961597.707450677,3349422.5640729764,3698130.971381757,0
177178.20000004768,-3961597.6374561056,3349423.6485232017,3698130.310474031,0
177178.39999890327,-3961597.6138949385,3349424.6425377084,3698129.6455320655,0
177178.59999990463,-3961597.622336186,3349425.5779691064,3698128.996054543,0
177178.79999899864,-3961597.6107767397,3349426.459112676,3698128.3541342267,0
177179.0,-3961596.640320454,3349427.6907919724,3698127.632943592,0
177179.20000004768,-3961596.542214686,3349428.6026149066,3698127.0516284793,0
177179.39999890327,-3961596.493892594,3349429.4598793103,3698126.4851526194,0
177179.59999990463,-3961596.4040156226,3349430.3073755996,3698125.924742783,0
177179.79999899864,-3961596.3516986542,3349431.171363423,3698125.408601979,0
177180.0,-3961595.6536163753,3349432.2312573777,3698124.5247203484,0
177180.20000004768,-3961595.5260398993,3349433.0752109434,3698124.000877481,0
177180.40000009537,-3961595.3985450044,3349433.8696565167,3698123.5084601194,0
177180.59999990463,-3961595.269624757,3349434.6111307573,3698123.0078823715,0
177180.79999995232,-3961595.1549658272,3349435.3347752886,3698122.5520979236,0
177181.0,-3961594.8597793104,3349436.0143721234,3698121.997913018,0
177181.199999094,-3961594.780542718,3349436.691980557,3698121.556323268,0
177181.39999890327,-3961594.692184934,3349437.315052985,3698121.192968452,0
177181.59999990463,-3961594.6419951087,3349437.9214288206,3698120.869028628,0
177181.79999995232,-3961594.517512485,3349438.476211081,3698120.5982023254,0
177182.0,-3961594.1656984296,3349439.0072679254,3698119.9527181243,0
177182.20000004768,-3961594.0543748704,3349439.5724601233,3698119.660650488,0
177182.39999890327,-3961593.956935736,3349440.1067969133,3698119.4080573777,0
177182.59999990463,-3961593.909177557,3349440.647687213,3698119.1915055984,0
177182.79999899864,-3961593.8310599057,3349441.164495068,3698118.956424299,0
177183.0,-3961593.569008801,3349441.668210534,3698118.202642193,0
177183.20000004768,-3961593.4576106267,3349442.1795440516,3698117.9385796133,0
177183.39999890327,-3961593.36371219,3349442.6684051,3698117.7276377166,0
177183.59999990463,-3961593.2878851914,3349443.1439509015,3698117.552409237,0
177183.79999899864,-3961593.241616389,3349443.6328358673,3698117.395031865,0
177184.0,-3961593.1120414785,3349444.0556882587,3698116.7667681794,0
177184.20000004768,-3961593.037315241,3349444.5129310414,3698116.5314809196,0
177184.40000009537,-3961592.9817777993,3349444.992911565,3698116.3248830982,0
177184.59999895096,-3961592.9154818063,3349445.511184336,3698116.1244123527,0
177184.79999899864,-3961592.868111222,3349446.0573997656,3698115.9392361287,0
177185.0,-3961592.7040800913,3349446.5983035895,3698115.2990346784,0
177185.20000004768,-3961592.6441428554,3349447.170316153,3698115.0419755387,0
177185.40000009537,-3961592.567316028,3349447.7649229323,3698114.7879146957,0
177185.59999895096,-3961592.4780085683,3349448.3750226744,3698114.478747762,0
177185.79999899864,-3961592.3890856905,3349449.00446248,3698114.1396951387,0
177186.0,-3961592.2349439035,3349449.6935464423,3698113.4992946596,0
177186.20000004768,-3961592.1390373297,3349450.350832754,3698113.092493046,0
177186.40000009537,-3961592.022669254,3349451.0378439757,3698112.649975213,0
177186.59999895096,-3961591.918403297,3349451.749403299,3698112.1723053316,0
177186.79999899864,-3961591.8123158948,3349452.487347427,3698111.676627544,0
177187.0,-3961591.146807538,3349453.3942484767,3698110.1918106563,0
177187.20000004768,-3961591.01583489,3349454.191639907,3698109.5729516447,0
177187.40000009537,-3961590.911342606,3349455.0101988274,3698109.018512772,0
177187.59999895096,-3961590.8256791853,3349455.885954301,3698108.5083049103,0
177187.79999899864,-3961590.7181058237,3349456.771948405,3698107.955830572,0
177188.0,-3961590.3945080787,3349457.6326427595,3698107.331622331,0
177188.199999094,-3961590.3678095047,3349458.616411839,3698106.8456577403,0
177188.40000009537,-3961590.3384484937,3349459.6182925683,3698106.2888995092,0
177188.59999895096,-3961590.328887082,3349460.6307955254,3698105.689577916,0
177188.79999995232,-3961590.3134026565,3349461.6636482407,3698105.097649377,0
177189.0,-3961589.9723932263,3349462.2522635213,3698104.429567667,0
177189.199999094,-3961589.9441442606,3349463.2479748516,3698103.8754934045,0
177189.40000009537,-3961589.84458158,3349464.2419230626,3698103.2778650266,0
177189.59999895096,-3961589.7630871907,3349465.219044994,3698102.5551588796,0
177189.79999995232,-3961589.70252394,3349466.187957106,3698101.800713162,0
177190.0,-3961589.034786491,3349467.214258862,3698100.8208759413,0
177190.199999094,-3961588.830897203,3349468.1692193775,3698100.050606701,0
177190.40000009537,-3961588.642003123,3349469.138101564,3698099.2651793943,0
177190.59999895096,-3961588.4613907808,3349470.125698911,3698098.512472368,0
177190.79999995232,-3961588.2579302527,3349471.12608972,3698097.790704827,0
177191.0,-3961587.978261793,3349472.3367027254,3698097.1418546466,0
177191.199999094,-3961587.8315462484,3349473.3768637376,3698096.442299986,0
177191.40000009537,-3961587.7775021414,3349474.4264580733,3698095.705848711,0
177191.59999895096,-3961587.685583997,3349475.47620156,3698094.9694901723,0
177191.79999995232,-3961587.515358013,3349476.545356116,3698094.2671544687,0
177192.0,-3961586.9186919304,3349477.7423993754,3698093.357348659,0
177192.199999094,-3961586.7201165315,3349478.8570334315,3698092.6319727004,0
177192.40000009537,-3961586.56187549,3349480.0237034718,3698091.957593926,0
177192.59999895096,-3961586.339573825,3349481.186913253,3698091.2162102126,0
177192.79999995232,-3961586.1661545173,3349482.3631497007,3698090.472627124,0
177193.0,-3961585.7363612656,3349483.548248943,3698089.3418391002,0
177193.199999094,-3961585.4353643474,3349484.7271918813,3698088.495741011,0
177193.40000009537,-3961585.145830739,3349485.9369548415,3698087.689144063,0
177193.59999895096,-3961584.8938151174,3349487.17737586,3698086.9471992715,0
177193.79999995232,-3961584.6164544253,3349488.4490586957,3698086.1993517424,0
177194.0,-3961584.5383140454,3349489.77347762,3698085.040932953,0
177194.199999094,-3961584.257843415,3349491.074409391,3698084.274116541,0
177194.40000009537,-3961583.966317635,3349492.3859152347,3698083.5019429,0
177194.59999895096,-3961583.6790806637,3349493.6991545903,3698082.704514316,0
177194.79999995232,-3961583.3799074027,3349495.012201608,3698081.8628228507,0
177195.0,-3961583.314393931,3349496.2506148852,3698080.4516760814,0
177195.199999094,-3961583.1294889045,3349497.599135202,3698079.5843328093,0
177195.40000009537,-3961583.0033342866,3349498.992341505,3698078.8028931622,0
177195.59999895096,-3961582.8624518467,3349500.3776493156,3698078.0633971076,0
177195.79999995232,-3961582.616452712,3349501.7135674693,3698077.26511071,0
177196.0,-3961582.0198413646,3349502.9264799277,3698075.810430233,0
177196.199999094,-3961581.738686921,3349504.297964238,3698074.978752443,0
177196.39999890327,-3961581.479793133,3349505.6890034466,3698074.1304235025,0
177196.59999990463,-3961581.2412895085,3349507.0794411795,3698073.2476534303,0
177196.79999995232,-3961581.0117398216,3349508.4880400547,3698072.356977939,0
177197.0,-3961580.569471755,3349509.827226632,3698071.151289351,0
177197.199999094,-3961580.3102422627,3349511.2553200577,3698070.2735179807,0
177197.39999890327,-3961580.046176273,3349512.6871421924,3698069.3939606636,0
177197.59999990463,-3961579.77672773,3349514.0978772077,3698068.528640983,0
177197.79999995232,-3961579.4861091254,3349515.487059896,3698067.6542295343,0
177198.0,-3961579.054897496,3349516.8498786488,3698066.471817401,0
177198.199999094,-3961578.782928988,3349518.2327563902,3698065.555421061,0
177198.39999890327,-3961578.5772778536,3349519.63074975,3698064.6374024097,0
177198.59999990463,-3961578.3675648663,3349521.0379383047,3698063.732771936,0
177198.79999995232,-3961578.1522316313,3349522.470635666,3698062.8622266646,0
177199.0,-3961577.6348227207,3349523.9466442224,3698061.79710689,0
177199.199999094,-3961577.410364082,3349525.4001205307,3698060.916695517,0
177199.39999890327,-3961577.20234076,3349526.868755914,3698060.057347915,0
177199.59999990463,-3961576.977927923,3349528.3254842334,3698059.1729880855,0
177199.79999995232,-3961576.749410565,3349529.7847755253,3698058.2496078904,0
177200.0,-3961576.2442676835,3349531.2164787925,3698057.0391741004,0
177200.199999094,-3961576.0457017906,3349532.6989525864,3698056.1270399555,0
177200.39999890327,-3961575.8414506074,3349534.1790406676,3698055.2193717184,0
177200.59999990463,-3961575.664178033,3349535.666923875,3698054.334542673,0
177200.79999995232,-3961575.461534958,3349537.134435185,3698053.4226402966,0
177201.0,-3961574.822410198,3349538.4469898706,3698052.27074137,0
177201.199999094,-3961574.553844713,3349539.885690083,3698051.3359982613,0
177201.39999890327,-3961574.2851023525,3349541.314280672,3698050.400596572,0
177201.59999990463,-3961573.9965910926,3349542.7304015863,3698049.4964771834,0
177201.79999995232,-3961573.709450694,3349544.1602915353,3698048.5929495716,0
177202.0,-3961573.4606271777,3349545.5354132773,3698047.619304378,0
177202.199999094,-3961573.170410401,3349546.974342953,3698046.714065443,0
177202.39999890327,-3961572.8496068087,3349548.4178625443,3698045.822370957,0
177202.59999990463,-3961572.4963788777,3349549.875519484,3698044.952091534,0
177202.79999995232,-3961572.161710819,3349551.3483737675,3698044.0795370955,0
177203.0,-3961571.9613030488,3349552.691085803,3698043.0573955686,0
177203.199999094,-3961571.6762564243,3349554.10419636,3698042.172824447,0
177203.39999890327,-3961571.390738468,3349555.5100389984,3698041.2872850895,0
177203.59999990463,-3961571.14117879,3349556.932105071,3698040.490518595,0
177203.79999995232,-3961570.864606348,3349558.320629824,3698039.6371519025,0
177204.0,-3961570.5944447177,3349559.75305009,3698038.5155475475,0
177204.199999094,-3961570.3834191756,3349561.12776871,3698037.6841810606,0
177204.39999890327,-3961570.2082320796,3349562.519287379,3698036.898749422,0
177204.59999990463,-3961570.072305357,3349563.8816974587,3698036.2006495143,0
177204.79999995232,-3961569.876598358,3349565.1188781317,3698035.468026222,0
177205.0,-3961569.511370857,3349566.659133543,3698034.3294542013,0
177205.199999094,-3961569.3533181166,3349567.925109836,3698033.6318451413,0
177205.39999890327,-3961569.3182882154,3349569.2659191387,3698032.9449986685,0
177205.59999990463,-3961569.2476740177,3349570.480208019,3698031.9944057246,0
177205.79999995232,-3961569.1973323245,3349571.7110955636,3698031.05279918,0
177206.0,-3961569.1482844763,3349573.037815276,3698030.218547258,0
177206.199999094,-3961568.9022725406,3349574.541458725,3698029.6930086114,0
177206.39999890327,-3961568.8087365148,3349575.8917036587,3698028.8942430727,0
177206.59999990463,-3961568.696888692,3349577.277203782,3698028.1085624374,0
177206.79999995232,-3961568.4489543308,3349578.356300692,3698027.2693837457,0
177207.0,-3961568.182092724,3349579.6016220343,3698026.49606551,0
177207.199999094,-3961567.9425811465,3349580.7620442184,3698025.6691837464,0
177207.39999890327,-3961567.6381627023,3349581.812028383,3698024.8055335586,0
177207.59999990463,-3961567.38457042,3349582.9226189787,3698024.0017789016,0
177207.79999995232,-3961567.0774198435,3349583.9786626627,3698023.1628140095,0
177208.0,-3961566.79463747,3349585.1420798814,3698022.1286958097,0
177208.199999094,-3961566.505928928,3349586.2385657257,3698021.313429531,0
177208.39999890327,-3961566.219686398,3349587.3461822905,3698020.5189150223,0
177208.59999990463,-3961565.926248015,3349588.404949252,3698019.773254753,0
177208.79999995232,-3961565.637772399,3349589.4248613412,3698019.0198199893,0
177209.0,-3961565.249123701,3349591.0144469123,3698018.0449564955,0
177209.199999094,-3961565.0048532304,3349592.1533814166,3698017.2983657676,0
177209.39999890327,-3961564.7765983148,3349593.215216983,3698016.584637749,0
177209.59999990463,-3961564.5385820847,3349594.27964974,3698015.895581518,0
177209.79999995232,-3961564.3345577554,3349595.3385683047,3698015.220496611,0
177210.0,-3961563.934201099,3349596.40156615,3698014.4799917904,0
177210.199999094,-3961563.714880039,3349597.4496347653,3698013.8332592403,0
177210.39999890327,-3961563.513055554,3349598.4674263783,3698013.1938797073,0
177210.59999990463,-3961563.286909877,3349599.464613442,3698012.5621935334,0
177210.79999995232,-3961563.0812079264,3349600.4406241155,3698011.950517939,0
177211.0,-3961562.785874617,3349601.3321178895,3698011.2004624936,0
177211.199999094,-3961562.571654477,3349602.236584938,3698010.547759503,0
177211.39999890327,-3961562.3562279274,3349603.1178107476,3698009.928904287,0
177211.59999990463,-3961562.1483231597,3349603.9798303796,3698009.3362500146,0
177211.79999995232,-3961561.9753781767,3349604.818048306,3698008.770105048,0
177212.0,-3961561.677483378,3349605.5431451364,3698008.4181099734,0
177212.20000004768,-3961561.519711705,3349606.344795042,3698007.902375533,0
177212.39999890327,-3961561.3630440286,3349607.1096350662,3698007.4137505926,0
177212.59999990463,-3961561.2230908475,3349607.868341646,3698006.9609977696,0
177212.79999899864,-3961561.0789226317,3349608.5843019295,3698006.507111309,0
177213.0,-3961560.7555902936,3349609.2234413023,3698005.9907071963,0
177213.20000004768,-3961560.600555559,3349609.9055254594,3698005.5607101745,0
177213.39999890327,-3961560.466496091,3349610.5163683896,3698005.1085560583,0
177213.59999990463,-3961560.3286483097,3349611.0682982095,3698004.6381250154,0
177213.79999899864,-3961560.2099606656,3349611.6070545563,3698004.215548435,0
177214.0,-3961559.9494217914,3349612.242155691,3698003.9749738215,0
177214.20000004768,-3961559.81920407,3349612.8036121167,3698003.615249734,0
177214.39999890327,-3961559.7145433,3349613.3403776204,3698003.2982785366,0
177214.59999990463,-3961559.6090799854,3349613.8427818404,3698002.9870036645,0
177214.79999899864,-3961559.505717586,3349614.3257262744,3698002.701209654,0
177215.0,-3961559.2624430493,3349614.72745735,3698002.4531417056,0
177215.20000004768,-3961559.1622696365,3349615.181073194,3698002.171237904,0
177215.39999890327,-3961559.1206329004,3349615.622287712,3698001.9257577425,0
177215.59999990463,-3961559.070894812,3349616.04148251,3698001.6999171446,0
177215.79999899864,-3961559.040324763,3349616.4805737436,3698001.4956629835,0
177216.0,-3961558.7051232015,3349616.8088142863,3698001.237729412,0
177216.20000004768,-3961558.6427386613,3349617.2152455878,3698001.0473228367,0
177216.39999890327,-3961558.5985722207,3349617.6020317865,3698000.911222884,0
177216.59999990463,-3961558.5850259587,3349617.964003635,3698000.7762538698,0
177216.79999899864,-3961558.5771565298,3349618.3066259585,3698000.65289149,0
177217.0,-3961558.1825402146,3349618.4385424526,3698000.295910407,0
177217.20000004768,-3961558.152201737,3349618.7518471377,3698000.165103361,0
177217.39999890327,-3961558.1572450027,3349619.0589883863,3698000.0619164924,0
177217.59999990463,-3961558.14300843,3349619.3497929317,3697999.9665696328,0
177217.79999899864,-3961558.1184825213,3349619.61943323,3697999.8703923444,0
177218.0,-3961557.753955452,3349619.6581546613,3697999.6447933805,0
177218.20000004768,-3961557.708338951,3349619.893200056,3697999.5270681726,0
177218.39999890327,-3961557.668563687,3349620.132530807,3697999.4089646516,0
177218.59999990463,-3961557.6474283054,3349620.3791586957,3697999.305216415,0
177218.79999899864,-3961557.641409316,3349620.638122169,3697999.204558691,0
177219.0,-3961557.3043612437,3349620.7499843636,3697998.9977007625,0
177219.20000004768,-3961557.2776168245,3349620.9888928775,3697998.8720650002,0
177219.39999890327,-3961557.267735423,3349621.2237307485,3697998.761231197,0
177219.59999990463,-3961557.2739500287,3349621.449960578,3697998.661189033,0
177219.79999899864,-3961557.2960484587,3349621.6763851135,3697998.5670867627,0
177220.0,-3961557.038726782,3349621.7851320878,3697998.399991402,0
177220.20000004768,-3961557.007587256,3349621.973357349,3697998.2953235675,0
177220.39999890327,-3961556.9878352145,3349622.146367992,3697998.195159074,0
177220.59999990463,-3961556.943160554,3349622.305054688,3697998.072505671,0
177220.79999899864,-3961556.9214378563,3349622.4518110896,3697997.9701710725,0
177221.0,-3961556.8249911126,3349622.6029635076,3697997.934303631,0
177221.20000004768,-3961556.775575323,3349622.730310164,3697997.8389074993,0
177221.39999890327,-3961556.7444516905,3349622.8477845867,3697997.746439596,0
177221.59999990463,-3961556.7293438762,3349622.953672729,3697997.659352921,0
177221.79999899864,-3961556.732319961,3349623.054943789,3697997.5824406194,0
177222.0,-3961556.717379367,3349623.1859499677,3697997.593994444,0
177222.20000004768,-3961556.703228989,3349623.265591643,3697997.5435461467,0
177222.39999890327,-3961556.670661378,3349623.315911006,3697997.492243718,0
177222.59999990463,-3961556.6672159517,3349623.367297882,3697997.4551275205,0
177222.79999899864,-3961556.6775606754,3349623.4143862575,3697997.4221411543,0
177223.0,-3961556.6611365513,3349623.515030754,3697997.2795363627,0
177223.20000004768,-3961556.6624621563,3349623.545338943,3697997.263803591,0
177223.39999890327,-3961556.662815872,3349623.561263009,3697997.2575140493,0
177223.59999990463,-3961556.663184423,3349623.573826638,3697997.249779761,0
177223.79999899864,-3961556.679110802,3349623.5837858785,3697997.255331178,0
177224.0,-3961556.6487992415,3349623.618130248,3697997.1077681975,0
177224.20000004768,-3961556.6399295223,3349623.613096579,3697997.112633973,0
177224.39999890327,-3961556.6260932004,3349623.604548781,3697997.119415486,0
177224.59999990463,-3961556.6093297224,3349623.5965344445,3697997.125966885,0
177224.79999899864,-3961556.604955856,3349623.591060197,3697997.1360436706,0
177225.0,-3961556.6561219776,3349623.652091614,3697996.9791888576,0
177225.20000004768,-3961556.6622673087,3349623.650060003,3697996.9871779145,0
177225.39999890327,-3961556.6543170116,3349623.6443813965,3697996.9906845903,0
177225.59999990463,-3961556.64559518,3349623.639432507,3697996.994310943,0
177225.79999899864,-3961556.6345735067,3349623.633967087,3697996.991102292,0
177226.0,-3961556.671871172,3349623.6947789835,3697996.8497713706,0
177226.20000004768,-3961556.6694774777,3349623.687302888,3697996.8342430256,0
177226.39999890327,-3961556.667330423,3349623.6822951483,3697996.824620366,0
177226.59999990463,-3961556.661953255,3349623.673961841,3697996.8152638064,0
177226.79999899864,-3961556.644915764,3349623.6612195265,3697996.809165356,0
177227.0,-3961556.5868511456,3349623.757090773,3697996.6955160955,0
177227.20000004768,-3961556.552046696,3349623.7345513813,3697996.6899376344,0
177227.39999890327,-3961556.5038521327,3349623.7060463214,3697996.681223192,0
177227.59999990463,-3961556.467056489,3349623.6822230495,3697996.674803828,0
177227.79999899864,-3961556.428224496,3349623.661549634,3697996.6669222005,0
177228.0,-3961556.552092439,3349623.79829059,3697996.524735379,0
177228.20000004768,-3961556.5370923304,3349623.7885419643,3697996.5186969494,0
177228.39999890327,-3961556.516395338,3349623.7762026764,3697996.5105021684,0
177228.59999990463,-3961556.490618849,3349623.7630510335,3697996.5038175634,0
177228.79999899864,-3961556.4656488495,3349623.7515292657,3697996.4927626746,0
177229.0,-3961556.5169981886,3349623.828866361,3697996.3951252294,0
177229.20000004768,-3961556.512232475,3349623.824861848,3697996.390017702,0
177229.39999890327,-3961556.499714615,3349623.8177102385,3697996.3794482998,0
177229.59999990463,-3961556.4904296543,3349623.8108332157,3697996.3711545253,0
177229.79999899864,-3961556.494931271,3349623.809989335,3697996.3697451055,0
177230.0,-3961556.49492051,3349623.8616859713,3697996.281722757,0
177230.20000004768,-3961556.4916231832,3349623.861531076,3697996.2818669574,0
177230.39999890327,-3961556.492518445,3349623.8616044717,3697996.2822100576,0
177230.59999990463,-3961556.483649315,3349623.855867071,3697996.2814294104,0
177230.79999899864,-3961556.4739676663,3349623.848032306,3697996.284594133,0
177231.0,-3961556.477684691,3349623.894717953,3697996.175732399,0
177231.20000004768,-3961556.4628407913,3349623.8856625487,3697996.173721173,0
177231.39999890327,-3961556.4483664115,3349623.8762453045,3697996.170219317,0
177231.59999990463,-3961556.4432521234,3349623.8720912472,3697996.164620222,0
177231.79999899864,-3961556.4473015666,3349623.8700941307,3697996.1595778195,0
177232.0,-3961556.4656100394,3349623.9193025064,3697996.07945952,0
177232.20000004768,-3961556.4705431676,3349623.9198236587,3697996.080194721,0
177232.39999890327,-3961556.4743624325,3349623.9193195105,3697996.082980969,0
177232.59999990463,-3961556.4717631964,3349623.9152181735,3697996.0824650982,0
177232.79999899864,-3961556.4656936326,3349623.9107548343,3697996.0810649367,0
177233.0,-3961556.4332760945,3349623.9530359413,3697995.995062961,0
177233.20000004768,-3961556.430289222,3349623.9503831216,3697995.993151394,0
177233.39999890327,-3961556.4348128713,3349623.9505338273,3697995.99408796,0
177233.59999990463,-3961556.4373830156,3349623.948308149,3697995.9972659377,0
177233.79999899864,-3961556.4266421897,3349623.9417900178,3697995.993035093,0
177234.0,-3961556.392628016,3349623.9732901477,3697995.9170282003,0
177234.20000004768,-3961556.3886085623,3349623.9677305166,3697995.910176455,0
177234.39999890327,-3961556.385185943,3349623.9597536707,3697995.90529093,0
177234.59999990463,-3961556.3737727976,3349623.950633353,3697995.901195546,0
177234.79999899864,-3961556.362011584,3349623.9407100794,3697995.8925276953,0
177235.0,-3961556.3678202922,3349623.99560989,3697995.8480379055,0
177235.20000004768,-3961556.3516549203,3349623.987307428,3697995.834857973,0
177235.39999890327,-3961556.3355331044,3349623.9779363372,3697995.819049607,0
177235.59999990463,-3961556.32577653,3349623.973369868,3697995.807988676,0
177235.79999899864,-3961556.323113495,3349623.969596403,3697995.8012076467,0
177236.0,-3961556.345137096,3349624.010394132,3697995.7741512447,0
177236.20000004768,-3961556.3457032414,3349624.010137432,3697995.7726305625,0
177236.39999890327,-3961556.3408161923,3349624.006528999,3697995.7673696945,0
177236.59999990463,-3961556.334598776,3349624.0051928363,3697995.75777258,0
177236.79999899864,-3961556.33052847,3349624.0023128306,3697995.7538813367,0
177237.0,-3961556.3480656953,3349624.0424048975,3697995.6776821464,0
177237.20000004768,-3961556.3429374998,3349624.037161121,3697995.6744882343,0
177237.39999890327,-3961556.3372690445,3349624.031777526,3697995.668246897,0
177237.59999990463,-3961556.3287000796,3349624.0253652055,3697995.661548664,0
177237.79999899864,-3961556.3403272755,3349624.02733236,3697995.664516586,0
177238.0,-3961556.335053963,3349624.0574229066,3697995.6120100915,0
177238.20000004768,-3961556.3358556973,3349624.057273326,3697995.612624121,0
177238.39999890327,-3961556.3451493466,3349624.0606156248,3697995.619088777,0
177238.59999990463,-3961556.3418180356,3349624.0578787783,3697995.620851137,0
177238.79999899864,-3961556.337271833,3349624.053850294,3697995.6193972933,0
177239.0,-3961556.324393616,3349624.0703035877,3697995.544164809,0
177239.20000004768,-3961556.3331605033,3349624.071820157,3697995.549368791,0
177239.39999890327,-3961556.335909922,3349624.0718967915,3697995.5543317036,0
177239.59999990463,-3961556.337003075,3349624.0716638677,3697995.5571158095,0
177239.79999899864,-3961556.3310177973,3349624.0672080354,3697995.5498815933,0
