jammer_jnr_db,spoof_delay_samples,building_height_scale,particles_per_epoch,acquisition_backend,interference_backend,route_backend,particle_backend,target_acquired,target_snr,code_phase_error_samples,doppler_error_hz,false_lock,acquisition_miss,interference_detected,interference_kind,max_false_prn_snr,mean_blocked_ratio,max_blocked_ratio,mean_particle_shadow_contrast,worst_epoch,acquisition_ms,interference_ms,route_los_ms,particle_los_ms,total_risk_score,failure_label
0.0,0,0.7,16,cuda_acquisition,cuda_stft_detector,cuda_bvh_batch,cuda_bvh_batch,True,72.38302612304688,0.0,0.0,False,False,False,none,1.5694499015808105,0.7305555555555555,0.8,0.11492757172124264,2,135.2448120014742,8.167791995219886,0.22242899285629392,0.25630800519138575,0.3736449381830394,nominal
0.0,0,0.7,64,cuda_acquisition,cuda_stft_detector,cuda_bvh_batch,cuda_bvh_batch,True,72.38302612304688,0.0,0.0,False,False,False,none,1.5694499015808105,0.7305555555555555,0.8,0.10929046946364741,2,135.2448120014742,8.167791995219886,0.21546200150623918,0.43337501119822264,0.37195380750576085,nominal
0.0,0,1.0,16,cuda_acquisition,cuda_stft_detector,cuda_bvh_batch,cuda_bvh_batch,True,72.38302612304688,0.0,0.0,False,False,False,none,1.5694499015808105,0.7527777777777778,0.8,0.08708753011889239,2,135.2448120014742,8.167791995219886,0.26230799267068505,0.26076199719682336,0.37195959236900106,nominal
0.0,0,1.0,64,cuda_acquisition,cuda_stft_detector,cuda_bvh_batch,cuda_bvh_batch,True,72.38302612304688,0.0,0.0,False,False,False,none,1.5694499015808105,0.7527777777777778,0.8,0.09481572433217998,2,135.2448120014742,8.167791995219886,0.2222750335931778,0.4403709899634123,0.3742780506329873,nominal
0.0,0,1.4,16,cuda_acquisition,cuda_stft_detector,cuda_bvh_batch,cuda_bvh_batch,True,72.38302612304688,0.0,0.0,False,False,False,none,1.5694499015808105,0.7527777777777778,0.8,0.09620246995402681,2,135.2448120014742,8.167791995219886,0.22369303042069077,0.25331502547487617,0.3746940743195414,nominal
0.0,0,1.4,64,cuda_acquisition,cuda_stft_detector,cuda_bvh_batch,cuda_bvh_batch,True,72.38302612304688,0.0,0.0,False,False,False,none,1.5694499015808105,0.7527777777777778,0.8,0.10118978316502016,2,135.2448120014742,8.167791995219886,0.21967000793665648,0.4131590249016881,0.37619026828283936,nominal
0.0,48,0.7,16,cuda_acquisition,cuda_stft_detector,cuda_bvh_batch,cuda_bvh_batch,True,8.643754005432129,48.0,500.0,True,False,False,none,1.522033929824829,0.7305555555555555,0.8,0.11492757172124264,2,14.284768025390804,1.214532006997615,0.22242899285629392,0.25630800519138575,0.7836449381830395,false_lock
0.0,48,0.7,64,cuda_acquisition,cuda_stft_detector,cuda_bvh_batch,cuda_bvh_batch,True,8.643754005432129,48.0,500.0,True,False,False,none,1.522033929824829,0.7305555555555555,0.8,0.10929046946364741,2,14.284768025390804,1.214532006997615,0.21546200150623918,0.43337501119822264,0.7819538075057608,false_lock
0.0,48,1.0,16,cuda_acquisition,cuda_stft_detector,cuda_bvh_batch,cuda_bvh_batch,True,8.643754005432129,48.0,500.0,True,False,False,none,1.522033929824829,0.7527777777777778,0.8,0.08708753011889239,2,14.284768025390804,1.214532006997615,0.26230799267068505,0.26076199719682336,0.781959592369001,false_lock
0.0,48,1.0,64,cuda_acquisition,cuda_stft_detector,cuda_bvh_batch,cuda_bvh_batch,True,8.643754005432129,48.0,500.0,True,False,False,none,1.522033929824829,0.7527777777777778,0.8,0.09481572433217998,2,14.284768025390804,1.214532006997615,0.2222750335931778,0.4403709899634123,0.7842780506329874,false_lock
0.0,48,1.4,16,cuda_acquisition,cuda_stft_detector,cuda_bvh_batch,cuda_bvh_batch,True,8.643754005432129,48.0,500.0,True,False,False,none,1.522033929824829,0.7527777777777778,0.8,0.09620246995402681,2,14.284768025390804,1.214532006997615,0.22369303042069077,0.25331502547487617,0.7846940743195414,false_lock
0.0,48,1.4,64,cuda_acquisition,cuda_stft_detector,cuda_bvh_batch,cuda_bvh_batch,True,8.643754005432129,48.0,500.0,True,False,False,none,1.522033929824829,0.7527777777777778,0.8,0.10118978316502016,2,14.284768025390804,1.214532006997615,0.21967000793665648,0.4131590249016881,0.7861902682828394,false_lock
0.0,112,0.7,16,cuda_acquisition,cuda_stft_detector,cuda_bvh_batch,cuda_bvh_batch,True,7.743064880371094,112.0,500.0,True,False,False,none,1.4109610319137573,0.7305555555555555,0.8,0.11492757172124264,2,17.944980994798243,1.2766059953719378,0.22242899285629392,0.25630800519138575,0.8284624716760813,false_lock
0.0,112,0.7,64,cuda_acquisition,cuda_stft_detector,cuda_bvh_batch,cuda_bvh_batch,True,7.743064880371094,112.0,500.0,True,False,False,none,1.4109610319137573,0.7305555555555555,0.8,0.10929046946364741,2,17.944980994798243,1.2766059953719378,0.21546200150623918,0.43337501119822264,0.8267713409988029,false_lock
0.0,112,1.0,16,cuda_acquisition,cuda_stft_detector,cuda_bvh_batch,cuda_bvh_batch,True,7.743064880371094,112.0,500.0,True,False,False,none,1.4109610319137573,0.7527777777777778,0.8,0.08708753011889239,2,17.944980994798243,1.2766059953719378,0.26230799267068505,0.26076199719682336,0.8267771258620431,false_lock
0.0,112,1.0,64,cuda_acquisition,cuda_stft_detector,cuda_bvh_batch,cuda_bvh_batch,True,7.743064880371094,112.0,500.0,True,False,False,none,1.4109610319137573,0.7527777777777778,0.8,0.09481572433217998,2,17.944980994798243,1.2766059953719378,0.2222750335931778,0.4403709899634123,0.8290955841260292,false_lock
0.0,112,1.4,16,cuda_acquisition,cuda_stft_detector,cuda_bvh_batch,cuda_bvh_batch,True,7.743064880371094,112.0,500.0,True,False,False,none,1.4109610319137573,0.7527777777777778,0.8,0.09620246995402681,2,17.944980994798243,1.2766059953719378,0.22369303042069077,0.25331502547487617,0.8295116078125834,false_lock
0.0,112,1.4,64,cuda_acquisition,cuda_stft_detector,cuda_bvh_batch,cuda_bvh_batch,True,7.743064880371094,112.0,500.0,True,False,False,none,1.4109610319137573,0.7527777777777778,0.8,0.10118978316502016,2,17.944980994798243,1.2766059953719378,0.21967000793665648,0.4131590249016881,0.8310078017758813,false_lock
0.0,192,0.7,16,cuda_acquisition,cuda_stft_detector,cuda_bvh_batch,cuda_bvh_batch,True,9.77961254119873,192.0,500.0,True,False,False,none,1.3589611053466797,0.7305555555555555,0.8,0.11492757172124264,2,14.475716976448894,1.264815975446254,0.22242899285629392,0.25630800519138575,0.8536449381830393,false_lock
0.0,192,0.7,64,cuda_acquisition,cuda_stft_detector,cuda_bvh_batch,cuda_bvh_batch,True,9.77961254119873,192.0,500.0,True,False,False,none,1.3589611053466797,0.7305555555555555,0.8,0.10929046946364741,2,14.475716976448894,1.264815975446254,0.21546200150623918,0.43337501119822264,0.8519538075057609,false_lock
0.0,192,1.0,16,cuda_acquisition,cuda_stft_detector,cuda_bvh_batch,cuda_bvh_batch,True,9.77961254119873,192.0,500.0,True,False,False,none,1.3589611053466797,0.7527777777777778,0.8,0.08708753011889239,2,14.475716976448894,1.264815975446254,0.26230799267068505,0.26076199719682336,0.8519595923690011,false_lock
0.0,192,1.0,64,cuda_acquisition,cuda_stft_detector,cuda_bvh_batch,cuda_bvh_batch,True,9.77961254119873,192.0,500.0,True,False,False,none,1.3589611053466797,0.7527777777777778,0.8,0.09481572433217998,2,14.475716976448894,1.264815975446254,0.2222750335931778,0.4403709899634123,0.8542780506329872,false_lock
0.0,192,1.4,16,cuda_acquisition,cuda_stft_detector,cuda_bvh_batch,cuda_bvh_batch,True,9.77961254119873,192.0,500.0,True,False,False,none,1.3589611053466797,0.7527777777777778,0.8,0.09620246995402681,2,14.475716976448894,1.264815975446254,0.22369303042069077,0.25331502547487617,0.8546940743195414,false_lock
0.0,192,1.4,64,cuda_acquisition,cuda_stft_detector,cuda_bvh_batch,cuda_bvh_batch,True,9.77961254119873,192.0,500.0,True,False,False,none,1.3589611053466797,0.7527777777777778,0.8,0.10118978316502016,2,14.475716976448894,1.264815975446254,0.21967000793665648,0.4131590249016881,0.8561902682828393,false_lock
8.0,0,0.7,16,cuda_acquisition,cuda_stft_detector+numpy_power_guard,cuda_bvh_batch,cuda_bvh_batch,True,30.971860885620117,0.0,0.0,False,False,True,narrowband,1.575601577758789,0.7305555555555555,0.8,0.11492757172124264,2,14.462971012108028,1.1540779960341752,0.22242899285629392,0.25630800519138575,0.4536449381830394,nominal
8.0,0,0.7,64,cuda_acquisition,cuda_stft_detector+numpy_power_guard,cuda_bvh_batch,cuda_bvh_batch,True,30.971860885620117,0.0,0.0,False,False,True,narrowband,1.575601577758789,0.7305555555555555,0.8,0.10929046946364741,2,14.462971012108028,1.1540779960341752,0.21546200150623918,0.43337501119822264,0.45195380750576086,nominal
8.0,0,1.0,16,cuda_acquisition,cuda_stft_detector+numpy_power_guard,cuda_bvh_batch,cuda_bvh_batch,True,30.971860885620117,0.0,0.0,False,False,True,narrowband,1.575601577758789,0.7527777777777778,0.8,0.08708753011889239,2,14.462971012108028,1.1540779960341752,0.26230799267068505,0.26076199719682336,0.4519595923690011,nominal
8.0,0,1.0,64,cuda_acquisition,cuda_stft_detector+numpy_power_guard,cuda_bvh_batch,cuda_bvh_batch,True,30.971860885620117,0.0,0.0,False,False,True,narrowband,1.575601577758789,0.7527777777777778,0.8,0.09481572433217998,2,14.462971012108028,1.1540779960341752,0.2222750335931778,0.4403709899634123,0.4542780506329873,nominal
8.0,0,1.4,16,cuda_acquisition,cuda_stft_detector+numpy_power_guard,cuda_bvh_batch,cuda_bvh_batch,True,30.971860885620117,0.0,0.0,False,False,True,narrowband,1.575601577758789,0.7527777777777778,0.8,0.09620246995402681,2,14.462971012108028,1.1540779960341752,0.22369303042069077,0.25331502547487617,0.4546940743195414,nominal
8.0,0,1.4,64,cuda_acquisition,cuda_stft_detector+numpy_power_guard,cuda_bvh_batch,cuda_bvh_batch,True,30.971860885620117,0.0,0.0,False,False,True,narrowband,1.575601577758789,0.7527777777777778,0.8,0.10118978316502016,2,14.462971012108028,1.1540779960341752,0.21967000793665648,0.4131590249016881,0.4561902682828394,nominal
8.0,48,0.7,16,cuda_acquisition,cuda_stft_detector+numpy_power_guard,cuda_bvh_batch,cuda_bvh_batch,True,7.682897567749023,48.0,500.0,True,False,True,narrowband,2.1048943996429443,0.7305555555555555,0.8,0.11492757172124264,2,14.298530004452914,1.22618000023067,0.22242899285629392,0.25630800519138575,0.8695906087877452,false_lock
8.0,48,0.7,64,cuda_acquisition,cuda_stft_detector+numpy_power_guard,cuda_bvh_batch,cuda_bvh_batch,True,7.682897567749023,48.0,500.0,True,False,True,narrowband,2.1048943996429443,0.7305555555555555,0.8,0.10929046946364741,2,14.298530004452914,1.22618000023067,0.21546200150623918,0.43337501119822264,0.8678994781104666,false_lock
8.0,48,1.0,16,cuda_acquisition,cuda_stft_detector+numpy_power_guard,cuda_bvh_batch,cuda_bvh_batch,True,7.682897567749023,48.0,500.0,True,False,True,narrowband,2.1048943996429443,0.7527777777777778,0.8,0.08708753011889239,2,14.298530004452914,1.22618000023067,0.26230799267068505,0.26076199719682336,0.8679052629737068,false_lock
8.0,48,1.0,64,cuda_acquisition,cuda_stft_detector+numpy_power_guard,cuda_bvh_batch,cuda_bvh_batch,True,7.682897567749023,48.0,500.0,True,False,True,narrowband,2.1048943996429443,0.7527777777777778,0.8,0.09481572433217998,2,14.298530004452914,1.22618000023067,0.2222750335931778,0.4403709899634123,0.8702237212376931,false_lock
8.0,48,1.4,16,cuda_acquisition,cuda_stft_detector+numpy_power_guard,cuda_bvh_batch,cuda_bvh_batch,True,7.682897567749023,48.0,500.0,True,False,True,narrowband,2.1048943996429443,0.7527777777777778,0.8,0.09620246995402681,2,14.298530004452914,1.22618000023067,0.22369303042069077,0.25331502547487617,0.8706397449242471,false_lock
8.0,48,1.4,64,cuda_acquisition,cuda_stft_detector+numpy_power_guard,cuda_bvh_batch,cuda_bvh_batch,True,7.682897567749023,48.0,500.0,True,False,True,narrowband,2.1048943996429443,0.7527777777777778,0.8,0.10118978316502016,2,14.298530004452914,1.22618000023067,0.21967000793665648,0.4131590249016881,0.8721359388875451,false_lock
8.0,112,0.7,16,cuda_acquisition,cuda_stft_detector+numpy_power_guard,cuda_bvh_batch,cuda_bvh_batch,True,4.744148254394531,112.0,500.0,True,False,True,narrowband,1.9422985315322876,0.7305555555555555,0.8,0.11492757172124264,2,14.365201990585774,1.3187529984861612,0.22242899285629392,0.25630800519138575,0.9646921584131418,false_lock
8.0,112,0.7,64,cuda_acquisition,cuda_stft_detector+numpy_power_guard,cuda_bvh_batch,cuda_bvh_batch,True,4.744148254394531,112.0,500.0,True,False,True,narrowband,1.9422985315322876,0.7305555555555555,0.8,0.10929046946364741,2,14.365201990585774,1.3187529984861612,0.21546200150623918,0.43337501119822264,0.9630010277358634,false_lock
8.0,112,1.0,16,cuda_acquisition,cuda_stft_detector+numpy_power_guard,cuda_bvh_batch,cuda_bvh_batch,True,4.744148254394531,112.0,500.0,True,False,True,narrowband,1.9422985315322876,0.7527777777777778,0.8,0.08708753011889239,2,14.365201990585774,1.3187529984861612,0.26230799267068505,0.26076199719682336,0.9630068125991036,false_lock
8.0,112,1.0,64,cuda_acquisition,cuda_stft_detector+numpy_power_guard,cuda_bvh_batch,cuda_bvh_batch,True,4.744148254394531,112.0,500.0,True,False,True,narrowband,1.9422985315322876,0.7527777777777778,0.8,0.09481572433217998,2,14.365201990585774,1.3187529984861612,0.2222750335931778,0.4403709899634123,0.9653252708630897,false_lock
8.0,112,1.4,16,cuda_acquisition,cuda_stft_detector+numpy_power_guard,cuda_bvh_batch,cuda_bvh_batch,True,4.744148254394531,112.0,500.0,True,False,True,narrowband,1.9422985315322876,0.7527777777777778,0.8,0.09620246995402681,2,14.365201990585774,1.3187529984861612,0.22369303042069077,0.25331502547487617,0.9657412945496439,false_lock
8.0,112,1.4,64,cuda_acquisition,cuda_stft_detector+numpy_power_guard,cuda_bvh_batch,cuda_bvh_batch,True,4.744148254394531,112.0,500.0,True,False,True,narrowband,1.9422985315322876,0.7527777777777778,0.8,0.10118978316502016,2,14.365201990585774,1.3187529984861612,0.21967000793665648,0.4131590249016881,0.9672374885129418,false_lock
8.0,192,0.7,16,cuda_acquisition,cuda_stft_detector+numpy_power_guard,cuda_bvh_batch,cuda_bvh_batch,True,10.002674102783203,192.0,500.0,True,False,True,narrowband,1.5097798109054565,0.7305555555555555,0.8,0.11492757172124264,2,14.691344986204058,1.2479819706641138,0.22242899285629392,0.25630800519138575,0.9336449381830394,false_lock
8.0,192,0.7,64,cuda_acquisition,cuda_stft_detector+numpy_power_guard,cuda_bvh_batch,cuda_bvh_batch,True,10.002674102783203,192.0,500.0,True,False,True,narrowband,1.5097798109054565,0.7305555555555555,0.8,0.10929046946364741,2,14.691344986204058,1.2479819706641138,0.21546200150623918,0.43337501119822264,0.9319538075057607,false_lock
8.0,192,1.0,16,cuda_acquisition,cuda_stft_detector+numpy_power_guard,cuda_bvh_batch,cuda_bvh_batch,True,10.002674102783203,192.0,500.0,True,False,True,narrowband,1.5097798109054565,0.7527777777777778,0.8,0.08708753011889239,2,14.691344986204058,1.2479819706641138,0.26230799267068505,0.26076199719682336,0.9319595923690009,false_lock
8.0,192,1.0,64,cuda_acquisition,cuda_stft_detector+numpy_power_guard,cuda_bvh_batch,cuda_bvh_batch,True,10.002674102783203,192.0,500.0,True,False,True,narrowband,1.5097798109054565,0.7527777777777778,0.8,0.09481572433217998,2,14.691344986204058,1.2479819706641138,0.2222750335931778,0.4403709899634123,0.9342780506329873,false_lock
8.0,192,1.4,16,cuda_acquisition,cuda_stft_detector+numpy_power_guard,cuda_bvh_batch,cuda_bvh_batch,True,10.002674102783203,192.0,500.0,True,False,True,narrowband,1.5097798109054565,0.7527777777777778,0.8,0.09620246995402681,2,14.691344986204058,1.2479819706641138,0.22369303042069077,0.25331502547487617,0.9346940743195413,false_lock
8.0,192,1.4,64,cuda_acquisition,cuda_stft_detector+numpy_power_guard,cuda_bvh_batch,cuda_bvh_batch,True,10.002674102783203,192.0,500.0,True,False,True,narrowband,1.5097798109054565,0.7527777777777778,0.8,0.10118978316502016,2,14.691344986204058,1.2479819706641138,0.21967000793665648,0.4131590249016881,0.9361902682828394,false_lock
16.0,0,0.7,16,cuda_acquisition,cuda_stft_detector+numpy_power_guard,cuda_bvh_batch,cuda_bvh_batch,True,4.649540424346924,1.0,0.0,False,False,True,wideband,1.7231813669204712,0.7305555555555555,0.8,0.11492757172124264,2,14.43590095732361,1.3021570048294961,0.22242899285629392,0.25630800519138575,0.5170910552265346,degraded
16.0,0,0.7,64,cuda_acquisition,cuda_stft_detector+numpy_power_guard,cuda_bvh_batch,cuda_bvh_batch,True,4.649540424346924,1.0,0.0,False,False,True,wideband,1.7231813669204712,0.7305555555555555,0.8,0.10929046946364741,2,14.43590095732361,1.3021570048294961,0.21546200150623918,0.43337501119822264,0.515399924549256,degraded
16.0,0,1.0,16,cuda_acquisition,cuda_stft_detector+numpy_power_guard,cuda_bvh_batch,cuda_bvh_batch,True,4.649540424346924,1.0,0.0,False,False,True,wideband,1.7231813669204712,0.7527777777777778,0.8,0.08708753011889239,2,14.43590095732361,1.3021570048294961,0.26230799267068505,0.26076199719682336,0.5154057094124962,degraded
16.0,0,1.0,64,cuda_acquisition,cuda_stft_detector+numpy_power_guard,cuda_bvh_batch,cuda_bvh_batch,True,4.649540424346924,1.0,0.0,False,False,True,wideband,1.7231813669204712,0.7527777777777778,0.8,0.09481572433217998,2,14.43590095732361,1.3021570048294961,0.2222750335931778,0.4403709899634123,0.5177241676764825,degraded
16.0,0,1.4,16,cuda_acquisition,cuda_stft_detector+numpy_power_guard,cuda_bvh_batch,cuda_bvh_batch,True,4.649540424346924,1.0,0.0,False,False,True,wideband,1.7231813669204712,0.7527777777777778,0.8,0.09620246995402681,2,14.43590095732361,1.3021570048294961,0.22369303042069077,0.25331502547487617,0.5181401913630366,degraded
16.0,0,1.4,64,cuda_acquisition,cuda_stft_detector+numpy_power_guard,cuda_bvh_batch,cuda_bvh_batch,True,4.649540424346924,1.0,0.0,False,False,True,wideband,1.7231813669204712,0.7527777777777778,0.8,0.10118978316502016,2,14.43590095732361,1.3021570048294961,0.21967000793665648,0.4131590249016881,0.5196363853263346,degraded
16.0,48,0.7,16,cuda_acquisition,cuda_stft_detector+numpy_power_guard,cuda_bvh_batch,cuda_bvh_batch,True,7.309283256530762,48.0,0.0,True,False,True,wideband,1.9774956703186035,0.7305555555555555,0.8,0.11492757172124264,2,15.135813970118761,1.2124970089644194,0.22242899285629392,0.25630800519138575,0.8765958771230875,false_lock
16.0,48,0.7,64,cuda_acquisition,cuda_stft_detector+numpy_power_guard,cuda_bvh_batch,cuda_bvh_batch,True,7.309283256530762,48.0,0.0,True,False,True,wideband,1.9774956703186035,0.7305555555555555,0.8,0.10929046946364741,2,15.135813970118761,1.2124970089644194,0.21546200150623918,0.43337501119822264,0.8749047464458091,false_lock
16.0,48,1.0,16,cuda_acquisition,cuda_stft_detector+numpy_power_guard,cuda_bvh_batch,cuda_bvh_batch,True,7.309283256530762,48.0,0.0,True,False,True,wideband,1.9774956703186035,0.7527777777777778,0.8,0.08708753011889239,2,15.135813970118761,1.2124970089644194,0.26230799267068505,0.26076199719682336,0.8749105313090493,false_lock
16.0,48,1.0,64,cuda_acquisition,cuda_stft_detector+numpy_power_guard,cuda_bvh_batch,cuda_bvh_batch,True,7.309283256530762,48.0,0.0,True,False,True,wideband,1.9774956703186035,0.7527777777777778,0.8,0.09481572433217998,2,15.135813970118761,1.2124970089644194,0.2222750335931778,0.4403709899634123,0.8772289895730354,false_lock
16.0,48,1.4,16,cuda_acquisition,cuda_stft_detector+numpy_power_guard,cuda_bvh_batch,cuda_bvh_batch,True,7.309283256530762,48.0,0.0,True,False,True,wideband,1.9774956703186035,0.7527777777777778,0.8,0.09620246995402681,2,15.135813970118761,1.2124970089644194,0.22369303042069077,0.25331502547487617,0.8776450132595895,false_lock
16.0,48,1.4,64,cuda_acquisition,cuda_stft_detector+numpy_power_guard,cuda_bvh_batch,cuda_bvh_batch,True,7.309283256530762,48.0,0.0,True,False,True,wideband,1.9774956703186035,0.7527777777777778,0.8,0.10118978316502016,2,15.135813970118761,1.2124970089644194,0.21967000793665648,0.4131590249016881,0.8791412072228875,false_lock
16.0,112,0.7,16,cuda_acquisition,cuda_stft_detector+numpy_power_guard,cuda_bvh_batch,cuda_bvh_batch,True,5.92876672744751,112.0,500.0,True,False,True,wideband,1.5204206705093384,0.7305555555555555,0.8,0.11492757172124264,2,14.964153000619262,1.2101799948140979,0.22242899285629392,0.25630800519138575,0.9424805620433987,false_lock
16.0,112,0.7,64,cuda_acquisition,cuda_stft_detector+numpy_power_guard,cuda_bvh_batch,cuda_bvh_batch,True,5.92876672744751,112.0,500.0,True,False,True,wideband,1.5204206705093384,0.7305555555555555,0.8,0.10929046946364741,2,14.964153000619262,1.2101799948140979,0.21546200150623918,0.43337501119822264,0.94078943136612,false_lock
16.0,112,1.0,16,cuda_acquisition,cuda_stft_detector+numpy_power_guard,cuda_bvh_batch,cuda_bvh_batch,True,5.92876672744751,112.0,500.0,True,False,True,wideband,1.5204206705093384,0.7527777777777778,0.8,0.08708753011889239,2,14.964153000619262,1.2101799948140979,0.26230799267068505,0.26076199719682336,0.9407952162293602,false_lock
16.0,112,1.0,64,cuda_acquisition,cuda_stft_detector+numpy_power_guard,cuda_bvh_batch,cuda_bvh_batch,True,5.92876672744751,112.0,500.0,True,False,True,wideband,1.5204206705093384,0.7527777777777778,0.8,0.09481572433217998,2,14.964153000619262,1.2101799948140979,0.2222750335931778,0.4403709899634123,0.9431136744933466,false_lock
16.0,112,1.4,16,cuda_acquisition,cuda_stft_detector+numpy_power_guard,cuda_bvh_batch,cuda_bvh_batch,True,5.92876672744751,112.0,500.0,True,False,True,wideband,1.5204206705093384,0.7527777777777778,0.8,0.09620246995402681,2,14.964153000619262,1.2101799948140979,0.22369303042069077,0.25331502547487617,0.9435296981799006,false_lock
16.0,112,1.4,64,cuda_acquisition,cuda_stft_detector+numpy_power_guard,cuda_bvh_batch,cuda_bvh_batch,True,5.92876672744751,112.0,500.0,True,False,True,wideband,1.5204206705093384,0.7527777777777778,0.8,0.10118978316502016,2,14.964153000619262,1.2101799948140979,0.21967000793665648,0.4131590249016881,0.9450258921431987,false_lock
16.0,192,0.7,16,cuda_acquisition,cuda_stft_detector+numpy_power_guard,cuda_bvh_batch,cuda_bvh_batch,True,6.501701354980469,192.0,500.0,True,False,True,narrowband,1.8756357431411743,0.7305555555555555,0.8,0.11492757172124264,2,13.897019030991942,1.1680290335789323,0.22242899285629392,0.25630800519138575,0.9617380377771556,false_lock
16.0,192,0.7,64,cuda_acquisition,cuda_stft_detector+numpy_power_guard,cuda_bvh_batch,cuda_bvh_batch,True,6.501701354980469,192.0,500.0,True,False,True,narrowband,1.8756357431411743,0.7305555555555555,0.8,0.10929046946364741,2,13.897019030991942,1.1680290335789323,0.21546200150623918,0.43337501119822264,0.960046907099877,false_lock
16.0,192,1.0,16,cuda_acquisition,cuda_stft_detector+numpy_power_guard,cuda_bvh_batch,cuda_bvh_batch,True,6.501701354980469,192.0,500.0,True,False,True,narrowband,1.8756357431411743,0.7527777777777778,0.8,0.08708753011889239,2,13.897019030991942,1.1680290335789323,0.26230799267068505,0.26076199719682336,0.9600526919631172,false_lock
16.0,192,1.0,64,cuda_acquisition,cuda_stft_detector+numpy_power_guard,cuda_bvh_batch,cuda_bvh_batch,True,6.501701354980469,192.0,500.0,True,False,True,narrowband,1.8756357431411743,0.7527777777777778,0.8,0.09481572433217998,2,13.897019030991942,1.1680290335789323,0.2222750335931778,0.4403709899634123,0.9623711502271035,false_lock
16.0,192,1.4,16,cuda_acquisition,cuda_stft_detector+numpy_power_guard,cuda_bvh_batch,cuda_bvh_batch,True,6.501701354980469,192.0,500.0,True,False,True,narrowband,1.8756357431411743,0.7527777777777778,0.8,0.09620246995402681,2,13.897019030991942,1.1680290335789323,0.22369303042069077,0.25331502547487617,0.9627871739136575,false_lock
16.0,192,1.4,64,cuda_acquisition,cuda_stft_detector+numpy_power_guard,cuda_bvh_batch,cuda_bvh_batch,True,6.501701354980469,192.0,500.0,True,False,True,narrowband,1.8756357431411743,0.7527777777777778,0.8,0.10118978316502016,2,13.897019030991942,1.1680290335789323,0.21967000793665648,0.4131590249016881,0.9642833678769556,false_lock
24.0,0,0.7,16,cuda_acquisition,cuda_stft_detector+numpy_power_guard,cuda_bvh_batch,cuda_bvh_batch,False,1.7979718446731567,1.0,500.0,False,True,True,wideband,1.4589601755142212,0.7305555555555555,0.8,0.11492757172124264,2,14.333171013277024,1.190876995678991,0.22242899285629392,0.25630800519138575,0.9205579660954177,acquisition_miss
24.0,0,0.7,64,cuda_acquisition,cuda_stft_detector+numpy_power_guard,cuda_bvh_batch,cuda_bvh_batch,False,1.7979718446731567,1.0,500.0,False,True,True,wideband,1.4589601755142212,0.7305555555555555,0.8,0.10929046946364741,2,14.333171013277024,1.190876995678991,0.21546200150623918,0.43337501119822264,0.9188668354181391,acquisition_miss
24.0,0,1.0,16,cuda_acquisition,cuda_stft_detector+numpy_power_guard,cuda_bvh_batch,cuda_bvh_batch,False,1.7979718446731567,1.0,500.0,False,True,True,wideband,1.4589601755142212,0.7527777777777778,0.8,0.08708753011889239,2,14.333171013277024,1.190876995678991,0.26230799267068505,0.26076199719682336,0.9188726202813793,acquisition_miss
24.0,0,1.0,64,cuda_acquisition,cuda_stft_detector+numpy_power_guard,cuda_bvh_batch,cuda_bvh_batch,False,1.7979718446731567,1.0,500.0,False,True,True,wideband,1.4589601755142212,0.7527777777777778,0.8,0.09481572433217998,2,14.333171013277024,1.190876995678991,0.2222750335931778,0.4403709899634123,0.9211910785453656,acquisition_miss
24.0,0,1.4,16,cuda_acquisition,cuda_stft_detector+numpy_power_guard,cuda_bvh_batch,cuda_bvh_batch,False,1.7979718446731567,1.0,500.0,False,True,True,wideband,1.4589601755142212,0.7527777777777778,0.8,0.09620246995402681,2,14.333171013277024,1.190876995678991,0.22369303042069077,0.25331502547487617,0.9216071022319197,acquisition_miss
24.0,0,1.4,64,cuda_acquisition,cuda_stft_detector+numpy_power_guard,cuda_bvh_batch,cuda_bvh_batch,False,1.7979718446731567,1.0,500.0,False,True,True,wideband,1.4589601755142212,0.7527777777777778,0.8,0.10118978316502016,2,14.333171013277024,1.190876995678991,0.21967000793665648,0.4131590249016881,0.9231032961952177,acquisition_miss
24.0,48,0.7,16,cuda_acquisition,cuda_stft_detector+numpy_power_guard,cuda_bvh_batch,cuda_bvh_batch,True,3.1130616664886475,48.0,0.0,True,False,True,wideband,1.664824366569519,0.7305555555555555,0.8,0.11492757172124264,2,14.554814028088003,1.4001179952174425,0.22242899285629392,0.25630800519138575,0.9552750319363772,false_lock
24.0,48,0.7,64,cuda_acquisition,cuda_stft_detector+numpy_power_guard,cuda_bvh_batch,cuda_bvh_batch,True,3.1130616664886475,48.0,0.0,True,False,True,wideband,1.664824366569519,0.7305555555555555,0.8,0.10929046946364741,2,14.554814028088003,1.4001179952174425,0.21546200150623918,0.43337501119822264,0.9535839012590988,false_lock
24.0,48,1.0,16,cuda_acquisition,cuda_stft_detector+numpy_power_guard,cuda_bvh_batch,cuda_bvh_batch,True,3.1130616664886475,48.0,0.0,True,False,True,wideband,1.664824366569519,0.7527777777777778,0.8,0.08708753011889239,2,14.554814028088003,1.4001179952174425,0.26230799267068505,0.26076199719682336,0.953589686122339,false_lock
24.0,48,1.0,64,cuda_acquisition,cuda_stft_detector+numpy_power_guard,cuda_bvh_batch,cuda_bvh_batch,True,3.1130616664886475,48.0,0.0,True,False,True,wideband,1.664824366569519,0.7527777777777778,0.8,0.09481572433217998,2,14.554814028088003,1.4001179952174425,0.2222750335931778,0.4403709899634123,0.9559081443863251,false_lock
24.0,48,1.4,16,cuda_acquisition,cuda_stft_detector+numpy_power_guard,cuda_bvh_batch,cuda_bvh_batch,True,3.1130616664886475,48.0,0.0,True,False,True,wideband,1.664824366569519,0.7527777777777778,0.8,0.09620246995402681,2,14.554814028088003,1.4001179952174425,0.22369303042069077,0.25331502547487617,0.9563241680728792,false_lock
24.0,48,1.4,64,cuda_acquisition,cuda_stft_detector+numpy_power_guard,cuda_bvh_batch,cuda_bvh_batch,True,3.1130616664886475,48.0,0.0,True,False,True,wideband,1.664824366569519,0.7527777777777778,0.8,0.10118978316502016,2,14.554814028088003,1.4001179952174425,0.21967000793665648,0.4131590249016881,0.9578203620361772,false_lock
24.0,112,0.7,16,cuda_acquisition,cuda_stft_detector+numpy_power_guard,cuda_bvh_batch,cuda_bvh_batch,True,2.804849624633789,112.0,0.0,True,False,True,wideband,1.6548820734024048,0.7305555555555555,0.8,0.11492757172124264,2,14.105901005677879,1.6298129921779037,0.22242899285629392,0.25630800519138575,1.0,false_lock
24.0,112,0.7,64,cuda_acquisition,cuda_stft_detector+numpy_power_guard,cuda_bvh_batch,cuda_bvh_batch,True,2.804849624633789,112.0,0.0,True,False,True,wideband,1.6548820734024048,0.7305555555555555,0.8,0.10929046946364741,2,14.105901005677879,1.6298129921779037,0.21546200150623918,0.43337501119822264,0.9993628770438772,false_lock
24.0,112,1.0,16,cuda_acquisition,cuda_stft_detector+numpy_power_guard,cuda_bvh_batch,cuda_bvh_batch,True,2.804849624633789,112.0,0.0,True,False,True,wideband,1.6548820734024048,0.7527777777777778,0.8,0.08708753011889239,2,14.105901005677879,1.6298129921779037,0.26230799267068505,0.26076199719682336,0.9993686619071174,false_lock
24.0,112,1.0,64,cuda_acquisition,cuda_stft_detector+numpy_power_guard,cuda_bvh_batch,cuda_bvh_batch,True,2.804849624633789,112.0,0.0,True,False,True,wideband,1.6548820734024048,0.7527777777777778,0.8,0.09481572433217998,2,14.105901005677879,1.6298129921779037,0.2222750335931778,0.4403709899634123,1.0,false_lock
24.0,112,1.4,16,cuda_acquisition,cuda_stft_detector+numpy_power_guard,cuda_bvh_batch,cuda_bvh_batch,True,2.804849624633789,112.0,0.0,True,False,True,wideband,1.6548820734024048,0.7527777777777778,0.8,0.09620246995402681,2,14.105901005677879,1.6298129921779037,0.22369303042069077,0.25331502547487617,1.0,false_lock
24.0,112,1.4,64,cuda_acquisition,cuda_stft_detector+numpy_power_guard,cuda_bvh_batch,cuda_bvh_batch,True,2.804849624633789,112.0,0.0,True,False,True,wideband,1.6548820734024048,0.7527777777777778,0.8,0.10118978316502016,2,14.105901005677879,1.6298129921779037,0.21967000793665648,0.4131590249016881,1.0,false_lock
24.0,192,0.7,16,cuda_acquisition,cuda_stft_detector+numpy_power_guard,cuda_bvh_batch,cuda_bvh_batch,True,2.411090135574341,192.0,0.0,True,False,True,wideband,1.9988079071044922,0.7305555555555555,0.8,0.11492757172124264,2,14.377760991919786,1.4666420174762607,0.22242899285629392,0.25630800519138575,1.0,false_lock
24.0,192,0.7,64,cuda_acquisition,cuda_stft_detector+numpy_power_guard,cuda_bvh_batch,cuda_bvh_batch,True,2.411090135574341,192.0,0.0,True,False,True,wideband,1.9988079071044922,0.7305555555555555,0.8,0.10929046946364741,2,14.377760991919786,1.4666420174762607,0.21546200150623918,0.43337501119822264,1.0,false_lock
24.0,192,1.0,16,cuda_acquisition,cuda_stft_detector+numpy_power_guard,cuda_bvh_batch,cuda_bvh_batch,True,2.411090135574341,192.0,0.0,True,False,True,wideband,1.9988079071044922,0.7527777777777778,0.8,0.08708753011889239,2,14.377760991919786,1.4666420174762607,0.26230799267068505,0.26076199719682336,1.0,false_lock
24.0,192,1.0,64,cuda_acquisition,cuda_stft_detector+numpy_power_guard,cuda_bvh_batch,cuda_bvh_batch,True,2.411090135574341,192.0,0.0,True,False,True,wideband,1.9988079071044922,0.7527777777777778,0.8,0.09481572433217998,2,14.377760991919786,1.4666420174762607,0.2222750335931778,0.4403709899634123,1.0,false_lock
24.0,192,1.4,16,cuda_acquisition,cuda_stft_detector+numpy_power_guard,cuda_bvh_batch,cuda_bvh_batch,True,2.411090135574341,192.0,0.0,True,False,True,wideband,1.9988079071044922,0.7527777777777778,0.8,0.09620246995402681,2,14.377760991919786,1.4666420174762607,0.22369303042069077,0.25331502547487617,1.0,false_lock
24.0,192,1.4,64,cuda_acquisition,cuda_stft_detector+numpy_power_guard,cuda_bvh_batch,cuda_bvh_batch,True,2.411090135574341,192.0,0.0,True,False,True,wideband,1.9988079071044922,0.7527777777777778,0.8,0.10118978316502016,2,14.377760991919786,1.4666420174762607,0.21967000793665648,0.4131590249016881,1.0,false_lock
