run_id,tow,label,gpu_stress_scenario_id,gpu_failure_label,gpu_stress_target_bad,gpu_rf_jammer_jnr_db,gpu_rf_spoof_delay_samples,gpu_rf_target_snr,gpu_rf_code_phase_error_samples,gpu_rf_code_phase_abs_error_samples,gpu_rf_doppler_error_hz,gpu_rf_false_lock,gpu_rf_acquisition_miss,gpu_rf_interference_detected,gpu_rf_max_false_prn_snr,gpu_urban_building_height_scale,gpu_urban_particles_per_epoch,gpu_urban_n_sat,gpu_urban_n_los,gpu_urban_n_nlos,gpu_urban_mean_blocked_ratio,gpu_urban_max_blocked_ratio,gpu_urban_low_elev_blocked_ratio,gpu_urban_mean_elevation_los_deg,gpu_urban_mean_elevation_nlos_deg,gpu_urban_expected_nlos_bias_m,gpu_urban_route_weight_delta_log,gpu_urban_particle_blocked_mean,gpu_urban_particle_blocked_std,gpu_urban_particle_shadow_contrast,gpu_urban_shadow_risk_score,gpu_urban_source_nav_rinex,gpu_urban_source_satellite_json,gpu_urban_route_backend_cuda,gpu_urban_particle_backend_cuda,gpu_total_risk_score,gpu_failure_nominal,gpu_failure_degraded,gpu_failure_high_risk,gpu_failure_false_lock,gpu_failure_acquisition_miss
gpu_sweep,0.0,gpu_jnr0_d0_h0.7_p16,7760f7698016,nominal,0.0,0.0,0.0,72.38302612304688,0.0,0.0,0.0,0.0,0.0,0.0,1.5694499015808105,0.7,16.0,0.0,0.0,0.0,0.7305555555555555,0.8,0.0,0.0,0.0,0.0,0.0,0.0,0.0,0.11492757172124264,0.47372898763660787,0.0,0.0,1.0,1.0,0.3736449381830394,1.0,0.0,0.0,0.0,0.0
gpu_sweep,1.0,gpu_jnr0_d0_h0.7_p64,ac0a6d6a6e69,nominal,0.0,0.0,0.0,72.38302612304688,0.0,0.0,0.0,0.0,0.0,0.0,1.5694499015808105,0.7,64.0,0.0,0.0,0.0,0.7305555555555555,0.8,0.0,0.0,0.0,0.0,0.0,0.0,0.0,0.10929046946364741,0.47339076150115217,0.0,0.0,1.0,1.0,0.37195380750576085,1.0,0.0,0.0,0.0,0.0
gpu_sweep,2.0,gpu_jnr0_d0_h1_p16,2139e6462c99,nominal,0.0,0.0,0.0,72.38302612304688,0.0,0.0,0.0,0.0,0.0,0.0,1.5694499015808105,1.0,16.0,0.0,0.0,0.0,0.7527777777777778,0.8,0.0,0.0,0.0,0.0,0.0,0.0,0.0,0.08708753011889239,0.48139191847380025,0.0,0.0,1.0,1.0,0.37195959236900106,1.0,0.0,0.0,0.0,0.0
gpu_sweep,3.0,gpu_jnr0_d0_h1_p64,e6aae6363e34,nominal,0.0,0.0,0.0,72.38302612304688,0.0,0.0,0.0,0.0,0.0,0.0,1.5694499015808105,1.0,64.0,0.0,0.0,0.0,0.7527777777777778,0.8,0.0,0.0,0.0,0.0,0.0,0.0,0.0,0.09481572433217998,0.4818556101265975,0.0,0.0,1.0,1.0,0.3742780506329873,1.0,0.0,0.0,0.0,0.0
gpu_sweep,4.0,gpu_jnr0_d0_h1.4_p16,5e0d824b086a,nominal,0.0,0.0,0.0,72.38302612304688,0.0,0.0,0.0,0.0,0.0,0.0,1.5694499015808105,1.4,16.0,0.0,0.0,0.0,0.7527777777777778,0.8,0.0,0.0,0.0,0.0,0.0,0.0,0.0,0.09620246995402681,0.48193881486390827,0.0,0.0,1.0,1.0,0.3746940743195414,1.0,0.0,0.0,0.0,0.0
gpu_sweep,5.0,gpu_jnr0_d0_h1.4_p64,40ae409d50bb,nominal,0.0,0.0,0.0,72.38302612304688,0.0,0.0,0.0,0.0,0.0,0.0,1.5694499015808105,1.4,64.0,0.0,0.0,0.0,0.7527777777777778,0.8,0.0,0.0,0.0,0.0,0.0,0.0,0.0,0.10118978316502016,0.4822380536565679,0.0,0.0,1.0,1.0,0.37619026828283936,1.0,0.0,0.0,0.0,0.0
gpu_sweep,6.0,gpu_jnr0_d48_h0.7_p16,4cbd0cdf2c6f,false_lock,1.0,0.0,48.0,8.643754005432129,48.0,48.0,500.0,1.0,0.0,0.0,1.522033929824829,0.7,16.0,0.0,0.0,0.0,0.7305555555555555,0.8,0.0,0.0,0.0,0.0,0.0,0.0,0.0,0.11492757172124264,0.47372898763660787,0.0,0.0,1.0,1.0,0.7836449381830395,0.0,0.0,0.0,1.0,0.0
gpu_sweep,7.0,gpu_jnr0_d48_h0.7_p64,9fbf34dca410,false_lock,1.0,0.0,48.0,8.643754005432129,48.0,48.0,500.0,1.0,0.0,0.0,1.522033929824829,0.7,64.0,0.0,0.0,0.0,0.7305555555555555,0.8,0.0,0.0,0.0,0.0,0.0,0.0,0.0,0.10929046946364741,0.47339076150115217,0.0,0.0,1.0,1.0,0.7819538075057608,0.0,0.0,0.0,1.0,0.0
gpu_sweep,8.0,gpu_jnr0_d48_h1_p16,65999fcca6cb,false_lock,1.0,0.0,48.0,8.643754005432129,48.0,48.0,500.0,1.0,0.0,0.0,1.522033929824829,1.0,16.0,0.0,0.0,0.0,0.7527777777777778,0.8,0.0,0.0,0.0,0.0,0.0,0.0,0.0,0.08708753011889239,0.48139191847380025,0.0,0.0,1.0,1.0,0.781959592369001,0.0,0.0,0.0,1.0,0.0
gpu_sweep,9.0,gpu_jnr0_d48_h1_p64,255bc61bd38f,false_lock,1.0,0.0,48.0,8.643754005432129,48.0,48.0,500.0,1.0,0.0,0.0,1.522033929824829,1.0,64.0,0.0,0.0,0.0,0.7527777777777778,0.8,0.0,0.0,0.0,0.0,0.0,0.0,0.0,0.09481572433217998,0.4818556101265975,0.0,0.0,1.0,1.0,0.7842780506329874,0.0,0.0,0.0,1.0,0.0
gpu_sweep,10.0,gpu_jnr0_d48_h1.4_p16,936858dd739e,false_lock,1.0,0.0,48.0,8.643754005432129,48.0,48.0,500.0,1.0,0.0,0.0,1.522033929824829,1.4,16.0,0.0,0.0,0.0,0.7527777777777778,0.8,0.0,0.0,0.0,0.0,0.0,0.0,0.0,0.09620246995402681,0.48193881486390827,0.0,0.0,1.0,1.0,0.7846940743195414,0.0,0.0,0.0,1.0,0.0
gpu_sweep,11.0,gpu_jnr0_d48_h1.4_p64,4e435fe761ea,false_lock,1.0,0.0,48.0,8.643754005432129,48.0,48.0,500.0,1.0,0.0,0.0,1.522033929824829,1.4,64.0,0.0,0.0,0.0,0.7527777777777778,0.8,0.0,0.0,0.0,0.0,0.0,0.0,0.0,0.10118978316502016,0.4822380536565679,0.0,0.0,1.0,1.0,0.7861902682828394,0.0,0.0,0.0,1.0,0.0
gpu_sweep,12.0,gpu_jnr0_d112_h0.7_p16,1b4de8e69bca,false_lock,1.0,0.0,112.0,7.743064880371094,112.0,112.0,500.0,1.0,0.0,0.0,1.4109610319137573,0.7,16.0,0.0,0.0,0.0,0.7305555555555555,0.8,0.0,0.0,0.0,0.0,0.0,0.0,0.0,0.11492757172124264,0.47372898763660787,0.0,0.0,1.0,1.0,0.8284624716760813,0.0,0.0,0.0,1.0,0.0
gpu_sweep,13.0,gpu_jnr0_d112_h0.7_p64,0966e08660cd,false_lock,1.0,0.0,112.0,7.743064880371094,112.0,112.0,500.0,1.0,0.0,0.0,1.4109610319137573,0.7,64.0,0.0,0.0,0.0,0.7305555555555555,0.8,0.0,0.0,0.0,0.0,0.0,0.0,0.0,0.10929046946364741,0.47339076150115217,0.0,0.0,1.0,1.0,0.8267713409988029,0.0,0.0,0.0,1.0,0.0
gpu_sweep,14.0,gpu_jnr0_d112_h1_p16,cfd2d43a2962,false_lock,1.0,0.0,112.0,7.743064880371094,112.0,112.0,500.0,1.0,0.0,0.0,1.4109610319137573,1.0,16.0,0.0,0.0,0.0,0.7527777777777778,0.8,0.0,0.0,0.0,0.0,0.0,0.0,0.0,0.08708753011889239,0.48139191847380025,0.0,0.0,1.0,1.0,0.8267771258620431,0.0,0.0,0.0,1.0,0.0
gpu_sweep,15.0,gpu_jnr0_d112_h1_p64,c1fcec3e1ad3,false_lock,1.0,0.0,112.0,7.743064880371094,112.0,112.0,500.0,1.0,0.0,0.0,1.4109610319137573,1.0,64.0,0.0,0.0,0.0,0.7527777777777778,0.8,0.0,0.0,0.0,0.0,0.0,0.0,0.0,0.09481572433217998,0.4818556101265975,0.0,0.0,1.0,1.0,0.8290955841260292,0.0,0.0,0.0,1.0,0.0
gpu_sweep,16.0,gpu_jnr0_d112_h1.4_p16,926258396bf0,false_lock,1.0,0.0,112.0,7.743064880371094,112.0,112.0,500.0,1.0,0.0,0.0,1.4109610319137573,1.4,16.0,0.0,0.0,0.0,0.7527777777777778,0.8,0.0,0.0,0.0,0.0,0.0,0.0,0.0,0.09620246995402681,0.48193881486390827,0.0,0.0,1.0,1.0,0.8295116078125834,0.0,0.0,0.0,1.0,0.0
gpu_sweep,17.0,gpu_jnr0_d112_h1.4_p64,eaa2c6d52f95,false_lock,1.0,0.0,112.0,7.743064880371094,112.0,112.0,500.0,1.0,0.0,0.0,1.4109610319137573,1.4,64.0,0.0,0.0,0.0,0.7527777777777778,0.8,0.0,0.0,0.0,0.0,0.0,0.0,0.0,0.10118978316502016,0.4822380536565679,0.0,0.0,1.0,1.0,0.8310078017758813,0.0,0.0,0.0,1.0,0.0
gpu_sweep,18.0,gpu_jnr0_d192_h0.7_p16,a0f1dbca33b6,false_lock,1.0,0.0,192.0,9.77961254119873,192.0,192.0,500.0,1.0,0.0,0.0,1.3589611053466797,0.7,16.0,0.0,0.0,0.0,0.7305555555555555,0.8,0.0,0.0,0.0,0.0,0.0,0.0,0.0,0.11492757172124264,0.47372898763660787,0.0,0.0,1.0,1.0,0.8536449381830393,0.0,0.0,0.0,1.0,0.0
gpu_sweep,19.0,gpu_jnr0_d192_h0.7_p64,3048a85008dc,false_lock,1.0,0.0,192.0,9.77961254119873,192.0,192.0,500.0,1.0,0.0,0.0,1.3589611053466797,0.7,64.0,0.0,0.0,0.0,0.7305555555555555,0.8,0.0,0.0,0.0,0.0,0.0,0.0,0.0,0.10929046946364741,0.47339076150115217,0.0,0.0,1.0,1.0,0.8519538075057609,0.0,0.0,0.0,1.0,0.0
gpu_sweep,20.0,gpu_jnr0_d192_h1_p16,651d010529bf,false_lock,1.0,0.0,192.0,9.77961254119873,192.0,192.0,500.0,1.0,0.0,0.0,1.3589611053466797,1.0,16.0,0.0,0.0,0.0,0.7527777777777778,0.8,0.0,0.0,0.0,0.0,0.0,0.0,0.0,0.08708753011889239,0.48139191847380025,0.0,0.0,1.0,1.0,0.8519595923690011,0.0,0.0,0.0,1.0,0.0
gpu_sweep,21.0,gpu_jnr0_d192_h1_p64,27cfc439463f,false_lock,1.0,0.0,192.0,9.77961254119873,192.0,192.0,500.0,1.0,0.0,0.0,1.3589611053466797,1.0,64.0,0.0,0.0,0.0,0.7527777777777778,0.8,0.0,0.0,0.0,0.0,0.0,0.0,0.0,0.09481572433217998,0.4818556101265975,0.0,0.0,1.0,1.0,0.8542780506329872,0.0,0.0,0.0,1.0,0.0
gpu_sweep,22.0,gpu_jnr0_d192_h1.4_p16,a2419aa87c40,false_lock,1.0,0.0,192.0,9.77961254119873,192.0,192.0,500.0,1.0,0.0,0.0,1.3589611053466797,1.4,16.0,0.0,0.0,0.0,0.7527777777777778,0.8,0.0,0.0,0.0,0.0,0.0,0.0,0.0,0.09620246995402681,0.48193881486390827,0.0,0.0,1.0,1.0,0.8546940743195414,0.0,0.0,0.0,1.0,0.0
gpu_sweep,23.0,gpu_jnr0_d192_h1.4_p64,a107b24d4f5c,false_lock,1.0,0.0,192.0,9.77961254119873,192.0,192.0,500.0,1.0,0.0,0.0,1.3589611053466797,1.4,64.0,0.0,0.0,0.0,0.7527777777777778,0.8,0.0,0.0,0.0,0.0,0.0,0.0,0.0,0.10118978316502016,0.4822380536565679,0.0,0.0,1.0,1.0,0.8561902682828393,0.0,0.0,0.0,1.0,0.0
gpu_sweep,24.0,gpu_jnr8_d0_h0.7_p16,000a5f49a3f5,nominal,0.0,8.0,0.0,30.971860885620117,0.0,0.0,0.0,0.0,0.0,1.0,1.575601577758789,0.7,16.0,0.0,0.0,0.0,0.7305555555555555,0.8,0.0,0.0,0.0,0.0,0.0,0.0,0.0,0.11492757172124264,0.47372898763660787,0.0,0.0,1.0,1.0,0.4536449381830394,1.0,0.0,0.0,0.0,0.0
gpu_sweep,25.0,gpu_jnr8_d0_h0.7_p64,22487e7a49af,nominal,0.0,8.0,0.0,30.971860885620117,0.0,0.0,0.0,0.0,0.0,1.0,1.575601577758789,0.7,64.0,0.0,0.0,0.0,0.7305555555555555,0.8,0.0,0.0,0.0,0.0,0.0,0.0,0.0,0.10929046946364741,0.47339076150115217,0.0,0.0,1.0,1.0,0.45195380750576086,1.0,0.0,0.0,0.0,0.0
gpu_sweep,26.0,gpu_jnr8_d0_h1_p16,83ca7b78622b,nominal,0.0,8.0,0.0,30.971860885620117,0.0,0.0,0.0,0.0,0.0,1.0,1.575601577758789,1.0,16.0,0.0,0.0,0.0,0.7527777777777778,0.8,0.0,0.0,0.0,0.0,0.0,0.0,0.0,0.08708753011889239,0.48139191847380025,0.0,0.0,1.0,1.0,0.4519595923690011,1.0,0.0,0.0,0.0,0.0
gpu_sweep,27.0,gpu_jnr8_d0_h1_p64,e49860ff018d,nominal,0.0,8.0,0.0,30.971860885620117,0.0,0.0,0.0,0.0,0.0,1.0,1.575601577758789,1.0,64.0,0.0,0.0,0.0,0.7527777777777778,0.8,0.0,0.0,0.0,0.0,0.0,0.0,0.0,0.09481572433217998,0.4818556101265975,0.0,0.0,1.0,1.0,0.4542780506329873,1.0,0.0,0.0,0.0,0.0
gpu_sweep,28.0,gpu_jnr8_d0_h1.4_p16,a031945864cb,nominal,0.0,8.0,0.0,30.971860885620117,0.0,0.0,0.0,0.0,0.0,1.0,1.575601577758789,1.4,16.0,0.0,0.0,0.0,0.7527777777777778,0.8,0.0,0.0,0.0,0.0,0.0,0.0,0.0,0.09620246995402681,0.48193881486390827,0.0,0.0,1.0,1.0,0.4546940743195414,1.0,0.0,0.0,0.0,0.0
gpu_sweep,29.0,gpu_jnr8_d0_h1.4_p64,ccc64bf63e74,nominal,0.0,8.0,0.0,30.971860885620117,0.0,0.0,0.0,0.0,0.0,1.0,1.575601577758789,1.4,64.0,0.0,0.0,0.0,0.7527777777777778,0.8,0.0,0.0,0.0,0.0,0.0,0.0,0.0,0.10118978316502016,0.4822380536565679,0.0,0.0,1.0,1.0,0.4561902682828394,1.0,0.0,0.0,0.0,0.0
gpu_sweep,30.0,gpu_jnr8_d48_h0.7_p16,19a311303340,false_lock,1.0,8.0,48.0,7.682897567749023,48.0,48.0,500.0,1.0,0.0,1.0,2.1048943996429443,0.7,16.0,0.0,0.0,0.0,0.7305555555555555,0.8,0.0,0.0,0.0,0.0,0.0,0.0,0.0,0.11492757172124264,0.47372898763660787,0.0,0.0,1.0,1.0,0.8695906087877452,0.0,0.0,0.0,1.0,0.0
gpu_sweep,31.0,gpu_jnr8_d48_h0.7_p64,878c5377cc4b,false_lock,1.0,8.0,48.0,7.682897567749023,48.0,48.0,500.0,1.0,0.0,1.0,2.1048943996429443,0.7,64.0,0.0,0.0,0.0,0.7305555555555555,0.8,0.0,0.0,0.0,0.0,0.0,0.0,0.0,0.10929046946364741,0.47339076150115217,0.0,0.0,1.0,1.0,0.8678994781104666,0.0,0.0,0.0,1.0,0.0
gpu_sweep,32.0,gpu_jnr8_d48_h1_p16,008bd406c3e0,false_lock,1.0,8.0,48.0,7.682897567749023,48.0,48.0,500.0,1.0,0.0,1.0,2.1048943996429443,1.0,16.0,0.0,0.0,0.0,0.7527777777777778,0.8,0.0,0.0,0.0,0.0,0.0,0.0,0.0,0.08708753011889239,0.48139191847380025,0.0,0.0,1.0,1.0,0.8679052629737068,0.0,0.0,0.0,1.0,0.0
gpu_sweep,33.0,gpu_jnr8_d48_h1_p64,e1645a4326d9,false_lock,1.0,8.0,48.0,7.682897567749023,48.0,48.0,500.0,1.0,0.0,1.0,2.1048943996429443,1.0,64.0,0.0,0.0,0.0,0.7527777777777778,0.8,0.0,0.0,0.0,0.0,0.0,0.0,0.0,0.09481572433217998,0.4818556101265975,0.0,0.0,1.0,1.0,0.8702237212376931,0.0,0.0,0.0,1.0,0.0
gpu_sweep,34.0,gpu_jnr8_d48_h1.4_p16,977a3a8c1d11,false_lock,1.0,8.0,48.0,7.682897567749023,48.0,48.0,500.0,1.0,0.0,1.0,2.1048943996429443,1.4,16.0,0.0,0.0,0.0,0.7527777777777778,0.8,0.0,0.0,0.0,0.0,0.0,0.0,0.0,0.09620246995402681,0.48193881486390827,0.0,0.0,1.0,1.0,0.8706397449242471,0.0,0.0,0.0,1.0,0.0
gpu_sweep,35.0,gpu_jnr8_d48_h1.4_p64,7dd591eea6b8,false_lock,1.0,8.0,48.0,7.682897567749023,48.0,48.0,500.0,1.0,0.0,1.0,2.1048943996429443,1.4,64.0,0.0,0.0,0.0,0.7527777777777778,0.8,0.0,0.0,0.0,0.0,0.0,0.0,0.0,0.10118978316502016,0.4822380536565679,0.0,0.0,1.0,1.0,0.8721359388875451,0.0,0.0,0.0,1.0,0.0
gpu_sweep,36.0,gpu_jnr8_d112_h0.7_p16,3935295b58b4,false_lock,1.0,8.0,112.0,4.744148254394531,112.0,112.0,500.0,1.0,0.0,1.0,1.9422985315322876,0.7,16.0,0.0,0.0,0.0,0.7305555555555555,0.8,0.0,0.0,0.0,0.0,0.0,0.0,0.0,0.11492757172124264,0.47372898763660787,0.0,0.0,1.0,1.0,0.9646921584131418,0.0,0.0,0.0,1.0,0.0
gpu_sweep,37.0,gpu_jnr8_d112_h0.7_p64,f10a9069cbee,false_lock,1.0,8.0,112.0,4.744148254394531,112.0,112.0,500.0,1.0,0.0,1.0,1.9422985315322876,0.7,64.0,0.0,0.0,0.0,0.7305555555555555,0.8,0.0,0.0,0.0,0.0,0.0,0.0,0.0,0.10929046946364741,0.47339076150115217,0.0,0.0,1.0,1.0,0.9630010277358634,0.0,0.0,0.0,1.0,0.0
gpu_sweep,38.0,gpu_jnr8_d112_h1_p16,76d4a094460c,false_lock,1.0,8.0,112.0,4.744148254394531,112.0,112.0,500.0,1.0,0.0,1.0,1.9422985315322876,1.0,16.0,0.0,0.0,0.0,0.7527777777777778,0.8,0.0,0.0,0.0,0.0,0.0,0.0,0.0,0.08708753011889239,0.48139191847380025,0.0,0.0,1.0,1.0,0.9630068125991036,0.0,0.0,0.0,1.0,0.0
gpu_sweep,39.0,gpu_jnr8_d112_h1_p64,6717925e0c26,false_lock,1.0,8.0,112.0,4.744148254394531,112.0,112.0,500.0,1.0,0.0,1.0,1.9422985315322876,1.0,64.0,0.0,0.0,0.0,0.7527777777777778,0.8,0.0,0.0,0.0,0.0,0.0,0.0,0.0,0.09481572433217998,0.4818556101265975,0.0,0.0,1.0,1.0,0.9653252708630897,0.0,0.0,0.0,1.0,0.0
gpu_sweep,40.0,gpu_jnr8_d112_h1.4_p16,2fd655a0c379,false_lock,1.0,8.0,112.0,4.744148254394531,112.0,112.0,500.0,1.0,0.0,1.0,1.9422985315322876,1.4,16.0,0.0,0.0,0.0,0.7527777777777778,0.8,0.0,0.0,0.0,0.0,0.0,0.0,0.0,0.09620246995402681,0.48193881486390827,0.0,0.0,1.0,1.0,0.9657412945496439,0.0,0.0,0.0,1.0,0.0
gpu_sweep,41.0,gpu_jnr8_d112_h1.4_p64,d6d73bd3e67a,false_lock,1.0,8.0,112.0,4.744148254394531,112.0,112.0,500.0,1.0,0.0,1.0,1.9422985315322876,1.4,64.0,0.0,0.0,0.0,0.7527777777777778,0.8,0.0,0.0,0.0,0.0,0.0,0.0,0.0,0.10118978316502016,0.4822380536565679,0.0,0.0,1.0,1.0,0.9672374885129418,0.0,0.0,0.0,1.0,0.0
gpu_sweep,42.0,gpu_jnr8_d192_h0.7_p16,b46f7fc6d3ef,false_lock,1.0,8.0,192.0,10.002674102783203,192.0,192.0,500.0,1.0,0.0,1.0,1.5097798109054565,0.7,16.0,0.0,0.0,0.0,0.7305555555555555,0.8,0.0,0.0,0.0,0.0,0.0,0.0,0.0,0.11492757172124264,0.47372898763660787,0.0,0.0,1.0,1.0,0.9336449381830394,0.0,0.0,0.0,1.0,0.0
gpu_sweep,43.0,gpu_jnr8_d192_h0.7_p64,c111f28ddeb5,false_lock,1.0,8.0,192.0,10.002674102783203,192.0,192.0,500.0,1.0,0.0,1.0,1.5097798109054565,0.7,64.0,0.0,0.0,0.0,0.7305555555555555,0.8,0.0,0.0,0.0,0.0,0.0,0.0,0.0,0.10929046946364741,0.47339076150115217,0.0,0.0,1.0,1.0,0.9319538075057607,0.0,0.0,0.0,1.0,0.0
gpu_sweep,44.0,gpu_jnr8_d192_h1_p16,21bc4b3d9ba4,false_lock,1.0,8.0,192.0,10.002674102783203,192.0,192.0,500.0,1.0,0.0,1.0,1.5097798109054565,1.0,16.0,0.0,0.0,0.0,0.7527777777777778,0.8,0.0,0.0,0.0,0.0,0.0,0.0,0.0,0.08708753011889239,0.48139191847380025,0.0,0.0,1.0,1.0,0.9319595923690009,0.0,0.0,0.0,1.0,0.0
gpu_sweep,45.0,gpu_jnr8_d192_h1_p64,52dc39a804c1,false_lock,1.0,8.0,192.0,10.002674102783203,192.0,192.0,500.0,1.0,0.0,1.0,1.5097798109054565,1.0,64.0,0.0,0.0,0.0,0.7527777777777778,0.8,0.0,0.0,0.0,0.0,0.0,0.0,0.0,0.09481572433217998,0.4818556101265975,0.0,0.0,1.0,1.0,0.9342780506329873,0.0,0.0,0.0,1.0,0.0
gpu_sweep,46.0,gpu_jnr8_d192_h1.4_p16,1ffa72446055,false_lock,1.0,8.0,192.0,10.002674102783203,192.0,192.0,500.0,1.0,0.0,1.0,1.5097798109054565,1.4,16.0,0.0,0.0,0.0,0.7527777777777778,0.8,0.0,0.0,0.0,0.0,0.0,0.0,0.0,0.09620246995402681,0.48193881486390827,0.0,0.0,1.0,1.0,0.9346940743195413,0.0,0.0,0.0,1.0,0.0
gpu_sweep,47.0,gpu_jnr8_d192_h1.4_p64,70d599d25bc8,false_lock,1.0,8.0,192.0,10.002674102783203,192.0,192.0,500.0,1.0,0.0,1.0,1.5097798109054565,1.4,64.0,0.0,0.0,0.0,0.7527777777777778,0.8,0.0,0.0,0.0,0.0,0.0,0.0,0.0,0.10118978316502016,0.4822380536565679,0.0,0.0,1.0,1.0,0.9361902682828394,0.0,0.0,0.0,1.0,0.0
gpu_sweep,48.0,gpu_jnr16_d0_h0.7_p16,ad5faedffaff,degraded,1.0,16.0,0.0,4.649540424346924,1.0,1.0,0.0,0.0,0.0,1.0,1.7231813669204712,0.7,16.0,0.0,0.0,0.0,0.7305555555555555,0.8,0.0,0.0,0.0,0.0,0.0,0.0,0.0,0.11492757172124264,0.47372898763660787,0.0,0.0,1.0,1.0,0.5170910552265346,0.0,1.0,0.0,0.0,0.0
gpu_sweep,49.0,gpu_jnr16_d0_h0.7_p64,8de7da0c27d7,degraded,1.0,16.0,0.0,4.649540424346924,1.0,1.0,0.0,0.0,0.0,1.0,1.7231813669204712,0.7,64.0,0.0,0.0,0.0,0.7305555555555555,0.8,0.0,0.0,0.0,0.0,0.0,0.0,0.0,0.10929046946364741,0.47339076150115217,0.0,0.0,1.0,1.0,0.515399924549256,0.0,1.0,0.0,0.0,0.0
gpu_sweep,50.0,gpu_jnr16_d0_h1_p16,1de939ec5465,degraded,1.0,16.0,0.0,4.649540424346924,1.0,1.0,0.0,0.0,0.0,1.0,1.7231813669204712,1.0,16.0,0.0,0.0,0.0,0.7527777777777778,0.8,0.0,0.0,0.0,0.0,0.0,0.0,0.0,0.08708753011889239,0.48139191847380025,0.0,0.0,1.0,1.0,0.5154057094124962,0.0,1.0,0.0,0.0,0.0
gpu_sweep,51.0,gpu_jnr16_d0_h1_p64,e6f7685a6353,degraded,1.0,16.0,0.0,4.649540424346924,1.0,1.0,0.0,0.0,0.0,1.0,1.7231813669204712,1.0,64.0,0.0,0.0,0.0,0.7527777777777778,0.8,0.0,0.0,0.0,0.0,0.0,0.0,0.0,0.09481572433217998,0.4818556101265975,0.0,0.0,1.0,1.0,0.5177241676764825,0.0,1.0,0.0,0.0,0.0
gpu_sweep,52.0,gpu_jnr16_d0_h1.4_p16,6d12820a5116,degraded,1.0,16.0,0.0,4.649540424346924,1.0,1.0,0.0,0.0,0.0,1.0,1.7231813669204712,1.4,16.0,0.0,0.0,0.0,0.7527777777777778,0.8,0.0,0.0,0.0,0.0,0.0,0.0,0.0,0.09620246995402681,0.48193881486390827,0.0,0.0,1.0,1.0,0.5181401913630366,0.0,1.0,0.0,0.0,0.0
gpu_sweep,53.0,gpu_jnr16_d0_h1.4_p64,b38c3905f936,degraded,1.0,16.0,0.0,4.649540424346924,1.0,1.0,0.0,0.0,0.0,1.0,1.7231813669204712,1.4,64.0,0.0,0.0,0.0,0.7527777777777778,0.8,0.0,0.0,0.0,0.0,0.0,0.0,0.0,0.10118978316502016,0.4822380536565679,0.0,0.0,1.0,1.0,0.5196363853263346,0.0,1.0,0.0,0.0,0.0
gpu_sweep,54.0,gpu_jnr16_d48_h0.7_p16,52410ddb432a,false_lock,1.0,16.0,48.0,7.309283256530762,48.0,48.0,0.0,1.0,0.0,1.0,1.9774956703186035,0.7,16.0,0.0,0.0,0.0,0.7305555555555555,0.8,0.0,0.0,0.0,0.0,0.0,0.0,0.0,0.11492757172124264,0.47372898763660787,0.0,0.0,1.0,1.0,0.8765958771230875,0.0,0.0,0.0,1.0,0.0
gpu_sweep,55.0,gpu_jnr16_d48_h0.7_p64,965653802d6f,false_lock,1.0,16.0,48.0,7.309283256530762,48.0,48.0,0.0,1.0,0.0,1.0,1.9774956703186035,0.7,64.0,0.0,0.0,0.0,0.7305555555555555,0.8,0.0,0.0,0.0,0.0,0.0,0.0,0.0,0.10929046946364741,0.47339076150115217,0.0,0.0,1.0,1.0,0.8749047464458091,0.0,0.0,0.0,1.0,0.0
gpu_sweep,56.0,gpu_jnr16_d48_h1_p16,43a609155db8,false_lock,1.0,16.0,48.0,7.309283256530762,48.0,48.0,0.0,1.0,0.0,1.0,1.9774956703186035,1.0,16.0,0.0,0.0,0.0,0.7527777777777778,0.8,0.0,0.0,0.0,0.0,0.0,0.0,0.0,0.08708753011889239,0.48139191847380025,0.0,0.0,1.0,1.0,0.8749105313090493,0.0,0.0,0.0,1.0,0.0
gpu_sweep,57.0,gpu_jnr16_d48_h1_p64,3ae91056bacd,false_lock,1.0,16.0,48.0,7.309283256530762,48.0,48.0,0.0,1.0,0.0,1.0,1.9774956703186035,1.0,64.0,0.0,0.0,0.0,0.7527777777777778,0.8,0.0,0.0,0.0,0.0,0.0,0.0,0.0,0.09481572433217998,0.4818556101265975,0.0,0.0,1.0,1.0,0.8772289895730354,0.0,0.0,0.0,1.0,0.0
gpu_sweep,58.0,gpu_jnr16_d48_h1.4_p16,b6a91c4ec7db,false_lock,1.0,16.0,48.0,7.309283256530762,48.0,48.0,0.0,1.0,0.0,1.0,1.9774956703186035,1.4,16.0,0.0,0.0,0.0,0.7527777777777778,0.8,0.0,0.0,0.0,0.0,0.0,0.0,0.0,0.09620246995402681,0.48193881486390827,0.0,0.0,1.0,1.0,0.8776450132595895,0.0,0.0,0.0,1.0,0.0
gpu_sweep,59.0,gpu_jnr16_d48_h1.4_p64,58c593704ab7,false_lock,1.0,16.0,48.0,7.309283256530762,48.0,48.0,0.0,1.0,0.0,1.0,1.9774956703186035,1.4,64.0,0.0,0.0,0.0,0.7527777777777778,0.8,0.0,0.0,0.0,0.0,0.0,0.0,0.0,0.10118978316502016,0.4822380536565679,0.0,0.0,1.0,1.0,0.8791412072228875,0.0,0.0,0.0,1.0,0.0
gpu_sweep,60.0,gpu_jnr16_d112_h0.7_p16,6e25d8156773,false_lock,1.0,16.0,112.0,5.92876672744751,112.0,112.0,500.0,1.0,0.0,1.0,1.5204206705093384,0.7,16.0,0.0,0.0,0.0,0.7305555555555555,0.8,0.0,0.0,0.0,0.0,0.0,0.0,0.0,0.11492757172124264,0.47372898763660787,0.0,0.0,1.0,1.0,0.9424805620433987,0.0,0.0,0.0,1.0,0.0
gpu_sweep,61.0,gpu_jnr16_d112_h0.7_p64,5e1fcd396633,false_lock,1.0,16.0,112.0,5.92876672744751,112.0,112.0,500.0,1.0,0.0,1.0,1.5204206705093384,0.7,64.0,0.0,0.0,0.0,0.7305555555555555,0.8,0.0,0.0,0.0,0.0,0.0,0.0,0.0,0.10929046946364741,0.47339076150115217,0.0,0.0,1.0,1.0,0.94078943136612,0.0,0.0,0.0,1.0,0.0
gpu_sweep,62.0,gpu_jnr16_d112_h1_p16,a435a2111867,false_lock,1.0,16.0,112.0,5.92876672744751,112.0,112.0,500.0,1.0,0.0,1.0,1.5204206705093384,1.0,16.0,0.0,0.0,0.0,0.7527777777777778,0.8,0.0,0.0,0.0,0.0,0.0,0.0,0.0,0.08708753011889239,0.48139191847380025,0.0,0.0,1.0,1.0,0.9407952162293602,0.0,0.0,0.0,1.0,0.0
gpu_sweep,63.0,gpu_jnr16_d112_h1_p64,87128a77993d,false_lock,1.0,16.0,112.0,5.92876672744751,112.0,112.0,500.0,1.0,0.0,1.0,1.5204206705093384,1.0,64.0,0.0,0.0,0.0,0.7527777777777778,0.8,0.0,0.0,0.0,0.0,0.0,0.0,0.0,0.09481572433217998,0.4818556101265975,0.0,0.0,1.0,1.0,0.9431136744933466,0.0,0.0,0.0,1.0,0.0
gpu_sweep,64.0,gpu_jnr16_d112_h1.4_p16,d8b3ece4253b,false_lock,1.0,16.0,112.0,5.92876672744751,112.0,112.0,500.0,1.0,0.0,1.0,1.5204206705093384,1.4,16.0,0.0,0.0,0.0,0.7527777777777778,0.8,0.0,0.0,0.0,0.0,0.0,0.0,0.0,0.09620246995402681,0.48193881486390827,0.0,0.0,1.0,1.0,0.9435296981799006,0.0,0.0,0.0,1.0,0.0
gpu_sweep,65.0,gpu_jnr16_d112_h1.4_p64,8e4756730f58,false_lock,1.0,16.0,112.0,5.92876672744751,112.0,112.0,500.0,1.0,0.0,1.0,1.5204206705093384,1.4,64.0,0.0,0.0,0.0,0.7527777777777778,0.8,0.0,0.0,0.0,0.0,0.0,0.0,0.0,0.10118978316502016,0.4822380536565679,0.0,0.0,1.0,1.0,0.9450258921431987,0.0,0.0,0.0,1.0,0.0
gpu_sweep,66.0,gpu_jnr16_d192_h0.7_p16,11c7c961e94f,false_lock,1.0,16.0,192.0,6.501701354980469,192.0,192.0,500.0,1.0,0.0,1.0,1.8756357431411743,0.7,16.0,0.0,0.0,0.0,0.7305555555555555,0.8,0.0,0.0,0.0,0.0,0.0,0.0,0.0,0.11492757172124264,0.47372898763660787,0.0,0.0,1.0,1.0,0.9617380377771556,0.0,0.0,0.0,1.0,0.0
gpu_sweep,67.0,gpu_jnr16_d192_h0.7_p64,d2319577facd,false_lock,1.0,16.0,192.0,6.501701354980469,192.0,192.0,500.0,1.0,0.0,1.0,1.8756357431411743,0.7,64.0,0.0,0.0,0.0,0.7305555555555555,0.8,0.0,0.0,0.0,0.0,0.0,0.0,0.0,0.10929046946364741,0.47339076150115217,0.0,0.0,1.0,1.0,0.960046907099877,0.0,0.0,0.0,1.0,0.0
gpu_sweep,68.0,gpu_jnr16_d192_h1_p16,94bb28445aa9,false_lock,1.0,16.0,192.0,6.501701354980469,192.0,192.0,500.0,1.0,0.0,1.0,1.8756357431411743,1.0,16.0,0.0,0.0,0.0,0.7527777777777778,0.8,0.0,0.0,0.0,0.0,0.0,0.0,0.0,0.08708753011889239,0.48139191847380025,0.0,0.0,1.0,1.0,0.9600526919631172,0.0,0.0,0.0,1.0,0.0
gpu_sweep,69.0,gpu_jnr16_d192_h1_p64,192e5e707000,false_lock,1.0,16.0,192.0,6.501701354980469,192.0,192.0,500.0,1.0,0.0,1.0,1.8756357431411743,1.0,64.0,0.0,0.0,0.0,0.7527777777777778,0.8,0.0,0.0,0.0,0.0,0.0,0.0,0.0,0.09481572433217998,0.4818556101265975,0.0,0.0,1.0,1.0,0.9623711502271035,0.0,0.0,0.0,1.0,0.0
gpu_sweep,70.0,gpu_jnr16_d192_h1.4_p16,e99c50911d10,false_lock,1.0,16.0,192.0,6.501701354980469,192.0,192.0,500.0,1.0,0.0,1.0,1.8756357431411743,1.4,16.0,0.0,0.0,0.0,0.7527777777777778,0.8,0.0,0.0,0.0,0.0,0.0,0.0,0.0,0.09620246995402681,0.48193881486390827,0.0,0.0,1.0,1.0,0.9627871739136575,0.0,0.0,0.0,1.0,0.0
gpu_sweep,71.0,gpu_jnr16_d192_h1.4_p64,2cf4d5c63cb7,false_lock,1.0,16.0,192.0,6.501701354980469,192.0,192.0,500.0,1.0,0.0,1.0,1.8756357431411743,1.4,64.0,0.0,0.0,0.0,0.7527777777777778,0.8,0.0,0.0,0.0,0.0,0.0,0.0,0.0,0.10118978316502016,0.4822380536565679,0.0,0.0,1.0,1.0,0.9642833678769556,0.0,0.0,0.0,1.0,0.0
gpu_sweep,72.0,gpu_jnr24_d0_h0.7_p16,7dea46b3dda7,acquisition_miss,1.0,24.0,0.0,1.7979718446731567,1.0,1.0,500.0,0.0,1.0,1.0,1.4589601755142212,0.7,16.0,0.0,0.0,0.0,0.7305555555555555,0.8,0.0,0.0,0.0,0.0,0.0,0.0,0.0,0.11492757172124264,0.47372898763660787,0.0,0.0,1.0,1.0,0.9205579660954177,0.0,0.0,0.0,0.0,1.0
gpu_sweep,73.0,gpu_jnr24_d0_h0.7_p64,6d0ffbf4f357,acquisition_miss,1.0,24.0,0.0,1.7979718446731567,1.0,1.0,500.0,0.0,1.0,1.0,1.4589601755142212,0.7,64.0,0.0,0.0,0.0,0.7305555555555555,0.8,0.0,0.0,0.0,0.0,0.0,0.0,0.0,0.10929046946364741,0.47339076150115217,0.0,0.0,1.0,1.0,0.9188668354181391,0.0,0.0,0.0,0.0,1.0
gpu_sweep,74.0,gpu_jnr24_d0_h1_p16,ca05b241ad58,acquisition_miss,1.0,24.0,0.0,1.7979718446731567,1.0,1.0,500.0,0.0,1.0,1.0,1.4589601755142212,1.0,16.0,0.0,0.0,0.0,0.7527777777777778,0.8,0.0,0.0,0.0,0.0,0.0,0.0,0.0,0.08708753011889239,0.48139191847380025,0.0,0.0,1.0,1.0,0.9188726202813793,0.0,0.0,0.0,0.0,1.0
gpu_sweep,75.0,gpu_jnr24_d0_h1_p64,df7741205b31,acquisition_miss,1.0,24.0,0.0,1.7979718446731567,1.0,1.0,500.0,0.0,1.0,1.0,1.4589601755142212,1.0,64.0,0.0,0.0,0.0,0.7527777777777778,0.8,0.0,0.0,0.0,0.0,0.0,0.0,0.0,0.09481572433217998,0.4818556101265975,0.0,0.0,1.0,1.0,0.9211910785453656,0.0,0.0,0.0,0.0,1.0
gpu_sweep,76.0,gpu_jnr24_d0_h1.4_p16,a12fc10ec738,acquisition_miss,1.0,24.0,0.0,1.7979718446731567,1.0,1.0,500.0,0.0,1.0,1.0,1.4589601755142212,1.4,16.0,0.0,0.0,0.0,0.7527777777777778,0.8,0.0,0.0,0.0,0.0,0.0,0.0,0.0,0.09620246995402681,0.48193881486390827,0.0,0.0,1.0,1.0,0.9216071022319197,0.0,0.0,0.0,0.0,1.0
gpu_sweep,77.0,gpu_jnr24_d0_h1.4_p64,f056af908b7b,acquisition_miss,1.0,24.0,0.0,1.7979718446731567,1.0,1.0,500.0,0.0,1.0,1.0,1.4589601755142212,1.4,64.0,0.0,0.0,0.0,0.7527777777777778,0.8,0.0,0.0,0.0,0.0,0.0,0.0,0.0,0.10118978316502016,0.4822380536565679,0.0,0.0,1.0,1.0,0.9231032961952177,0.0,0.0,0.0,0.0,1.0
gpu_sweep,78.0,gpu_jnr24_d48_h0.7_p16,992db5ea0f6c,false_lock,1.0,24.0,48.0,3.1130616664886475,48.0,48.0,0.0,1.0,0.0,1.0,1.664824366569519,0.7,16.0,0.0,0.0,0.0,0.7305555555555555,0.8,0.0,0.0,0.0,0.0,0.0,0.0,0.0,0.11492757172124264,0.47372898763660787,0.0,0.0,1.0,1.0,0.9552750319363772,0.0,0.0,0.0,1.0,0.0
gpu_sweep,79.0,gpu_jnr24_d48_h0.7_p64,72ddba3e5170,false_lock,1.0,24.0,48.0,3.1130616664886475,48.0,48.0,0.0,1.0,0.0,1.0,1.664824366569519,0.7,64.0,0.0,0.0,0.0,0.7305555555555555,0.8,0.0,0.0,0.0,0.0,0.0,0.0,0.0,0.10929046946364741,0.47339076150115217,0.0,0.0,1.0,1.0,0.9535839012590988,0.0,0.0,0.0,1.0,0.0
gpu_sweep,80.0,gpu_jnr24_d48_h1_p16,b75fff503a31,false_lock,1.0,24.0,48.0,3.1130616664886475,48.0,48.0,0.0,1.0,0.0,1.0,1.664824366569519,1.0,16.0,0.0,0.0,0.0,0.7527777777777778,0.8,0.0,0.0,0.0,0.0,0.0,0.0,0.0,0.08708753011889239,0.48139191847380025,0.0,0.0,1.0,1.0,0.953589686122339,0.0,0.0,0.0,1.0,0.0
gpu_sweep,81.0,gpu_jnr24_d48_h1_p64,17bb1dd0b5aa,false_lock,1.0,24.0,48.0,3.1130616664886475,48.0,48.0,0.0,1.0,0.0,1.0,1.664824366569519,1.0,64.0,0.0,0.0,0.0,0.7527777777777778,0.8,0.0,0.0,0.0,0.0,0.0,0.0,0.0,0.09481572433217998,0.4818556101265975,0.0,0.0,1.0,1.0,0.9559081443863251,0.0,0.0,0.0,1.0,0.0
gpu_sweep,82.0,gpu_jnr24_d48_h1.4_p16,a9b6100ba6fc,false_lock,1.0,24.0,48.0,3.1130616664886475,48.0,48.0,0.0,1.0,0.0,1.0,1.664824366569519,1.4,16.0,0.0,0.0,0.0,0.7527777777777778,0.8,0.0,0.0,0.0,0.0,0.0,0.0,0.0,0.09620246995402681,0.48193881486390827,0.0,0.0,1.0,1.0,0.9563241680728792,0.0,0.0,0.0,1.0,0.0
gpu_sweep,83.0,gpu_jnr24_d48_h1.4_p64,4f26015f1366,false_lock,1.0,24.0,48.0,3.1130616664886475,48.0,48.0,0.0,1.0,0.0,1.0,1.664824366569519,1.4,64.0,0.0,0.0,0.0,0.7527777777777778,0.8,0.0,0.0,0.0,0.0,0.0,0.0,0.0,0.10118978316502016,0.4822380536565679,0.0,0.0,1.0,1.0,0.9578203620361772,0.0,0.0,0.0,1.0,0.0
gpu_sweep,84.0,gpu_jnr24_d112_h0.7_p16,627d88a36981,false_lock,1.0,24.0,112.0,2.804849624633789,112.0,112.0,0.0,1.0,0.0,1.0,1.6548820734024048,0.7,16.0,0.0,0.0,0.0,0.7305555555555555,0.8,0.0,0.0,0.0,0.0,0.0,0.0,0.0,0.11492757172124264,0.47372898763660787,0.0,0.0,1.0,1.0,1.0,0.0,0.0,0.0,1.0,0.0
gpu_sweep,85.0,gpu_jnr24_d112_h0.7_p64,2498729df39d,false_lock,1.0,24.0,112.0,2.804849624633789,112.0,112.0,0.0,1.0,0.0,1.0,1.6548820734024048,0.7,64.0,0.0,0.0,0.0,0.7305555555555555,0.8,0.0,0.0,0.0,0.0,0.0,0.0,0.0,0.10929046946364741,0.47339076150115217,0.0,0.0,1.0,1.0,0.9993628770438772,0.0,0.0,0.0,1.0,0.0
gpu_sweep,86.0,gpu_jnr24_d112_h1_p16,a66c6e016af6,false_lock,1.0,24.0,112.0,2.804849624633789,112.0,112.0,0.0,1.0,0.0,1.0,1.6548820734024048,1.0,16.0,0.0,0.0,0.0,0.7527777777777778,0.8,0.0,0.0,0.0,0.0,0.0,0.0,0.0,0.08708753011889239,0.48139191847380025,0.0,0.0,1.0,1.0,0.9993686619071174,0.0,0.0,0.0,1.0,0.0
gpu_sweep,87.0,gpu_jnr24_d112_h1_p64,9263e6dbe258,false_lock,1.0,24.0,112.0,2.804849624633789,112.0,112.0,0.0,1.0,0.0,1.0,1.6548820734024048,1.0,64.0,0.0,0.0,0.0,0.7527777777777778,0.8,0.0,0.0,0.0,0.0,0.0,0.0,0.0,0.09481572433217998,0.4818556101265975,0.0,0.0,1.0,1.0,1.0,0.0,0.0,0.0,1.0,0.0
gpu_sweep,88.0,gpu_jnr24_d112_h1.4_p16,6a781d375ea0,false_lock,1.0,24.0,112.0,2.804849624633789,112.0,112.0,0.0,1.0,0.0,1.0,1.6548820734024048,1.4,16.0,0.0,0.0,0.0,0.7527777777777778,0.8,0.0,0.0,0.0,0.0,0.0,0.0,0.0,0.09620246995402681,0.48193881486390827,0.0,0.0,1.0,1.0,1.0,0.0,0.0,0.0,1.0,0.0
gpu_sweep,89.0,gpu_jnr24_d112_h1.4_p64,016aa414f1d8,false_lock,1.0,24.0,112.0,2.804849624633789,112.0,112.0,0.0,1.0,0.0,1.0,1.6548820734024048,1.4,64.0,0.0,0.0,0.0,0.7527777777777778,0.8,0.0,0.0,0.0,0.0,0.0,0.0,0.0,0.10118978316502016,0.4822380536565679,0.0,0.0,1.0,1.0,1.0,0.0,0.0,0.0,1.0,0.0
gpu_sweep,90.0,gpu_jnr24_d192_h0.7_p16,a25a8cf7fec5,false_lock,1.0,24.0,192.0,2.411090135574341,192.0,192.0,0.0,1.0,0.0,1.0,1.9988079071044922,0.7,16.0,0.0,0.0,0.0,0.7305555555555555,0.8,0.0,0.0,0.0,0.0,0.0,0.0,0.0,0.11492757172124264,0.47372898763660787,0.0,0.0,1.0,1.0,1.0,0.0,0.0,0.0,1.0,0.0
gpu_sweep,91.0,gpu_jnr24_d192_h0.7_p64,d15329177f4a,false_lock,1.0,24.0,192.0,2.411090135574341,192.0,192.0,0.0,1.0,0.0,1.0,1.9988079071044922,0.7,64.0,0.0,0.0,0.0,0.7305555555555555,0.8,0.0,0.0,0.0,0.0,0.0,0.0,0.0,0.10929046946364741,0.47339076150115217,0.0,0.0,1.0,1.0,1.0,0.0,0.0,0.0,1.0,0.0
gpu_sweep,92.0,gpu_jnr24_d192_h1_p16,c54930d0ca2a,false_lock,1.0,24.0,192.0,2.411090135574341,192.0,192.0,0.0,1.0,0.0,1.0,1.9988079071044922,1.0,16.0,0.0,0.0,0.0,0.7527777777777778,0.8,0.0,0.0,0.0,0.0,0.0,0.0,0.0,0.08708753011889239,0.48139191847380025,0.0,0.0,1.0,1.0,1.0,0.0,0.0,0.0,1.0,0.0
gpu_sweep,93.0,gpu_jnr24_d192_h1_p64,ea8e88500390,false_lock,1.0,24.0,192.0,2.411090135574341,192.0,192.0,0.0,1.0,0.0,1.0,1.9988079071044922,1.0,64.0,0.0,0.0,0.0,0.7527777777777778,0.8,0.0,0.0,0.0,0.0,0.0,0.0,0.0,0.09481572433217998,0.4818556101265975,0.0,0.0,1.0,1.0,1.0,0.0,0.0,0.0,1.0,0.0
gpu_sweep,94.0,gpu_jnr24_d192_h1.4_p16,da30d1528696,false_lock,1.0,24.0,192.0,2.411090135574341,192.0,192.0,0.0,1.0,0.0,1.0,1.9988079071044922,1.4,16.0,0.0,0.0,0.0,0.7527777777777778,0.8,0.0,0.0,0.0,0.0,0.0,0.0,0.0,0.09620246995402681,0.48193881486390827,0.0,0.0,1.0,1.0,1.0,0.0,0.0,0.0,1.0,0.0
gpu_sweep,95.0,gpu_jnr24_d192_h1.4_p64,bdc92f48d358,false_lock,1.0,24.0,192.0,2.411090135574341,192.0,192.0,0.0,1.0,0.0,1.0,1.9988079071044922,1.4,64.0,0.0,0.0,0.0,0.7527777777777778,0.8,0.0,0.0,0.0,0.0,0.0,0.0,0.0,0.10118978316502016,0.4822380536565679,0.0,0.0,1.0,1.0,1.0,0.0,0.0,0.0,1.0,0.0
