run_id,tow,risk_bucket,gpu_urban_shadow_risk_score,baseline_label,gpu_label,selection_changed,baseline_selector_score,baseline_gpu_score,gpu_selector_score,gpu_gpu_score,n_candidates,baseline_truth_cost,gpu_truth_cost,oracle_truth_cost,gpu_minus_baseline_truth_cost,baseline_regret,gpu_regret
tokyo_run1,187470.0,0.00-0.02,0.0,em3oG,em3oG,0.0,0.362166,0.362166,0.362166,0.362166,65,0.42339588996718186,0.42339588996718186,0.05939141352993513,0.0,0.36400447643724676,0.36400447643724676
tokyo_run1,187490.0,0.00-0.02,0.0,xd_gici_z,xd_gici_z,0.0,0.0269,0.0269,0.0269,0.0269,84,0.13428451137669903,0.13428451137669903,0.03218757507952943,0.0,0.1020969362971696,0.1020969362971696
tokyo_run1,187510.2,0.00-0.02,0.0,xd_gici_z,xd_gici_z,0.0,0.0085,0.0085,0.0085,0.0085,81,0.12709464990117808,0.12709464990117808,0.014385061518664293,0.0,0.11270958838251378,0.11270958838251378
tokyo_run1,187530.2,0.00-0.02,0.0,xd_gici_z,xd_gici_z,0.0,0.0085,0.0085,0.0085,0.0085,81,0.1343818810099585,0.1343818810099585,0.04316584286814458,0.0,0.09121603814181391,0.09121603814181391
tokyo_run1,187550.4,0.00-0.02,0.0,xd_gici_z,xd_gici_z,0.0,0.0085,0.0085,0.0085,0.0085,81,0.12508245278483787,0.12508245278483787,0.01645022786611822,0.0,0.10863222491871966,0.10863222491871966
tokyo_run1,187570.4,0.00-0.02,0.0,xd_gici_z,xd_gici_z,0.0,0.0071,0.0071,0.0071,0.0071,81,0.11481032186935623,0.11481032186935623,0.013733535578591666,0.0,0.10107678629076457,0.10107678629076457
tokyo_run1,187590.6,0.10-0.20,0.15991019423137803,xd_gici_z,xd_gici_z,0.0,0.0064,-0.1328117047220881,0.0064,-0.1328117047220881,81,0.12283468563340219,0.12283468563340219,0.01835456325785767,0.0,0.10448012237554452,0.10448012237554452
tokyo_run1,187610.6,0.10-0.20,0.163835264227386,xd_gici_c4,xd_gici_c4,0.0,0.0064,-0.13790898944539692,0.0064,-0.13790898944539692,81,0.11578760716217669,0.11578760716217669,0.012792184904728908,0.0,0.10299542225744779,0.10299542225744779
tokyo_run1,187630.6,0.05-0.10,0.06,xd_gici_z,xd_gici_z,0.0,0.0078,-0.05018921858279245,0.0078,-0.05018921858279245,81,0.12182799305780626,0.12182799305780626,0.02638806542402221,0.0,0.09543992763378405,0.09543992763378405
tokyo_run1,187650.8,0.00-0.02,0.0,xd_gici_z,xd_gici_z,0.0,0.0078,0.0078,0.0078,0.0078,80,0.10487034868452044,0.10487034868452044,0.04153275810735551,0.0,0.06333759057716493,0.06333759057716493
tokyo_run1,187670.8,0.00-0.02,0.0,xd_gici_z,xd_gici_z,0.0,0.0071,0.0071,0.0071,0.0071,80,0.11047397885006827,0.11047397885006827,0.022149943751906598,0.0,0.08832403509816167,0.08832403509816167
tokyo_run1,187691.0,0.00-0.02,0.0,xd_gici_z,xd_gici_z,0.0,0.0064,0.0064,0.0064,0.0064,84,0.10332642467587119,0.10332642467587119,0.015961203389168073,0.0,0.08736522128670313,0.08736522128670313
tokyo_run1,187711.0,0.00-0.02,0.0,xd_gici_z,xd_gici_z,0.0,0.0108,0.0108,0.0108,0.0108,84,0.1131124218294009,0.1131124218294009,0.015213152177251672,0.0,0.09789926965214923,0.09789926965214923
tokyo_run1,187731.0,0.10-0.20,0.15547142919914425,xd_gici_z,xd_gici_c4,1.0,0.0094,-0.12410690573439559,0.0094,-0.1396486321373543,84,0.12212374873041369,0.12310276168238309,0.032231351281597424,0.0009790129519693935,0.08989239744881627,0.09087141040078567
tokyo_run1,187751.2,0.00-0.02,0.0,xd_gici_z,xd_gici_z,0.0,0.0114,0.0114,0.0114,0.0114,81,0.12816801474431905,0.12816801474431905,0.01778032632726133,0.0,0.11038768841705772,0.11038768841705772
tokyo_run1,187771.2,0.00-0.02,0.0,xd_gici_z,xd_gici_z,0.0,0.0078,0.0078,0.0078,0.0078,81,0.11487162396807993,0.11487162396807993,0.050793897454461806,0.0,0.06407772651361812,0.06407772651361812
tokyo_run1,187791.4,0.00-0.02,0.0,xd_gici_c4,xd_gici_c4,0.0,0.012,0.012,0.012,0.012,81,0.09362446285158174,0.09362446285158174,0.07151601227549503,0.0,0.022108450576086708,0.022108450576086708
tokyo_run1,187811.4,0.00-0.02,0.0,xd_gici_c4,xd_gici_c4,0.0,0.0158,0.0158,0.0158,0.0158,81,0.07721716148069327,0.07721716148069327,0.020075109015244647,0.0,0.05714205246544862,0.05714205246544862
tokyo_run1,187831.6,0.00-0.02,0.0,xd_gici_hs30,xd_gici_hs30,0.0,0.017,0.017,0.017,0.017,80,0.11246795092218545,0.11246795092218545,0.0529729177208785,0.0,0.05949503320130695,0.05949503320130695
tokyo_run1,187851.6,0.00-0.02,0.0,xd_gici_z,xd_gici_z,0.0,0.0085,0.0085,0.0085,0.0085,81,0.12674643997892054,0.12674643997892054,0.02373646989187586,0.0,0.10300997008704468,0.10300997008704468
tokyo_run1,187871.6,0.00-0.02,0.0,xd_gici_z,xd_gici_z,0.0,0.0092,0.0092,0.0092,0.0092,81,0.1302521402764005,0.1302521402764005,0.04235150547264762,0.0,0.08790063480375288,0.08790063480375288
tokyo_run1,187891.8,0.00-0.02,0.0,xd_gici_z,xd_gici_z,0.0,0.0108,0.0108,0.0108,0.0108,81,0.11584653617263066,0.11584653617263066,0.034972703332216346,0.0,0.08087383284041431,0.08087383284041431
tokyo_run1,187911.8,0.00-0.02,0.0,xd_gici_hs30,xd_gici_hs30,0.0,0.0164,0.0164,0.0164,0.0164,81,0.13297702817262377,0.13297702817262377,0.018662797350276827,0.0,0.11431423082234694,0.11431423082234694
tokyo_run1,187932.0,0.00-0.02,0.0,xd_gici_c4,xd_gici_c4,0.0,0.0094,0.0094,0.0094,0.0094,84,0.09012968449299041,0.09012968449299041,0.012725564858632318,0.0,0.0774041196343581,0.0774041196343581
tokyo_run1,187952.0,0.00-0.02,0.0,xd_gici_oa,xd_gici_oa,0.0,0.01,0.01,0.01,0.01,84,0.11467876871258102,0.11467876871258102,0.01760397671193328,0.0,0.09707479200064774,0.09707479200064774
tokyo_run1,187972.2,0.00-0.02,0.0,xd_gici_c4,xd_gici_c4,0.0,0.0144,0.0144,0.0144,0.0144,81,0.13247886639387058,0.13247886639387058,0.007874643415995052,0.0,0.12460422297787552,0.12460422297787552
tokyo_run1,187992.2,0.00-0.02,0.0,xd_gici_hs30,xd_gici_hs30,0.0,0.4186,0.4186,0.4186,0.4186,28,2.683689471726858,2.683689471726858,2.683689471726858,0.0,0.0,0.0
tokyo_run1,188012.2,0.00-0.02,0.0,xd_gici_def,xd_gici_def,0.0,0.023,0.023,0.023,0.023,79,0.14831786808443173,0.14831786808443173,0.04426895076814772,0.0,0.10404891731628402,0.10404891731628402
tokyo_run1,188032.4,0.00-0.02,0.0,xd_gici_lh,xd_gici_lh,0.0,0.0324,0.0324,0.0324,0.0324,69,0.1279228285377933,0.1279228285377933,0.09327539866239114,0.0,0.03464742987540216,0.03464742987540216
tokyo_run1,188052.4,0.00-0.02,0.0,xd_gici_def,xd_gici_def,0.0,0.0156,0.0156,0.0156,0.0156,81,0.12750454910305414,0.12750454910305414,0.09335619977538735,0.0,0.03414834932766679,0.03414834932766679
tokyo_run1,188072.6,0.00-0.02,0.0,xd_gici_lprlph,xd_gici_lprlph,0.0,0.012,0.012,0.012,0.012,81,0.9475023799425438,0.9475023799425438,0.0955724855803331,0.0,0.8519298943622107,0.8519298943622107
tokyo_run1,188092.6,0.00-0.02,0.0,xd_gici_oa,xd_gici_oa,0.0,0.0085,0.0085,0.0085,0.0085,81,0.10165185697561249,0.10165185697561249,0.03591141868697858,0.0,0.0657404382886339,0.0657404382886339
tokyo_run1,188112.6,0.00-0.02,0.0,xd_gici_r4,xd_gici_r4,0.0,0.0092,0.0092,0.0092,0.0092,79,0.11349929519727327,0.11349929519727327,0.009626526009798974,0.0,0.10387276918747429,0.10387276918747429
tokyo_run1,188132.8,0.00-0.02,0.0,xd_gici_c4,xd_gici_c4,0.0,0.0208,0.0208,0.0208,0.0208,20,0.19184934189964378,0.19184934189964378,0.11271880927698243,0.0,0.07913053262266136,0.07913053262266136
tokyo_run1,188152.8,0.00-0.02,0.0,c005ga,c005ga,0.0,16.144295,16.144295,16.144295,16.144295,4,44.42565582653897,44.42565582653897,44.42565582653897,0.0,0.0,0.0
tokyo_run1,188173.0,0.00-0.02,0.0,rtkout3c005oG,rtkout3c005oG,0.0,0.209642,0.209642,0.209642,0.209642,59,14.234484215801098,14.234484215801098,0.7408965918917534,0.0,13.493587623909345,13.493587623909345
tokyo_run1,188193.0,0.00-0.02,0.0,xd_gici_hs30,xd_gici_hs30,0.0,0.1641,0.1641,0.1641,0.1641,81,0.6876774973722366,0.6876774973722366,0.6876774973722366,0.0,0.0,0.0
tokyo_run1,188213.2,0.00-0.02,0.0,xd_gici_hs30,xd_gici_hs30,0.0,0.1151,0.1151,0.1151,0.1151,80,1.4603326368497258,1.4603326368497258,0.6407391822933475,0.0,0.8195934545563783,0.8195934545563783
tokyo_run1,188233.2,0.00-0.02,0.0,xd_gici_hs30,xd_gici_hs30,0.0,0.0986,0.0986,0.0986,0.0986,75,1.2997857206583363,1.2997857206583363,0.8555623411491188,0.0,0.44422337950921753,0.44422337950921753
tokyo_run1,188253.2,0.00-0.02,0.0,xd_gici_zr,xd_gici_zr,0.0,0.1132,0.1132,0.1132,0.1132,76,1.7827541164496914,1.7827541164496914,0.36808700077905543,0.0,1.4146671156706359,1.4146671156706359
tokyo_run1,188273.4,0.10-0.20,0.15547142919914425,xd_gici_combo,xd_gici_combo,0.0,0.1261,0.1844781479259845,0.1261,0.1844781479259845,78,0.6183340358226771,0.6183340358226771,0.22606693680259574,0.0,0.3922670990200814,0.3922670990200814
tokyo_run1,188293.4,0.00-0.02,0.0,xd_gici_combo,xd_gici_combo,0.0,0.1285,0.1285,0.1285,0.1285,77,0.5273174751780647,0.5273174751780647,0.02813556449387823,0.0,0.4991819106841865,0.4991819106841865
tokyo_run1,188313.6,0.00-0.02,0.0,xd_gici_combo,xd_gici_combo,0.0,0.1114,0.1114,0.1114,0.1114,80,0.5659381236822938,0.5659381236822938,0.03639684061926316,0.0,0.5295412830630306,0.5295412830630306
tokyo_run1,188333.6,0.00-0.02,0.0,xd_gici_oa,xd_gici_oa,0.0,0.0294,0.0294,0.0294,0.0294,80,0.3997756994065645,0.3997756994065645,0.3997756994065645,0.0,0.0,0.0
tokyo_run1,188353.6,0.00-0.02,0.0,xd_gici_oa,xd_gici_oa,0.0,0.0266,0.0266,0.0266,0.0266,80,0.38547115317878405,0.38547115317878405,0.38547115317878405,0.0,0.0,0.0
tokyo_run1,188373.8,0.00-0.02,0.0,xd_gici_oa,xd_gici_oa,0.0,0.0244,0.0244,0.0244,0.0244,75,0.4494901776105679,0.4494901776105679,0.4494901776105679,0.0,0.0,0.0
tokyo_run1,188393.8,0.00-0.02,0.0,xd_gici_c4,xd_gici_c4,0.0,0.0197,0.0197,0.0197,0.0197,78,0.4690396464479581,0.4690396464479581,0.4222883729631053,0.0,0.04675127348485281,0.04675127348485281
tokyo_run1,188414.0,0.10-0.20,0.13738074852447843,xd_gici_combo,xd_gici_c4,1.0,0.017,0.010850844237863977,0.017,0.007419073138893409,84,0.43065908778677536,0.43471104191563775,0.19084687587953506,0.0040519541288623895,0.2398122119072403,0.2438641660361027
tokyo_run1,188434.0,0.20+,0.20422077929229882,xd_gici_c4,xd_gici_c4,0.0,0.0078,-0.024496320094074056,0.0078,-0.024496320094074056,84,0.40037070323662194,0.40037070323662194,0.02216731809729674,0.0,0.3782033851393252,0.3782033851393252
tokyo_run1,188454.2,0.00-0.02,0.0,xd_gici_z,xd_gici_z,0.0,0.0089,0.0089,0.0089,0.0089,81,0.13799952882294375,0.13799952882294375,0.040155447615742954,0.0,0.0978440812072008,0.0978440812072008
tokyo_run1,188474.2,0.00-0.02,0.0,xd_gici_z,xd_gici_z,0.0,0.0089,0.0089,0.0089,0.0089,81,0.10599566037914698,0.10599566037914698,0.02534186257938107,0.0,0.08065379779976592,0.08065379779976592
tokyo_run1,188494.2,0.00-0.02,0.0,xd_gici_combo,xd_gici_combo,0.0,0.0089,0.0089,0.0089,0.0089,81,0.11052176253867493,0.11052176253867493,0.02395767112696256,0.0,0.08656409141171237,0.08656409141171237
tokyo_run1,188514.4,0.00-0.02,0.0,xd_gici_z,xd_gici_z,0.0,0.0081,0.0081,0.0081,0.0081,81,0.07813136357362574,0.07813136357362574,0.03098273707594962,0.0,0.04714862649767612,0.04714862649767612
tokyo_run1,188534.4,0.00-0.02,0.0,xd_gici_hs30,xd_gici_hs30,0.0,0.0198,0.0198,0.0198,0.0198,81,0.07162981222492508,0.07162981222492508,0.033690354472992796,0.0,0.03793945775193228,0.03793945775193228
tokyo_run1,188554.6,0.00-0.02,0.0,xd_gici_lp,xd_gici_lp,0.0,0.0228,0.0228,0.0228,0.0228,79,0.17143809369856433,0.17143809369856433,0.07130035054417257,0.0,0.10013774315439176,0.10013774315439176
tokyo_run1,188574.6,0.00-0.02,0.0,xd_gici_z,xd_gici_z,0.0,0.0192,0.0192,0.0192,0.0192,80,0.12945798519239615,0.12945798519239615,0.06025263478459217,0.0,0.06920535040780398,0.06920535040780398
tokyo_run1,188594.8,0.00-0.02,0.0,xd_gici_z,xd_gici_z,0.0,0.0099,0.0099,0.0099,0.0099,80,0.11841950884386347,0.11841950884386347,0.029983495949395065,0.0,0.08843601289446841,0.08843601289446841
tokyo_run1,188614.8,0.00-0.02,0.0,xd_gici_z,xd_gici_z,0.0,0.013,0.013,0.013,0.013,32,0.1281488587526214,0.1281488587526214,0.06220626993262243,0.0,0.06594258881999895,0.06594258881999895
tokyo_run1,188634.8,0.00-0.02,0.0,xd_gici_z,xd_gici_z,0.0,0.0117,0.0117,0.0117,0.0117,23,0.12621255886059837,0.12621255886059837,0.048718477058500964,0.0,0.07749408180209741,0.07749408180209741
tokyo_run1,188655.0,0.00-0.02,0.0,xd_gici_z,xd_gici_z,0.0,0.0094,0.0094,0.0094,0.0094,84,0.09561161008996921,0.09561161008996921,0.03290987686608239,0.0,0.06270173322388682,0.06270173322388682
tokyo_run1,188675.0,0.00-0.02,0.0,xd_gici_c4,xd_gici_c4,0.0,0.0092,0.0092,0.0092,0.0092,83,0.11849919799855145,0.11849919799855145,0.05969539371068463,0.0,0.05880380428786682,0.05880380428786682
tokyo_run1,188695.2,0.05-0.10,0.06,xd_gici_z,xd_gici_z,0.0,0.0106,-0.027496589717095538,0.0106,-0.027496589717095538,81,0.1064187014332184,0.1064187014332184,0.04747293961896079,0.0,0.058945761814257605,0.058945761814257605
tokyo_run1,188715.2,0.00-0.02,0.0,xd_gici_hs30,xd_gici_hs30,0.0,0.0135,0.0135,0.0135,0.0135,81,0.07105335994496664,0.07105335994496664,0.05112787876371212,0.0,0.01992548118125452,0.01992548118125452
tokyo_run1,188735.2,0.05-0.10,0.06,xd_gici_z,xd_gici_z,0.0,0.0135,-0.03374366588207038,0.0135,-0.03374366588207038,80,0.07386805803764768,0.07386805803764768,0.03985473589766909,0.0,0.03401332213997859,0.03401332213997859
tokyo_run1,188755.4,0.00-0.02,0.0,xd_gici_z,xd_gici_z,0.0,0.0127,0.0127,0.0127,0.0127,80,0.06771070793012586,0.06771070793012586,0.02405597648595506,0.0,0.0436547314441708,0.0436547314441708
tokyo_run1,188775.4,0.05-0.10,0.06,xd_gici_c4,xd_gici_c4,0.0,0.0135,-0.03720293395881407,0.0135,-0.03720293395881407,80,0.0822234757221361,0.0822234757221361,0.023635989233843482,0.0,0.05858748648829262,0.05858748648829262
tokyo_run1,188795.6,0.05-0.10,0.06,xd_gici_z,xd_gici_z,0.0,0.0135,-0.03577713776699004,0.0135,-0.03577713776699004,80,0.09276615722128016,0.09276615722128016,0.03560280898966454,0.0,0.057163348231615625,0.057163348231615625
tokyo_run1,188815.6,0.05-0.10,0.06,xd_gici_z,xd_gici_z,0.0,0.0106,-0.03861813983704654,0.0106,-0.03861813983704654,80,0.08962349028472727,0.08962349028472727,0.026467149271074054,0.0,0.06315634101365322,0.06315634101365322
tokyo_run1,188835.8,0.05-0.10,0.06,xd_gici_z,xd_gici_r4,1.0,0.01,-0.034559621278432186,0.01,-0.036094280239687145,43,0.12010116589737858,0.114344785767475,0.01910654336621349,-0.005756380129903579,0.10099462253116509,0.09523824240126151
tokyo_run1,188855.8,0.00-0.02,0.0,xd_gici_c4,xd_gici_c4,0.0,0.0086,0.0086,0.0086,0.0086,80,0.10063612672838947,0.10063612672838947,0.016622274088183384,0.0,0.08401385264020608,0.08401385264020608
tokyo_run1,188875.8,0.00-0.02,0.0,xd_gici_c4,xd_gici_c4,0.0,0.0086,0.0086,0.0086,0.0086,80,0.07672131370858895,0.07672131370858895,0.016599397731759915,0.0,0.06012191597682903,0.06012191597682903
tokyo_run1,188896.0,0.00-0.02,0.0,xd_gici_z,xd_gici_z,0.0,0.0086,0.0086,0.0086,0.0086,83,0.0886260120955297,0.0886260120955297,0.009926731330202044,0.0,0.07869928076532766,0.07869928076532766
tokyo_run1,188916.0,0.00-0.02,0.0,xd_gici_z,xd_gici_z,0.0,0.013,0.013,0.013,0.013,82,0.08698815993885854,0.08698815993885854,0.03509273402651188,0.0,0.05189542591234666,0.05189542591234666
tokyo_run1,188936.2,0.00-0.02,0.0,xd_gici_z,xd_gici_z,0.0,0.0099,0.0099,0.0099,0.0099,80,0.12227853447078973,0.12227853447078973,0.050031589865015616,0.0,0.07224694460577412,0.07224694460577412
tokyo_run1,188956.2,0.00-0.02,0.0,xd_gici_def,xd_gici_def,0.0,0.0113,0.0113,0.0113,0.0113,30,0.09991781604242603,0.09991781604242603,0.05853434847626247,0.0,0.04138346756616356,0.04138346756616356
tokyo_run1,188976.4,0.00-0.02,0.0,xd_gici_z,xd_gici_z,0.0,0.0128,0.0128,0.0128,0.0128,80,0.09877499694367486,0.09877499694367486,0.02019356356656189,0.0,0.07858143337711297,0.07858143337711297
tokyo_run1,188996.4,0.00-0.02,0.0,xd_gici_combo,xd_gici_combo,0.0,0.0103,0.0103,0.0103,0.0103,80,0.13622635589530616,0.13622635589530616,0.013054501250312156,0.0,0.123171854644994,0.123171854644994
tokyo_run1,189016.4,0.00-0.02,0.0,xd_gici_z,xd_gici_z,0.0,0.0086,0.0086,0.0086,0.0086,80,0.10447937638691862,0.10447937638691862,0.03904369360702878,0.0,0.06543568277988984,0.06543568277988984
tokyo_run1,189036.6,0.00-0.02,0.0,xd_gici_z,xd_gici_z,0.0,0.0086,0.0086,0.0086,0.0086,79,0.08779846247237957,0.08779846247237957,0.04922793953533933,0.0,0.03857052293704025,0.03857052293704025
tokyo_run1,189056.6,0.00-0.02,0.0,xd_gici_z,xd_gici_z,0.0,0.0086,0.0086,0.0086,0.0086,77,0.09422446606264598,0.09422446606264598,0.05530497255634994,0.0,0.03891949350629604,0.03891949350629604
tokyo_run1,189076.8,0.00-0.02,0.0,xd_gici_combo,xd_gici_combo,0.0,0.0149,0.0149,0.0149,0.0149,78,0.16013725330500336,0.16013725330500336,0.041578359244001085,0.0,0.11855889406100228,0.11855889406100228
tokyo_run1,189096.8,0.00-0.02,0.0,xd_gici_z,xd_gici_z,0.0,0.0291,0.0291,0.0291,0.0291,77,0.06016286237562289,0.06016286237562289,0.032993484244689494,0.0,0.027169378130933397,0.027169378130933397
tokyo_run1,189116.8,0.00-0.02,0.0,xd_gici_c4,xd_gici_c4,0.0,0.0208,0.0208,0.0208,0.0208,80,0.09415805862230194,0.09415805862230194,0.03255733411317524,0.0,0.061600724509126695,0.061600724509126695
tokyo_run1,189137.0,0.00-0.02,0.0,xd_gici_z,xd_gici_z,0.0,0.0135,0.0135,0.0135,0.0135,80,0.08413168257108909,0.08413168257108909,0.03400911645019862,0.0,0.05012256612089047,0.05012256612089047
tokyo_run1,189157.0,0.00-0.02,0.0,xd_gici_c4,xd_gici_c4,0.0,0.1744,0.1744,0.1744,0.1744,80,1.0712940350904656,1.0712940350904656,0.29972677561372646,0.0,0.7715672594767391,0.7715672594767391
tokyo_run1,189177.2,0.00-0.02,0.0,xd_gici_hs,xd_gici_hs,0.0,0.0172,0.0172,0.0172,0.0172,70,0.1727377782276986,0.1727377782276986,0.06980143292803376,0.0,0.10293634529966483,0.10293634529966483
tokyo_run1,189197.2,0.10-0.20,0.1911876029783764,xd_gici_z,xd_gici_z,0.0,0.0117,0.05638952618127703,0.0117,0.05638952618127703,77,0.11401727931999243,0.11401727931999243,0.1042652865855007,0.0,0.009751992734491732,0.009751992734491732
tokyo_run1,189217.4,0.00-0.02,0.0,xd_gici_z,xd_gici_z,0.0,0.0244,0.0244,0.0244,0.0244,80,0.5641364546594876,0.5641364546594876,0.5255479900956972,0.0,0.03858846456379039,0.03858846456379039
tokyo_run1,189237.4,0.00-0.02,0.0,xd_gici_z,xd_gici_z,0.0,0.0106,0.0106,0.0106,0.0106,79,0.029307507780690155,0.029307507780690155,0.021609488990473387,0.0,0.007698018790216768,0.007698018790216768
tokyo_run1,189257.4,0.00-0.02,0.0,xd_gici_z,xd_gici_z,0.0,0.012,0.012,0.012,0.012,78,0.06820117284311092,0.06820117284311092,0.04965511041096101,0.0,0.018546062432149908,0.018546062432149908
tokyo_run1,189277.6,0.10-0.20,0.15298921253808986,xd_gici_he,xd_gici_he,0.0,0.187,0.22957171660692857,0.187,0.22957171660692857,18,0.45348115748358275,0.45348115748358275,0.45348115748358275,0.0,0.0,0.0
tokyo_run1,189297.6,0.00-0.02,0.0,xd_gici_c4,xd_gici_c4,0.0,0.012,0.012,0.012,0.012,79,0.1230807864176156,0.1230807864176156,0.03418815581258453,0.0,0.08889263060503108,0.08889263060503108
tokyo_run1,189317.8,0.00-0.02,0.0,xd_gici_z,xd_gici_z,0.0,0.0113,0.0113,0.0113,0.0113,80,0.09481060082413818,0.09481060082413818,0.042616545871721014,0.0,0.05219405495241717,0.05219405495241717
tokyo_run1,189337.8,0.00-0.02,0.0,xd_gici_c4,xd_gici_c4,0.0,0.0085,0.0085,0.0085,0.0085,80,0.08829071314888268,0.08829071314888268,0.025871412740538162,0.0,0.062419300408344515,0.062419300408344515
tokyo_run1,189357.8,0.00-0.02,0.0,xd_gici_z,xd_gici_z,0.0,0.0085,0.0085,0.0085,0.0085,80,0.10134224187611836,0.10134224187611836,0.04133037628209417,0.0,0.06001186559402419,0.06001186559402419
tokyo_run1,189378.0,0.00-0.02,0.0,xd_gici_z,xd_gici_z,0.0,0.0092,0.0092,0.0092,0.0092,83,0.11126248242975201,0.11126248242975201,0.00396988677816615,0.0,0.10729259565158586,0.10729259565158586
tokyo_run1,189398.0,0.00-0.02,0.0,xd_gici_c4,xd_gici_c4,0.0,0.0241,0.0241,0.0241,0.0241,83,0.13137933634738605,0.13137933634738605,0.04169460400730101,0.0,0.08968473234008503,0.08968473234008503
tokyo_run1,189418.2,0.00-0.02,0.0,xd_gici_z,xd_gici_z,0.0,0.0135,0.0135,0.0135,0.0135,80,0.10863774681090156,0.10863774681090156,0.05679665485372341,0.0,0.05184109195717815,0.05184109195717815
tokyo_run1,189438.2,0.00-0.02,0.0,xd_gici_lp,xd_gici_lp,0.0,0.0414,0.0414,0.0414,0.0414,79,0.3216138525040145,0.3216138525040145,0.31353802017633725,0.0,0.008075832327677224,0.008075832327677224
tokyo_run1,189458.4,0.00-0.02,0.0,xd_gici_hs,xd_gici_hs,0.0,0.1377,0.1377,0.1377,0.1377,63,4.232408622588734,4.232408622588734,0.6581670155128072,0.0,3.5742416070759266,3.5742416070759266
tokyo_run1,189478.4,0.00-0.02,0.0,xd_gici_hs,xd_gici_hs,0.0,0.1178,0.1178,0.1178,0.1178,64,4.473168499077383,4.473168499077383,0.7904767485762868,0.0,3.6826917505010965,3.6826917505010965
tokyo_run1,189498.4,0.00-0.02,0.0,xd_gici_hs45,xd_gici_hs45,0.0,0.1856,0.1856,0.1856,0.1856,63,0.6925256748948204,0.6925256748948204,0.6925256748948204,0.0,0.0,0.0
tokyo_run1,189518.6,0.00-0.02,0.0,xd_gici_hs45,xd_gici_hs45,0.0,0.1746,0.1746,0.1746,0.1746,63,0.6244551144091935,0.6244551144091935,0.6244551144091935,0.0,0.0,0.0
tokyo_run1,189538.6,0.00-0.02,0.0,xd_gici_hs45,xd_gici_hs45,0.0,0.1332,0.1332,0.1332,0.1332,79,1.0275994646617628,1.0275994646617628,0.04684879908318955,0.0,0.9807506655785733,0.9807506655785733
tokyo_run1,189558.8,0.10-0.20,0.14047834769466538,xd_gici_zr,xd_gici_zr,0.0,0.0192,-0.005128468801641334,0.0192,-0.005128468801641334,79,0.15949912196002747,0.15949912196002747,0.15337982260047986,0.0,0.006119299359547609,0.006119299359547609
tokyo_run1,189578.8,0.00-0.02,0.0,xd_gici_z,xd_gici_z,0.0,0.0324,0.0324,0.0324,0.0324,79,0.17558954987002415,0.17558954987002415,0.17548236355368418,0.0,0.00010718631633996334,0.00010718631633996334
tokyo_run1,189599.0,0.00-0.02,0.0,xd_gici_z,xd_gici_z,0.0,0.0099,0.0099,0.0099,0.0099,82,0.17043124704687473,0.17043124704687473,0.07705485064424379,0.0,0.09337639640263094,0.09337639640263094
tokyo_run1,189619.0,0.00-0.02,0.0,xd_gici_oa,xd_gici_oa,0.0,0.0085,0.0085,0.0085,0.0085,79,0.14603674210581208,0.14603674210581208,0.05360839494193354,0.0,0.09242834716387854,0.09242834716387854
tokyo_run1,189639.0,0.05-0.10,0.06,xd_gici_z,xd_gici_z,0.0,0.012,0.0008973123075599956,0.012,0.0008973123075599956,78,0.12455460640495733,0.12455460640495733,0.037732479455557306,0.0,0.08682212694940003,0.08682212694940003
tokyo_run1,189659.2,0.10-0.20,0.15193209904409694,xd_gici_z,xd_gici_z,0.0,0.0085,-0.006388299063826042,0.0085,-0.006388299063826042,72,0.10204278481187858,0.10204278481187858,0.04303823867463814,0.0,0.05900454613724043,0.05900454613724043
tokyo_run1,189679.2,0.00-0.02,0.0,xd_gici_z,xd_gici_z,0.0,0.0128,0.0128,0.0128,0.0128,68,0.2526022565271138,0.2526022565271138,0.05627752636807636,0.0,0.19632473015903745,0.19632473015903745
tokyo_run1,189699.4,0.00-0.02,0.0,xd_gici_z,xd_gici_z,0.0,0.0117,0.0117,0.0117,0.0117,68,0.08254029352148864,0.08254029352148864,0.023369638252791244,0.0,0.0591706552686974,0.0591706552686974
tokyo_run1,189719.4,0.05-0.10,0.06,xd_gici_z,xd_gici_z,0.0,0.0198,0.009727524705802786,0.0198,0.009727524705802786,68,0.14001960539847852,0.14001960539847852,0.1132342701690426,0.0,0.026785335229435922,0.026785335229435922
tokyo_run1,189739.4,0.00-0.02,0.0,xd_gici_z,xd_gici_z,0.0,0.0085,0.0085,0.0085,0.0085,68,0.11781689205311852,0.11781689205311852,0.03839387982999676,0.0,0.07942301222312176,0.07942301222312176
tokyo_run1,189759.6,0.00-0.02,0.0,xd_gici_z,xd_gici_z,0.0,0.0113,0.0113,0.0113,0.0113,68,0.1294895747965069,0.1294895747965069,0.054916391107061285,0.0,0.07457318368944563,0.07457318368944563
tokyo_run1,189779.6,0.00-0.02,0.0,xd_gici_z,xd_gici_z,0.0,0.0064,0.0064,0.0064,0.0064,68,0.1302317163865702,0.1302317163865702,0.042533398871883364,0.0,0.08769831751468682,0.08769831751468682
tokyo_run1,189799.8,0.00-0.02,0.0,xd_gici_z,xd_gici_z,0.0,0.0064,0.0064,0.0064,0.0064,68,0.15146435223583649,0.15146435223583649,0.06592563974073953,0.0,0.08553871249509695,0.08553871249509695
tokyo_run1,189819.8,0.00-0.02,0.0,xd_gici_z,xd_gici_z,0.0,0.0094,0.0094,0.0094,0.0094,68,0.14194076242503392,0.14194076242503392,0.041163211791865675,0.0,0.10077755063316825,0.10077755063316825
tokyo_run1,189840.0,0.00-0.02,0.0,xd_gici_z,xd_gici_z,0.0,0.0064,0.0064,0.0064,0.0064,71,0.11407243292962375,0.11407243292962375,0.02928429608814239,0.0,0.08478813684148137,0.08478813684148137
tokyo_run1,189860.0,0.00-0.02,0.0,xd_fgo_v2_gap,xd_fgo_v2_gap,0.0,0.4,0.4,0.4,0.4,65,0.01606766954641334,0.01606766954641334,0.01606766954641334,0.0,0.0,0.0
