epoch,tow,pos_err_m,n_dd_factors,dd_pr_rms_raw_m,dd_pr_rms_huber_m,lm_iterations,lm_converged,gnss_solved,anchor_factors,marginal_prior_dims,recovery_fired,imu_fill,n_dd_carrier,n_cross_window_prior,ar_accepted,epoch_fixed
0,187470.0,0.058269408865500985,0,inf,inf,0,False,False,0,0,False,True,0,0,False,False
1,187470.2,0.4292918384835114,14,1.1956487234309667,1.0710934404688681,3,False,True,0,0,False,False,12,0,False,False
2,187470.4,0.6854268170432881,20,0.5831249607047292,0.5831249607047292,4,False,True,0,0,False,False,18,0,False,False
3,187470.6,0.8336186611710747,27,0.4474866073991578,0.4474866073991578,7,True,True,0,0,False,False,24,0,False,False
4,187470.8,0.19935007492957638,34,0.6122992234061654,0.6122992234061654,5,True,True,3,78,False,False,30,0,False,False
5,187471.0,73.02449642776156,34,39.725736488034435,7.372863159957667,5,True,True,6,78,False,False,30,0,False,False
6,187471.2,51.76689022720785,34,27.680199880439112,6.200383960681667,5,True,True,9,78,False,False,30,0,False,False
7,187471.4,1.3131575343445936,35,24.013639896085408,5.795206553760252,6,True,True,12,0,True,False,30,0,False,False
8,187471.6,0.07575435519168283,35,0.7297832470287131,0.7297832470287131,5,True,True,15,78,False,False,30,0,False,False
9,187471.8,72.40245185602906,35,39.61192036152164,7.343789953245335,5,True,True,15,78,False,False,30,0,False,False
10,187472.0,51.43193528967595,35,27.675975172836747,6.195812494186826,5,True,True,15,78,False,False,30,0,False,False
11,187472.2,1.2830659961621709,35,24.068333463710665,5.816000858179012,6,True,True,15,0,True,False,30,0,False,False
12,187472.4,0.09167851449726773,35,0.9760153822476512,0.9760153822476512,5,True,True,15,78,False,False,30,0,False,False
13,187472.6,72.40291861502173,35,39.64254238855341,7.373717707649197,5,True,True,15,78,False,False,30,0,False,False
14,187472.8,51.42969746767331,35,27.667014550329554,6.204228541987071,5,True,True,15,78,False,False,30,0,False,False
15,187473.0,1.0163716171247987,35,23.99845808556869,5.794821029198792,6,True,True,15,0,True,False,30,0,False,False
16,187473.2,0.09618586068798478,35,0.9748265586363855,0.9748265586363855,6,True,True,15,78,False,False,30,0,False,False
17,187473.4,72.40308869863186,35,39.611687274140806,7.334821685919081,5,True,True,15,78,False,False,30,0,False,False
18,187473.6,51.41305207335448,35,27.708666994969,6.1956924255809644,5,True,True,15,78,False,False,30,0,False,False
19,187473.8,1.4349664284803958,35,24.111163324938463,5.798956339678251,6,True,True,15,0,True,False,30,0,False,False
20,187474.0,0.09519599339025155,35,1.0751512585850453,1.0751512585850453,5,True,True,15,78,False,False,30,0,False,False
21,187474.2,72.40221180226804,35,39.71266451518141,7.354112654084168,5,True,True,15,78,False,False,30,0,False,False
22,187474.4,51.41686392818667,35,27.775484556672378,6.216803190498349,5,True,True,15,78,False,False,30,0,False,False
23,187474.6,1.336673908422256,35,24.15530951181933,5.8248773560226805,6,True,True,15,0,True,False,30,0,False,False
24,187474.8,0.09778562529954943,35,1.3421747469670902,1.2434732186983875,6,True,True,15,78,False,False,30,0,False,False
25,187475.0,72.40078746177923,35,39.70469549349835,7.362058619380448,5,True,True,15,78,False,False,30,0,False,False
26,187475.2,51.41534463136855,35,27.784809402634313,6.224601184740707,5,True,True,15,78,False,False,30,0,False,False
27,187475.4,1.3306639647169385,35,24.212763445048168,5.847884274723332,6,True,True,15,0,True,False,30,0,False,False
28,187475.6,0.09658470231049023,35,1.5935727002416407,1.3812321076108607,6,True,True,15,78,False,False,30,0,False,False
29,187475.8,72.40267559153283,35,39.80004920239691,7.41017088795858,5,True,True,15,78,False,False,30,0,False,False
30,187476.0,51.416879692949756,35,27.91516404756354,6.260828545488201,5,True,True,15,78,False,False,30,0,False,False
31,187476.2,1.476479906804913,35,24.280261152763423,5.844439493116701,6,True,True,15,0,True,False,30,0,False,False
32,187476.4,0.10694100492505017,35,1.5294740313685207,1.3423308796910336,6,True,True,15,78,False,False,30,0,False,False
33,187476.6,72.40326052912053,35,39.77556699527609,7.398059874552159,5,True,True,15,78,False,False,30,0,False,False
34,187476.8,51.45761965373179,35,27.858528661456962,6.282492043507847,5,True,True,15,78,False,False,30,0,False,False
35,187477.0,1.2482972617584374,35,24.229196215232335,5.825206540869756,6,True,True,15,0,True,False,30,0,False,False
36,187477.2,0.09745961844468803,35,1.322125032454548,1.2370513842834867,6,True,True,15,78,False,False,30,0,False,False
37,187477.4,72.4044834008574,35,39.776561554709254,7.3627678464589295,5,True,True,15,78,False,False,30,0,False,False
38,187477.6,51.41103483942483,35,27.836859192245637,6.219106558383773,5,True,True,15,78,False,False,30,0,False,False
39,187477.8,1.0383591051971899,35,24.189018883730835,5.795733373921518,6,True,True,15,0,True,False,30,0,False,False
40,187478.0,0.08684124870183288,35,1.2739485404136366,1.1963579885485878,6,True,True,15,78,False,False,30,0,False,False
41,187478.2,72.40471111037616,35,39.77293296795218,7.386623299594342,5,True,True,15,78,False,False,30,0,False,False
42,187478.4,51.446234675223664,35,27.88975061065659,6.263161084789816,5,True,True,15,78,False,False,30,0,False,False
43,187478.6,1.0849297964293154,35,24.231581217834584,5.857236029816976,6,True,True,15,0,True,False,30,0,False,False
44,187478.8,0.08922585757846745,35,1.1985806150526825,1.1850120757587639,6,True,True,15,78,False,False,30,0,False,False
45,187479.0,72.40339551902625,35,39.809693002832155,7.4109776264996245,5,True,True,15,78,False,False,30,0,False,False
46,187479.2,51.44308644087558,35,27.88765871988326,6.251891012908033,5,True,True,15,78,False,False,30,0,False,False
47,187479.4,0.895902913896002,35,24.24123923537805,5.842592368635008,6,True,True,15,0,True,False,30,0,False,False
48,187479.6,0.0875789605739193,35,1.1543695720716796,1.1179469496194778,6,True,True,15,78,False,False,30,0,False,False
49,187479.8,72.404677256144,35,39.729754745243234,7.361117222913973,5,True,True,15,78,False,False,30,0,False,False
50,187480.0,51.44176333062313,35,27.76921765514485,6.233891830307752,5,True,True,15,78,False,False,30,0,False,False
51,187480.2,0.5982290122258075,35,24.161097583474685,5.834138779124062,6,True,True,15,0,True,False,30,0,False,False
52,187480.4,0.07146019833528201,35,0.9416553884646663,0.9416553884646663,5,True,True,15,78,False,False,30,0,False,False
53,187480.6,72.40627050843364,35,39.739907078288915,7.364528139286342,5,True,True,15,78,False,False,30,0,False,False
54,187480.8,51.426072671119634,35,27.7983413022479,6.214078576514629,5,True,True,15,78,False,False,30,0,False,False
55,187481.0,0.6365181011279574,35,24.181897957979736,5.814561777623878,6,True,True,15,0,True,False,30,0,False,False
56,187481.2,0.07026666916862688,35,0.9094558046299598,0.9094558046299598,5,True,True,15,78,False,False,30,0,False,False
57,187481.4,72.40646066651829,35,39.719051779842495,7.3513235272050474,5,True,True,15,78,False,False,30,0,False,False
58,187481.6,51.426498210082464,35,27.77593511449509,6.2198300691462185,5,True,True,15,78,False,False,30,0,False,False
59,187481.8,0.7150204993654196,35,24.124336610916284,5.822655268873565,6,True,True,15,0,True,False,30,0,False,False
60,187482.0,0.08943897717265814,35,1.1765818867358877,1.0602308078963223,6,True,True,15,78,False,False,30,0,False,False
61,187482.2,72.40691180229224,35,39.61048416420479,7.35783163218664,5,True,True,15,78,False,False,30,0,False,False
62,187482.4,51.45302685650807,35,27.658879912366757,6.2253772828726515,5,True,True,15,78,False,False,30,0,False,False
63,187482.6,0.7958383349231919,35,24.03107128939918,5.842389196479117,6,True,True,15,0,True,False,30,0,False,False
64,187482.8,0.09301821060373633,35,1.1018432323815062,1.013959814466383,6,True,True,15,78,False,False,30,0,False,False
65,187483.0,72.49646650632232,35,39.52098843667621,7.39306612330638,5,True,True,15,78,False,False,30,0,False,False
66,187483.2,51.571631770159996,35,27.6948025298754,6.256694978746523,5,True,True,15,78,False,False,30,0,False,False
67,187483.4,1.9043797211057523,34,25.170766896402146,5.916423738189152,5,True,True,15,0,True,False,29,0,False,False
68,187483.6,0.15916614146011757,34,1.2480057747683846,1.1397152540325026,6,True,True,15,76,False,False,28,0,False,False
69,187483.8,72.68556867612155,34,40.014439158868804,7.385345880895355,5,True,True,15,75,False,False,27,0,False,False
70,187484.0,51.784220900575335,34,27.865471220264553,6.215560587933517,5,True,True,15,74,False,False,26,0,False,False
71,187484.2,0.6233156812104915,34,24.12954281287508,5.80037936021979,5,True,True,15,0,True,False,25,0,False,False
72,187484.4,0.14636968607887213,35,0.6735504366670589,0.6735504366670589,5,True,True,15,74,False,False,26,0,False,False
73,187484.6,72.88621028582034,35,39.68421330330268,7.376858836214129,5,True,True,15,75,False,False,27,0,False,False
74,187484.8,51.92746249291162,35,27.75062102759398,6.2128604029375465,5,True,True,15,76,False,False,28,0,False,False
75,187485.0,0.599399649970353,35,24.228752725632734,5.810699025306723,5,True,True,15,0,True,False,28,0,False,False
76,187485.2,0.13771828273230466,35,0.41647786567325823,0.41647786567325823,5,True,True,15,77,False,False,29,0,False,False
77,187485.4,72.84874351327574,35,39.69459598592904,7.347943914264561,5,True,True,15,76,False,False,28,0,False,False
78,187485.6,51.194852451774224,35,27.35269617154262,6.143940963963699,5,True,True,15,76,False,False,28,0,False,False
79,187485.8,0.6503782526321091,35,27.076355281437177,5.950550953630574,5,True,True,15,0,True,False,28,0,False,False
80,187486.0,0.21035645083849214,35,0.22608128203881594,0.22608128203881594,6,True,True,15,77,False,False,29,0,False,False
81,187486.2,69.4238368871983,35,37.84208596456834,7.128726417304926,5,True,True,15,77,False,False,29,0,False,False
82,187486.4,44.64508278052038,35,23.838004292441802,5.681959799481117,5,True,True,15,78,False,False,30,0,False,False
83,187486.6,0.5884968323342389,35,19.85832284531082,5.207217517676079,5,True,True,15,0,True,False,30,0,False,False
84,187486.8,1.8507402712030434,35,0.6971473513826746,0.6971473513826746,15,True,True,15,78,False,False,30,0,False,False
85,187487.0,50.42761667285833,35,28.089395480416854,6.057554732888559,5,True,True,15,78,False,False,30,0,False,False
86,187487.2,37.247888198942626,35,19.97929684671231,5.197846991871099,6,True,True,15,78,False,False,30,0,False,False
87,187487.4,0.5183756836240756,35,18.757426826779287,5.064142083904215,6,True,True,15,0,True,False,30,0,False,False
88,187487.6,2.1910787571761756,35,0.8601143510853337,0.8601143510853337,14,True,True,15,78,False,False,30,0,False,False
89,187487.8,49.39350898464494,35,27.406212625455765,5.988840240279739,5,True,True,15,78,False,False,30,0,False,False
90,187488.0,37.25403397904854,35,19.951363180329103,5.183214883162156,6,True,True,15,78,False,False,30,0,False,False
91,187488.2,0.4930068009660158,34,20.27615054006174,5.255201437472145,5,True,True,15,0,True,False,30,0,False,False
92,187488.4,2.240336048021953,33,0.9564194042085847,0.9564194042085847,13,True,True,15,78,False,False,30,0,False,False
93,187488.6,50.23191207560219,32,30.113991647125907,6.464418769589445,5,True,True,15,78,False,False,30,0,False,False
94,187488.8,38.123098741521666,31,21.93271813727383,5.494988520310732,5,True,True,15,77,False,False,29,0,False,False
95,187489.0,0.4449676133474534,30,20.755549541113172,5.334120689217518,6,True,True,15,0,True,False,28,0,False,False
96,187489.2,2.357763167516727,30,1.1981850211408749,1.1496997302941627,13,True,True,15,75,False,False,27,0,False,False
97,187489.4,49.57941453848076,31,27.268050473421173,5.969588638669222,5,True,True,15,74,False,False,26,0,False,False
98,187489.6,38.178795936642146,32,20.313762851998845,5.206730742845916,5,True,True,15,73,False,False,25,0,False,False
99,187489.8,0.8307509883125157,33,19.567078818813773,5.135460030104459,6,True,True,15,0,True,False,25,0,False,False
100,187490.0,2.4374172245667216,34,1.3129303187730172,1.2325456574096547,13,True,True,15,73,False,False,25,0,False,False
101,187490.2,50.06826687396444,35,27.585348139764246,6.070978731868601,5,True,True,15,73,False,False,25,0,False,False
102,187490.4,38.77830547811311,34,21.574065380953225,5.3761019219766695,5,True,True,15,73,False,False,25,0,False,False
103,187490.6,0.33337321784669643,34,19.90999628067006,5.258938084168395,5,True,True,15,0,True,False,25,0,False,False
104,187490.8,2.50721564410527,33,1.2885799151519306,1.2220339785568226,13,True,True,15,73,False,False,25,0,False,False
105,187491.0,50.38862091731371,32,29.953408578283877,6.475498319062219,5,True,True,15,73,False,False,25,0,False,False
106,187491.2,39.49265678824686,31,22.657547791376395,6.106950019707946,5,True,True,15,73,False,False,25,0,False,False
107,187491.4,0.4735845674808198,30,23.045843855872807,5.6477738087491565,5,True,True,15,0,True,False,25,0,False,False
108,187491.6,2.611731813757885,29,1.1825065428484003,1.167765201285448,14,True,True,15,74,False,False,26,0,False,False
109,187491.8,53.00790491973393,29,32.82439955081425,6.80391336084751,5,True,True,15,74,False,False,26,0,False,False
110,187492.0,40.63635086817888,29,23.905818745470675,6.275387766580532,5,True,True,15,74,False,False,26,0,False,False
111,187492.2,0.4375389324951546,28,23.640222109789477,5.740374867279964,5,True,True,15,0,True,False,26,0,False,False
112,187492.4,2.6723623632913207,29,1.2345933894785523,1.2020785894098205,14,True,True,15,74,False,False,26,0,False,False
113,187492.6,51.29158003493714,29,30.62581981263164,6.602863225566941,5,True,True,15,73,False,False,25,0,False,False
114,187492.8,40.07092266835198,29,23.031084981180832,5.692007359006546,5,True,True,15,73,False,False,25,0,False,False
115,187493.0,0.36611275430426166,28,23.750157572286227,6.27230288451029,5,True,True,15,0,True,False,25,0,False,False
116,187493.2,2.8130705815120955,28,1.4974578647656018,1.4888195597922722,13,True,True,15,73,False,False,25,0,False,False
117,187493.4,51.385502845309546,27,31.96428149169118,7.329621195448141,5,True,True,15,73,False,False,25,0,False,False
118,187493.6,40.9432168406312,26,24.826624018185477,6.475605858224101,5,True,True,15,73,False,False,25,0,False,False
119,187493.8,0.26704927338226075,25,23.944288826167412,6.37398851353419,5,True,True,15,0,True,False,25,0,False,False
120,187494.0,2.8849409798535643,25,1.6375527377772827,1.5633975762114425,11,True,True,15,73,False,False,25,0,False,False
121,187494.2,51.177995219378325,25,31.755736297843622,7.219919076747937,5,True,True,15,73,False,False,25,0,False,False
122,187494.4,40.87219780856117,25,24.75599888617871,6.3678993872646705,5,True,True,15,73,False,False,25,0,False,False
123,187494.6,0.4311809916251864,25,23.999161379162658,6.3704886400197775,5,True,True,15,0,True,False,25,0,False,False
124,187494.8,2.951506899085458,25,1.6668149834733181,1.5774582961600339,12,True,True,15,73,False,False,25,0,False,False
125,187495.0,51.18867754969415,25,31.810810734633474,7.339292433299315,5,True,True,15,73,False,False,25,0,False,False
126,187495.2,41.01272794267689,25,24.784246322292926,6.523620428118271,5,True,True,15,73,False,False,25,0,False,False
127,187495.4,0.6153517362127068,25,23.994984117287345,6.435812534270365,5,True,True,15,0,True,False,25,0,False,False
128,187495.6,2.9830546129002546,25,1.8833577352818087,1.6497149770008406,12,True,True,15,73,False,False,25,0,False,False
129,187495.8,51.2105078418635,25,31.653006135754087,7.06448638782161,5,True,True,15,73,False,False,25,0,False,False
130,187496.0,40.94342233156325,25,24.5473917422757,6.272076020848193,5,True,True,15,73,False,False,25,0,False,False
131,187496.2,0.6773025646598086,25,23.855276735941988,6.45258811626531,5,True,True,15,0,True,False,25,0,False,False
132,187496.4,2.966886608060295,25,1.856988890926661,1.6918591031435348,11,False,True,15,73,False,False,25,0,False,False
133,187496.6,51.05565957165918,25,31.55742995335173,7.278647267973017,5,True,True,15,73,False,False,25,0,False,False
134,187496.8,41.02947777986213,25,24.654082691255585,6.3979991799791245,5,True,True,15,73,False,False,25,0,False,False
135,187497.0,0.48609749545398095,25,23.887415524950846,6.302613007834299,5,True,True,15,0,True,False,25,0,False,False
136,187497.2,2.9960901891163645,25,1.8432619395316245,1.6591464386749273,11,True,True,15,73,False,False,25,0,False,False
137,187497.4,51.03469907918612,25,31.602312486697137,7.338001767125381,5,True,True,15,73,False,False,25,0,False,False
138,187497.6,41.102016738907764,25,24.806605566439117,6.529791086466222,5,True,True,15,73,False,False,25,0,False,False
139,187497.8,1.0653564739481316,25,24.092321478262402,6.4666530531863575,5,True,True,15,0,True,False,25,0,False,False
140,187498.0,2.9722718528912786,25,1.841655385262677,1.5947422155699453,11,True,True,15,73,False,False,25,0,False,False
141,187498.2,51.70352216686979,24,28.880818807724125,6.949388963447636,4,True,True,15,72,False,False,24,0,False,False
142,187498.4,41.62401231232388,24,25.30439482039895,6.523730248451635,5,True,True,15,72,False,False,24,0,False,False
143,187498.6,1.3032159055071166,24,40.23013918138924,8.167267200598191,5,True,True,15,0,True,False,24,0,False,False
144,187498.8,2.253694102505013,24,1.4239752162842811,1.34497959701741,9,False,True,15,72,False,False,24,0,False,False
145,187499.0,54.7227174625078,25,31.023281510158483,6.670520824091697,5,True,True,15,72,False,False,24,0,False,False
146,187499.2,42.34358771993473,27,23.48432453622364,5.860098770363508,5,True,True,15,73,False,False,25,0,False,False
147,187499.4,3.3812196640780363,28,22.417832769653746,5.8031503592479,5,True,True,15,0,True,False,25,0,False,False
148,187499.6,2.9280809347170496,28,1.7510515834005937,1.5279444866849003,11,True,True,15,73,False,False,25,0,False,False
149,187499.8,52.21258096925437,28,32.66909611980852,7.348662860580594,5,True,True,15,73,False,False,25,0,False,False
150,187500.0,41.76360246329167,27,25.559448947345533,6.5362418759934995,5,True,True,15,73,False,False,25,0,False,False
151,187500.2,1.8755585018885312,27,23.446420971444827,6.241037730068044,5,True,True,15,0,True,False,25,0,False,False
152,187500.4,2.9852260203569867,27,1.5214286635874577,1.3456074372307798,12,True,True,15,73,False,False,25,0,False,False
153,187500.6,52.30545969706293,28,31.545344107767818,7.232438865358657,5,True,True,15,73,False,False,25,0,False,False
154,187500.8,41.7935241512273,29,24.379818050591965,6.393460691414913,5,True,True,15,73,False,False,25,0,False,False
155,187501.0,1.3175482182676885,30,23.60522832407269,6.355866321739821,5,True,True,15,0,True,False,25,0,False,False
156,187501.2,3.0728497561495063,30,1.4520050832892681,1.3318207491761984,12,True,True,15,73,False,False,25,0,False,False
157,187501.4,52.15323353815623,30,31.491481962386857,7.467327155587405,5,True,True,15,73,False,False,25,0,False,False
158,187501.6,41.91789187945995,30,24.53265404399967,6.536009992073184,5,True,True,15,73,False,False,25,0,False,False
159,187501.8,1.7358299815697735,29,25.00206026652488,6.419891317817974,5,True,True,15,0,True,False,25,0,False,False
160,187502.0,3.1059865254800476,28,1.5547187049094882,1.4384305189795588,12,True,True,15,73,False,False,25,0,False,False
161,187502.2,52.43608490865486,27,32.98100646496476,7.367653328980545,5,True,True,15,73,False,False,25,0,False,False
162,187502.4,42.1978789006606,26,25.964146070918012,6.588866626267234,5,True,True,15,73,False,False,25,0,False,False
163,187502.6,1.4212811197233626,25,25.2956494166011,6.541329148485815,5,True,True,15,0,True,False,25,0,False,False
164,187502.8,3.0500908411292396,25,1.5006660741147264,1.4123769775058221,12,True,True,15,73,False,False,25,0,False,False
165,187503.0,53.59795994667338,25,33.68644700299097,7.3892549821992315,5,True,True,15,73,False,False,25,0,False,False
166,187503.2,43.11951293087879,25,26.55525778497124,6.60856283945934,5,True,True,15,73,False,False,25,0,False,False
167,187503.4,1.1246188864922348,25,25.835315381120832,6.5127865646384935,6,True,True,15,0,True,False,25,0,False,False
168,187503.6,2.8509737224417653,25,1.3432635448274044,1.3167754420565418,14,True,True,15,73,False,False,25,0,False,False
169,187503.8,56.50780989683631,25,35.47924645002781,7.59734473631936,5,True,True,15,73,False,False,25,0,False,False
170,187504.0,45.2057289881046,25,27.95229430011539,6.5427934864994635,5,True,True,15,73,False,False,25,0,False,False
171,187504.2,0.7149469942512077,25,27.03415539283504,6.64056349464236,5,True,True,15,0,True,False,25,0,False,False
172,187504.4,2.6322172751864836,25,1.0875418871003446,1.0875418871003446,16,True,True,15,73,False,False,25,0,False,False
173,187504.6,61.47534410915759,25,38.57116940944424,7.792832402628484,5,True,True,15,73,False,False,25,0,False,False
174,187504.8,48.56972511585602,25,30.002460046859433,6.888207398176469,5,True,True,15,73,False,False,25,0,False,False
175,187505.0,1.1490229644660541,25,28.56055469849476,6.78478898145271,5,True,True,15,0,True,False,25,0,False,False
176,187505.2,2.556470292961004,25,0.9486366908391761,0.9486366908391761,19,True,True,15,73,False,False,25,0,False,False
177,187505.4,68.51423622779728,26,39.288389418504615,7.5606016878104745,5,True,True,15,73,False,False,25,0,False,False
178,187505.6,51.8060889242362,27,29.227948801278707,6.406265025107323,5,True,True,15,73,False,False,25,0,False,False
179,187505.8,4.524591702284523,28,26.987552170402502,6.085185251510903,5,True,True,15,0,True,False,25,0,False,False
180,187506.0,2.5172046168342703,30,3.00655652299663,1.7860876629728335,16,True,True,15,73,False,False,25,0,False,False
181,187506.2,72.72729208714918,31,41.42680578800616,7.571584566010058,5,True,True,15,72,False,False,24,0,False,False
182,187506.4,53.13770230346194,32,29.339706475865324,6.146406796023975,5,True,True,15,72,False,False,24,0,False,False
183,187506.6,2.821516455902024,33,41.175421733146734,7.447417927297041,4,True,True,15,0,True,False,24,0,False,False
184,187506.8,2.2727789789339394,33,2.491238884051957,1.6241045906330167,16,True,True,15,71,False,False,23,0,False,False
185,187507.0,68.40952193950261,33,38.31994840844666,6.919371739905902,4,True,True,15,70,False,False,22,0,False,False
186,187507.2,51.56856830183542,34,28.490359486708325,5.928950663903743,4,True,True,15,70,False,False,22,0,False,False
187,187507.4,1.5531074774525797,35,29.704717244399422,6.338622302899291,5,True,True,15,0,True,False,22,0,False,False
188,187507.6,2.90958398827288,35,2.067949338642983,1.608057663385998,14,True,True,15,71,False,False,23,0,False,False
189,187507.8,73.90903889143878,36,44.36109386324479,7.558522382064204,5,True,True,15,73,False,False,25,0,False,False
190,187508.0,52.880108653061676,37,33.00290750418969,6.684809885177312,5,True,True,15,75,False,False,27,0,False,False
191,187508.2,1.6294404847043826,38,30.02818814239631,6.424321836284713,6,True,True,15,0,True,False,29,0,False,False
192,187508.4,2.7531469549797563,37,1.6972503314228145,1.5045806769505476,17,True,True,15,78,False,False,30,0,False,False
193,187508.6,67.63954804232382,37,40.29119202471891,7.251777692321998,5,True,True,15,77,False,False,29,0,False,False
194,187508.8,51.19396740858745,37,30.1233891590387,6.31169545986603,5,True,True,15,77,False,False,29,0,False,False
195,187509.0,2.5412102250231454,36,34.92026024957482,6.972337045250398,6,True,True,15,0,True,False,28,0,False,False
196,187509.2,3.1951049540836576,33,1.28121865276522,1.2748855002818495,12,True,True,15,74,False,False,26,0,False,False
197,187509.4,63.069199770227,32,37.73457428876478,7.804873075048341,4,True,True,15,73,False,False,25,0,False,False
198,187509.6,56.16185102726522,31,35.12710196076759,7.566165439861723,4,True,True,15,72,False,False,24,0,False,False
199,187509.8,1.5764329083824007,30,30.423572029298107,7.136110227939015,5,True,True,15,0,True,False,22,0,False,False
200,187510.0,3.487390362474021,29,1.4771121580871527,1.4268114247856318,12,True,True,15,69,False,False,21,0,False,False
201,187510.2,62.42137200181858,30,37.41329159412173,7.946426732534313,4,True,True,15,69,False,False,21,0,False,False
202,187510.4,50.689193181385086,30,29.87250660668972,7.124083065312639,4,True,True,15,69,False,False,21,0,False,False
203,187510.6,1.002966382880413,30,45.20648334907355,8.797772309855983,4,True,True,15,0,True,False,22,0,False,False
204,187510.8,2.8078567166217905,30,1.0209368793213291,1.0180911447664909,15,True,True,15,71,False,False,23,0,False,False
205,187511.0,69.00212106877296,30,42.03251874933384,8.398065828433232,4,True,True,15,72,False,False,24,0,False,False
206,187511.2,52.72288695591457,30,31.29677310780489,7.232896376363767,5,True,True,15,73,False,False,25,0,False,False
207,187511.4,0.8151639653347409,30,29.09297875853105,6.998715542937118,6,True,True,15,0,True,False,25,0,False,False
208,187511.6,3.4002078983040884,31,3.2067193425105636,1.9670195862412558,17,True,True,15,73,False,False,25,0,False,False
209,187511.8,66.35161437563222,31,40.46189312404348,8.2670805165253,6,True,True,15,74,False,False,26,0,False,False
210,187512.0,57.135786348574676,31,35.759419598468355,7.752615341460837,6,True,True,15,75,False,False,27,0,False,False
211,187512.2,1.0109506922379337,31,30.44241401467638,7.185139616596237,5,True,True,15,0,True,False,28,0,False,False
212,187512.4,3.3227963516831363,31,1.27287341662021,1.2371350480106877,15,True,True,15,77,False,False,29,0,False,False
213,187512.6,66.20809242808599,30,40.21195988573435,8.238012672938424,5,True,True,15,78,False,False,30,0,False,False
214,187512.8,52.34263508341832,30,31.050843863690574,7.223660399860165,5,True,True,15,78,False,False,30,0,False,False
215,187513.0,0.6377738718323037,30,29.341435358172543,7.040879373163667,5,True,True,15,0,True,False,30,0,False,False
216,187513.2,3.4071004138698537,30,1.3620112968710383,1.294609546264898,15,True,True,15,78,False,False,30,0,False,False
217,187513.4,66.41595786384366,30,40.288444561109905,8.24252800063157,6,True,True,15,78,False,False,30,0,False,False
218,187513.6,52.772217060033014,30,31.14964204359975,7.282963653195306,5,True,True,15,78,False,False,30,0,False,False
219,187513.8,0.771249535349394,29,31.035186575955255,7.12788710380285,5,True,True,15,0,True,False,29,0,False,False
220,187514.0,3.6716018996088664,27,1.7046735402937312,1.6224567166428383,17,True,True,15,75,False,False,27,0,False,False
221,187514.2,63.50117714292182,27,38.64014960164472,8.123009623970107,5,True,True,15,73,False,False,25,0,False,False
222,187514.4,52.425895375544776,27,30.897446420583194,7.287484159071711,6,True,True,15,71,False,False,23,0,False,False
223,187514.6,1.296273857362774,27,29.70684436815474,7.140748452950203,5,True,True,15,0,True,False,21,0,False,False
224,187514.8,3.6566150522607592,28,1.646964597270029,1.5504308573154706,14,True,True,15,68,False,False,20,0,False,False
225,187515.0,63.220049194323146,28,35.408196614302575,7.5396766293817725,4,True,True,15,67,False,False,19,0,False,False
226,187515.2,53.25301540965816,27,32.84138351465234,7.342726622129171,4,True,True,15,66,False,False,18,0,False,False
227,187515.4,1.2239022976964657,26,31.664405237828642,7.211210128560018,5,True,True,15,0,True,False,17,0,False,False
228,187515.6,3.8897953733555775,25,2.2126978894966958,1.9610480241550337,14,True,True,15,64,False,False,16,0,False,False
229,187515.8,58.410210256807446,24,35.932854685832254,7.778579911074645,4,True,True,15,62,False,False,14,0,False,False
230,187516.0,52.520244151780595,25,31.78883137833028,7.288994612264539,4,True,True,15,61,False,False,13,0,False,False
231,187516.2,9.934935749902353,27,31.454951966002305,7.581275988787023,4,True,True,15,0,True,False,12,0,False,False
232,187516.4,3.8981304417929543,28,7.274309141365011,3.0847046325403595,13,True,True,15,59,False,False,11,0,False,False
233,187516.6,51.37380087697915,29,31.654030389754766,7.503523135295482,4,True,True,15,59,False,False,11,0,False,False
234,187516.8,11.652074859008048,28,28.97340663811282,7.180163415464489,5,True,True,15,0,True,False,12,0,False,False
235,187517.0,4.692123705174195,28,7.175311212793363,3.2272578692757237,11,True,True,15,60,False,False,12,0,False,False
236,187517.2,56.28356162837894,26,35.07524348845938,7.719106356695364,4,True,True,15,61,False,False,13,0,False,False
237,187517.4,8.89671080992937,26,50.57517366114883,9.385342734096584,4,True,True,15,0,True,False,14,0,False,False
238,187517.6,4.288205492621319,25,1.910375239186336,1.7375571850755211,12,True,True,15,61,False,False,13,0,False,False
239,187517.8,59.63367142321459,26,36.47537674399183,7.76531400458549,4,True,True,15,60,False,False,12,0,False,False
240,187518.0,54.053852448301676,26,33.30700938994492,7.4071379715791394,4,True,True,15,60,False,False,12,0,False,False
241,187518.2,3.552654144600311,26,33.63232564539543,7.467261023413628,4,True,True,15,0,True,False,11,0,False,False
242,187518.4,4.381221591429634,25,1.8780758191347908,1.6827860182115404,13,True,True,15,60,False,False,12,0,False,False
243,187518.6,91.84055519394114,26,53.48451133296738,9.10745457957523,4,True,True,15,62,False,False,14,0,False,False
244,187518.8,64.90882686267946,27,37.452313905822386,7.620569172105351,4,True,True,15,64,False,False,16,0,False,False
245,187519.0,12.786095191490183,27,31.784857693901344,6.962744526798806,4,True,True,15,0,True,False,17,0,False,False
246,187519.2,3.5433983934968754,26,1.6947432620060496,1.6054070848465696,14,True,True,15,67,False,False,19,0,False,False
247,187519.4,87.9779901322143,25,49.40473091182529,8.550830565378332,4,True,True,15,66,False,False,18,0,False,False
248,187519.6,66.12090405422181,23,36.75552972624567,7.330199009107474,4,True,True,15,65,False,False,17,0,False,False
249,187519.8,6.803239296966919,20,29.62448453527241,6.525723224704297,4,True,True,15,0,True,False,16,0,False,False
250,187520.0,4.117708460068615,19,6.955740450150038,3.4263221713265133,14,True,True,15,63,False,False,15,0,False,False
251,187520.2,57.173023901379814,19,24.783891677141003,5.95652416155643,4,True,True,15,61,False,False,13,0,False,False
252,187520.4,9.200416324745897,20,30.186225850197204,7.158049302568441,4,True,True,15,0,True,False,12,0,False,False
253,187520.6,5.400028233671878,21,6.477485026892617,3.5854639729123297,12,True,True,15,59,False,False,11,0,False,False
254,187520.8,51.68964332762164,22,21.836385244945944,5.5641165215266835,4,True,True,15,58,False,False,10,0,False,False
255,187521.0,3.1193531057241572,22,29.101523334568597,6.585044774713804,4,True,True,15,0,True,False,10,0,False,False
256,187521.2,5.339022906170896,23,4.0154304394448,2.409667498392965,12,True,True,15,58,False,False,10,0,False,False
257,187521.4,52.09590555811431,23,27.769033852995985,6.373844554307875,4,True,True,15,58,False,False,10,0,False,False
258,187521.6,52.61174092795639,23,28.162203353523353,6.391314278857912,4,True,True,15,58,False,False,10,0,False,False
259,187521.8,5.2798423410293145,25,35.71206162575371,7.41428165650204,4,True,True,15,0,True,False,9,0,False,False
260,187522.0,4.953574258570808,27,3.0848202603051598,2.007393206990097,9,True,True,15,56,False,False,8,0,False,False
261,187522.2,50.744866083010706,28,30.39572443085817,6.5437741100767255,4,True,True,15,55,False,False,7,0,False,False
262,187522.4,51.27251407447246,30,28.3002727928585,6.1858679078071965,4,True,True,15,54,False,False,6,0,False,False
263,187522.6,3.1979974237235713,32,30.89808709409494,6.642373261111784,4,True,True,15,0,True,False,5,0,False,False
264,187522.8,5.308452224612405,33,3.8234785167906726,2.471897721751611,8,True,True,15,53,False,False,5,0,False,False
265,187523.0,51.694984960614796,35,31.741553107635493,6.761798087577296,4,True,True,15,54,False,False,6,0,False,False
266,187523.2,85.39790960759333,37,52.42546616398231,8.60546167081828,4,True,True,15,55,False,False,7,0,False,False
267,187523.4,3.568781107513538,38,39.50670247716302,7.537835083449383,4,True,True,15,0,True,False,8,0,False,False
268,187523.6,4.381821400770644,38,3.3006652049532526,2.236881523874445,12,True,True,15,56,False,False,8,0,False,False
269,187523.8,58.595047400234414,39,36.046527536347995,7.110706238434942,4,True,True,15,57,False,False,9,0,False,False
270,187524.0,88.41981206680525,38,55.33736102156331,8.777379776699249,4,True,True,15,57,False,False,9,0,False,False
271,187524.2,4.271049356532025,38,41.3282635256352,7.650083354059104,4,True,True,15,0,True,False,9,0,False,False
272,187524.4,3.6747589363213784,38,3.9378857893795063,2.334469369955872,12,True,True,15,58,False,False,10,0,False,False
273,187524.6,80.7633981815477,39,47.15390993485064,8.206464720054466,4,True,True,15,60,False,False,12,0,False,False
274,187524.8,64.47463889235738,39,38.81082169770578,7.4062008100582455,4,True,True,15,62,False,False,14,0,False,False
275,187525.0,5.4974937337584695,40,54.21538206249737,8.744586028455394,5,True,True,15,0,True,False,16,0,False,False
276,187525.2,2.36974122212299,40,4.2941471490014695,2.2693496011548318,15,True,True,15,66,False,False,18,0,False,False
277,187525.4,101.67741445918614,40,62.65532353908648,9.374729969786488,4,True,True,15,66,False,False,18,0,False,False
278,187525.6,73.67983521693678,40,45.347964125928556,7.951807404160454,4,True,True,15,67,False,False,19,0,False,False
279,187525.8,5.983768086731954,40,55.45759979544736,8.661268326557508,4,True,True,15,0,True,False,18,0,False,False
280,187526.0,2.478388898561651,40,4.09527985393223,2.203528475517647,15,True,True,15,65,False,False,17,0,False,False
281,187526.2,99.45552464886956,40,60.315805223834985,9.221006867216143,4,True,True,15,65,False,False,17,0,False,False
282,187526.4,74.44650254714664,40,45.469314565987226,8.035479762554283,5,True,True,15,66,False,False,18,0,False,False
283,187526.6,4.743311073560875,40,42.32863230525349,7.776386646877754,4,True,True,15,0,True,False,15,0,False,False
284,187526.8,2.7564513124764884,40,3.500967425027688,2.040781621588143,10,True,True,15,61,False,False,13,0,False,False
285,187527.0,80.94576959652314,40,49.931211828946545,8.410491206078245,4,True,True,15,59,False,False,11,0,False,False
286,187527.2,69.60517718795833,40,42.66862829540305,7.823068638593576,4,True,True,15,56,False,False,8,0,False,False
287,187527.4,3.2623132949140508,40,41.42432876947158,7.761211208199274,4,True,True,15,0,True,False,5,0,False,False
288,187527.6,2.8955578581394836,40,2.6730535817367698,1.8010529411171976,4,True,True,15,53,False,False,5,0,False,False
289,187527.8,77.56797758509504,39,50.56213807422901,8.664630268309772,4,True,True,15,53,False,False,5,0,False,False
290,187528.0,68.37608473939765,38,44.27931093296295,8.130295891303875,4,True,True,15,54,False,False,6,0,False,False
291,187528.2,2.558549757079381,38,54.96178368430568,8.815959010407719,4,True,True,15,0,True,False,7,0,False,False
292,187528.4,3.1569287188024653,37,2.3031608396482732,1.742278162909513,4,True,True,15,56,False,False,8,0,False,False
293,187528.6,89.12663118382525,36,48.12858218826769,7.813350026753859,4,True,True,15,57,False,False,9,0,False,False
294,187528.8,70.24180449810528,36,44.56880494565026,8.012500731419975,5,True,True,15,60,False,False,12,0,False,False
295,187529.0,2.5773283748628355,37,60.829459680488874,9.275280507193752,4,True,True,15,0,True,False,14,0,False,False
296,187529.2,2.660867592643595,36,1.8723429475317581,1.5903026555662294,5,False,True,15,63,False,False,15,0,False,False
297,187529.4,89.705130643352,36,51.41316618283736,8.099364006716751,4,True,True,15,65,False,False,17,0,False,False
298,187529.6,88.6952797467559,36,48.216147429003954,7.895590198632137,4,True,True,15,67,False,False,19,0,False,False
299,187529.8,1.2738966460530954,36,37.24131948908264,7.120925804371475,5,True,True,15,0,True,False,19,0,False,False
300,187530.0,3.3602569309078536,36,3.152258710635293,1.9674733004057996,5,False,True,15,67,False,False,19,0,False,False
301,187530.2,78.86287702774125,35,48.10965041456876,9.024468728341892,5,True,True,15,68,False,False,20,0,False,False
302,187530.4,66.50544898305263,35,42.73755978186772,8.749539123157362,5,True,True,15,69,False,False,21,0,False,False
303,187530.6,1.0632721604263249,33,58.851494627698244,9.90721574071457,4,True,True,15,0,True,False,22,0,False,False
304,187530.8,3.1918457467707926,32,1.3852819905432172,1.3778191870595848,14,True,True,15,71,False,False,23,0,False,False
305,187531.0,79.41797576133253,30,46.665063041514955,8.853139583556992,5,True,True,15,73,False,False,25,0,False,False
306,187531.2,65.67206859581931,30,39.75913524286322,8.154397932423349,5,True,True,15,74,False,False,26,0,False,False
307,187531.4,1.234845180800673,29,34.15686361380164,7.603770389262503,5,True,True,15,0,True,False,26,0,False,False
308,187531.6,4.584588400618416,31,2.4455182792718766,1.8452821893205773,11,False,True,15,74,False,False,26,0,False,False
309,187531.8,68.6036121586835,31,40.47737512947533,8.237002165980684,5,True,True,15,75,False,False,27,0,False,False
310,187532.0,61.83374352101679,31,37.55918400610984,7.9004862632539625,5,True,True,15,74,False,False,26,0,False,False
311,187532.2,0.7535826254170358,31,33.39122015610425,7.496162658831136,5,True,True,15,0,True,False,27,0,False,False
312,187532.4,4.8326634996812325,30,2.4589534173062346,1.9958478617920643,11,True,True,15,75,False,False,27,0,False,False
313,187532.6,67.09708606830687,29,38.850474975299576,8.062048165909317,5,True,True,15,75,False,False,27,0,False,False
314,187532.8,56.960994212889815,29,31.91511348032138,7.245049518569892,5,True,True,15,74,False,False,26,0,False,False
315,187533.0,0.6130760990461979,29,31.786085357239273,7.24122550885961,5,True,True,15,0,True,False,26,0,False,False
316,187533.2,5.048588664970886,29,2.3756391489455497,1.8297316769895717,12,True,True,15,73,False,False,25,0,False,False
317,187533.4,67.16166840173572,30,38.87906082449172,8.099504297948046,5,True,True,15,73,False,False,25,0,False,False
318,187533.6,57.11106672007337,30,31.9237456552637,7.200931207349676,5,True,True,15,73,False,False,25,0,False,False
319,187533.8,2.147534340142769,31,29.60169872622073,6.452338764745955,5,True,True,15,0,True,False,25,0,False,False
320,187534.0,5.130642121858199,32,3.3137188868696903,2.0971175656619305,13,True,True,15,73,False,False,25,0,False,False
321,187534.2,68.25919966067738,32,39.3485016486385,8.096520938990457,5,True,True,15,73,False,False,25,0,False,False
322,187534.4,57.554330030286756,32,32.17453767715489,7.531441542351077,5,True,True,15,73,False,False,25,0,False,False
323,187534.6,1.1234552537543947,31,34.26437132228136,7.62172709697195,5,True,True,15,0,True,False,25,0,False,False
324,187534.8,5.23501400170585,30,2.4957406789518712,1.8641750632022434,12,True,True,15,73,False,False,25,0,False,False
325,187535.0,67.995972969055,29,39.393711590938956,8.312053016286498,5,True,True,15,73,False,False,25,0,False,False
326,187535.2,57.707229918994116,29,32.519962286950985,7.557354588826744,5,True,True,15,73,False,False,25,0,False,False
327,187535.4,2.615568102280994,29,32.28494583905933,7.377320915996717,5,True,True,15,0,True,False,25,0,False,False
328,187535.6,5.195890374075083,30,2.5088025828945617,1.8064294203033457,13,True,True,15,73,False,False,25,0,False,False
329,187535.8,68.19202280835354,30,39.27773640761307,8.12411290497362,5,True,True,15,73,False,False,25,0,False,False
330,187536.0,57.73775207752842,29,34.61250920543836,7.622451940229977,5,True,True,15,73,False,False,25,0,False,False
331,187536.2,0.8179383950916506,29,32.10932875370754,7.223058092925752,5,True,True,15,0,True,False,25,0,False,False
332,187536.4,5.208591691530407,29,2.4250197823112565,1.829616135076824,13,True,True,15,73,False,False,25,0,False,False
333,187536.6,68.54434298681734,30,36.7357533287136,7.01516223445474,5,True,True,15,73,False,False,25,0,False,False
334,187536.8,57.65306204272792,30,32.285873424182554,7.358473219830488,5,True,True,15,73,False,False,25,0,False,False
335,187537.0,1.167168973419496,31,32.246471355021995,7.352216204411402,5,True,True,15,0,True,False,25,0,False,False
336,187537.2,5.216479493604049,32,4.2398265129977135,2.3222326887310936,13,True,True,15,73,False,False,25,0,False,False
337,187537.4,68.531287516096,33,36.75166847897264,7.04489220229895,5,True,True,15,73,False,False,25,0,False,False
338,187537.6,57.21120483565369,33,29.86969580755309,6.555262899574047,5,True,True,15,73,False,False,25,0,False,False
339,187537.8,3.263456091814432,34,29.918206487751988,6.600576378198372,5,True,True,15,0,True,False,25,0,False,False
340,187538.0,5.155024590568427,35,3.48678460069289,2.1348143706036455,13,True,True,15,73,False,False,25,0,False,False
341,187538.2,68.46901845096632,35,36.81028875595705,7.324169662584471,5,True,True,15,73,False,False,25,0,False,False
342,187538.4,57.52932067243339,34,31.83226134861511,7.146960163996165,5,True,True,15,73,False,False,25,0,False,False
343,187538.6,2.7983962606535813,33,31.91961087461975,7.207115000778217,5,True,True,15,0,True,False,25,0,False,False
344,187538.8,5.192228394971434,32,3.210084414396666,2.308922392417173,13,True,True,15,73,False,False,25,0,False,False
345,187539.0,68.28739890158676,31,38.53012385792674,7.8185589372624005,5,True,True,15,73,False,False,25,0,False,False
346,187539.2,57.70729465202596,29,34.56072885375894,7.383282193712054,5,True,True,15,73,False,False,25,0,False,False
347,187539.4,1.7054113108620177,28,34.437663987698485,7.3786950764017,5,True,True,15,0,True,False,25,0,False,False
348,187539.6,5.248397905283476,27,2.875656940269493,2.0066863725088178,13,True,True,15,73,False,False,25,0,False,False
349,187539.8,68.3207968729666,26,41.7778391616819,8.12203370866982,5,True,True,15,73,False,False,25,0,False,False
350,187540.0,57.75027399690922,25,34.46303079937077,7.394814785697202,5,True,True,15,73,False,False,25,0,False,False
351,187540.2,1.5127226168284895,25,34.43771980889967,7.402978239186553,5,True,True,15,0,True,False,25,0,False,False
352,187540.4,5.253576744510216,25,2.8607558236021196,1.9955515538912534,13,True,True,15,73,False,False,25,0,False,False
353,187540.6,68.4020409958697,25,41.94403323019844,8.157964270301088,5,True,True,15,73,False,False,25,0,False,False
354,187540.8,57.87444251215799,25,34.790773424263044,7.608881004955282,5,True,True,15,73,False,False,25,0,False,False
355,187541.0,1.6438976663921017,25,34.695004637506976,7.582991182532598,5,True,True,15,0,True,False,25,0,False,False
356,187541.2,5.273519899161922,25,2.7896013065857694,2.0044436316643615,12,True,True,15,73,False,False,25,0,False,False
357,187541.4,68.34841156050325,25,42.03277172896801,8.336653188192225,5,True,True,15,73,False,False,25,0,False,False
358,187541.6,57.820229472569316,26,32.83665449557275,7.422326918351952,5,True,True,15,73,False,False,25,0,False,False
359,187541.8,3.053970814305662,27,32.89844456859829,7.592160358900209,5,True,True,15,0,True,False,25,0,False,False
360,187542.0,5.378623529826122,28,2.697674130699063,2.045361625027407,12,True,True,15,73,False,False,25,0,False,False
361,187542.2,68.415100983842,29,39.1401875869819,8.163307407758227,5,True,True,15,73,False,False,25,0,False,False
362,187542.4,57.94141653127818,30,32.899188711651945,7.56984965226456,5,True,True,15,73,False,False,25,0,False,False
363,187542.6,3.1463413669195597,30,32.85888180509464,7.580855985451133,5,True,True,15,0,True,False,25,0,False,False
364,187542.8,5.379867045499343,30,2.754978391091774,2.102125344623179,13,True,True,15,73,False,False,25,0,False,False
365,187543.0,68.66093758433314,30,39.11834788190319,8.127207519575663,5,True,True,15,73,False,False,25,0,False,False
366,187543.2,58.04565837944755,30,32.692630080254716,7.532336918391124,5,True,True,15,73,False,False,25,0,False,False
367,187543.4,2.118911378623314,30,32.6078569680269,7.5604330002665465,5,True,True,15,0,True,False,25,0,False,False
368,187543.6,5.348503048937917,30,2.59025408150862,1.9252224389138861,13,True,True,15,73,False,False,25,0,False,False
369,187543.8,68.78286172229788,30,39.00650013757757,8.114922034773572,5,True,True,15,73,False,False,25,0,False,False
370,187544.0,58.087324397907146,30,32.65719445890238,7.485216546947551,5,True,True,15,73,False,False,25,0,False,False
371,187544.2,2.7962026120479524,30,32.71667141860384,7.5506203697447924,5,True,True,15,0,True,False,25,0,False,False
372,187544.4,5.367340401781414,30,2.6831567443192634,2.01780589971344,13,True,True,15,73,False,False,25,0,False,False
373,187544.6,68.88067715957419,30,39.12681404976391,8.101945841847419,5,True,True,15,73,False,False,25,0,False,False
374,187544.8,58.12726204415225,30,32.687264629159586,7.477036557374256,5,True,True,15,73,False,False,25,0,False,False
375,187545.0,2.116070169301396,30,32.57783697160608,7.462029570371957,5,True,True,15,0,True,False,25,0,False,False
376,187545.2,5.345064505470758,30,2.650689479292985,1.8987856051471688,13,True,True,15,73,False,False,25,0,False,False
377,187545.4,68.95693608756508,30,39.06826964827553,7.973997690820976,5,True,True,15,73,False,False,25,0,False,False
378,187545.6,58.09487296277427,30,32.59859942759502,7.402417383715472,5,True,True,15,73,False,False,25,0,False,False
379,187545.8,1.9594157530505434,30,32.583255932067296,7.452103014829738,5,True,True,15,0,True,False,25,0,False,False
380,187546.0,5.342323396494763,30,2.644813823209749,1.9044216598249564,13,True,True,15,73,False,False,25,0,False,False
381,187546.2,69.04140528819451,30,39.19667531130726,8.032751531045344,5,True,True,15,73,False,False,25,0,False,False
382,187546.4,58.16156619239728,30,32.70901220347603,7.432065284569562,5,True,True,15,73,False,False,25,0,False,False
383,187546.6,1.7980945392694239,30,32.58748221320691,7.454384068948201,5,True,True,15,0,True,False,25,0,False,False
384,187546.8,5.335660875233313,30,2.661394490790666,1.914871596694137,13,True,True,15,73,False,False,25,0,False,False
385,187547.0,69.14154073974056,30,39.28921882298262,8.091255939128722,5,True,True,15,73,False,False,25,0,False,False
386,187547.2,58.27898573790801,30,32.75146344634366,7.501855728897593,5,True,True,15,73,False,False,25,0,False,False
387,187547.4,1.5588688487083766,30,32.64947461552905,7.486455859754646,5,True,True,15,0,True,False,25,0,False,False
388,187547.6,5.324944220084728,30,2.6229726961555637,1.8500078694785875,13,True,True,15,73,False,False,25,0,False,False
389,187547.8,69.2126914909277,30,39.275956494928714,8.060080138111326,5,True,True,15,73,False,False,25,0,False,False
390,187548.0,58.30188078755223,30,32.695928720668206,7.45620516839498,5,True,True,15,73,False,False,25,0,False,False
391,187548.2,1.123059477319481,30,32.5861868766364,7.459932956320397,5,True,True,15,0,True,False,25,0,False,False
392,187548.4,5.309341912932158,30,2.564326073725522,1.8022984650388676,13,True,True,15,73,False,False,25,0,False,False
393,187548.6,69.28842809726456,30,39.41111543553814,8.090468680205914,5,True,True,15,73,False,False,25,0,False,False
394,187548.8,58.35360169628749,30,32.89080958397522,7.482933991380059,5,True,True,15,73,False,False,25,0,False,False
395,187549.0,1.4718008267888196,30,32.825300411029346,7.5076711825486795,5,True,True,15,0,True,False,25,0,False,False
396,187549.2,5.336259413902221,30,2.435793557529721,1.760563418725865,13,True,True,15,73,False,False,25,0,False,False
397,187549.4,69.31230104043152,30,39.45108658207065,8.131319149919763,5,True,True,15,73,False,False,25,0,False,False
398,187549.6,58.4027151541853,30,33.009450080043464,7.531326455496726,5,True,True,15,73,False,False,25,0,False,False
399,187549.8,2.0027813567040256,30,32.91141166899844,7.543957292824971,5,True,True,15,0,True,False,25,0,False,False
400,187550.0,5.367911383608501,30,2.473875443736155,1.8600674507432007,13,True,True,15,73,False,False,25,0,False,False
401,187550.2,69.45085370856513,30,39.54270091481308,8.150527276801505,5,True,True,15,73,False,False,25,0,False,False
402,187550.4,58.4711447659312,30,33.01451739852728,7.540300777543234,5,True,True,15,73,False,False,25,0,False,False
403,187550.6,6.257048530251904,31,32.91255829286061,7.050379105761218,5,True,True,15,0,True,False,25,0,False,False
404,187550.8,5.223423134272146,32,7.2020545515188354,2.789579750323925,13,True,True,15,73,False,False,25,0,False,False
405,187551.0,69.11039560550108,33,39.81513146226801,7.654760719000716,5,True,True,15,73,False,False,25,0,False,False
406,187551.2,6.5044026038989236,34,32.87148204685239,7.033972581961093,5,True,True,15,0,True,False,25,0,False,False
407,187551.4,6.4036565206435725,35,7.700242882344206,2.8613834543560532,19,True,True,15,73,False,False,25,0,False,False
408,187551.6,66.25045501086429,35,38.11438802980363,7.496289186634716,5,True,True,15,73,False,False,25,0,False,False
409,187551.8,7.162406819196492,35,32.35225123733107,6.97053533809258,5,True,True,15,0,True,False,25,0,False,False
410,187552.0,6.465503161213966,35,7.963286639528893,2.8756708463732608,19,True,True,15,73,False,False,25,0,False,False
411,187552.2,66.16426335412822,35,38.01057099089265,7.457966636556513,5,True,True,15,73,False,False,25,0,False,False
412,187552.4,1.0258098212997924,34,31.748331305624735,7.116939591031883,5,True,True,15,0,True,False,25,0,False,False
413,187552.6,6.591590539733289,33,3.1572643696451768,2.0634215369762665,18,True,True,15,73,False,False,25,0,False,False
414,187552.8,66.0917542348932,32,37.25023880618048,7.552282993014177,5,True,True,15,73,False,False,25,0,False,False
415,187553.0,57.21630576287367,31,31.90144250224471,7.132005330471997,5,True,True,15,73,False,False,25,0,False,False
416,187553.2,7.732829775207537,31,32.6456874097895,7.043005916756862,5,True,True,15,0,True,False,25,0,False,False
417,187553.4,5.1788867419914375,32,7.033802187427092,2.648210643496927,13,True,True,15,73,False,False,25,0,False,False
418,187553.6,69.40306406825061,33,39.484071617523625,7.631228414493351,5,True,True,15,73,False,False,25,0,False,False
419,187553.8,6.896281246936567,34,32.57079050553458,7.014356036184291,5,True,True,15,0,True,False,25,0,False,False
420,187554.0,6.387218090626543,35,6.284463501905802,2.6544191549274845,18,True,True,15,73,False,False,25,0,False,False
421,187554.2,66.70641914741122,35,37.513047726335095,7.45709719637217,5,True,True,15,72,False,False,24,0,False,False
422,187554.4,5.928223698969347,35,31.819845287521048,6.926296727528029,5,True,True,15,0,True,False,24,0,False,False
423,187554.6,6.587118230135141,35,5.850541958867763,2.6278948070059305,19,True,True,15,72,False,False,24,0,False,False
424,187554.8,66.87419315450406,34,37.76152996451025,7.356133107337829,5,True,True,15,72,False,False,24,0,False,False
425,187555.0,62.310628281548716,33,33.62714681298593,6.981685950828713,5,True,True,15,72,False,False,24,0,False,False
426,187555.2,1.544063215351636,32,33.062799010101564,6.821550920896624,5,True,True,15,0,True,False,25,0,False,False
427,187555.4,5.1311859961415545,31,2.578463381287918,1.7744122093532615,14,True,True,15,73,False,False,25,0,False,False
428,187555.6,66.24110162649686,30,37.11637403363819,7.118047763907606,5,True,True,15,73,False,False,25,0,False,False
429,187555.8,57.032582538079346,30,31.75827520819666,6.653716062640095,5,True,True,15,73,False,False,25,0,False,False
430,187556.0,1.1342126494053877,30,32.54700931255199,6.732496446336214,5,True,True,15,0,True,False,25,0,False,False
431,187556.2,5.319429809426647,30,2.62064677489916,1.8365417253627883,22,True,True,15,73,False,False,25,0,False,False
432,187556.4,66.10765224233066,31,35.94959823108164,7.028867737488736,5,True,True,15,73,False,False,25,0,False,False
433,187556.6,57.07144245438941,32,30.593555083609225,6.516204537402243,5,True,True,15,73,False,False,25,0,False,False
434,187556.8,2.084290375899686,33,31.253218450662807,6.598979562997614,5,True,True,15,0,True,False,25,0,False,False
435,187557.0,5.304102293752391,34,2.4935555558479097,1.852031421301994,22,True,True,15,73,False,False,25,0,False,False
436,187557.2,66.47371345911132,35,36.15537466061196,7.035724515369424,5,True,True,15,73,False,False,25,0,False,False
437,187557.4,57.23927611179406,35,30.627164866229855,6.53507241134523,5,True,True,15,73,False,False,25,0,False,False
438,187557.6,2.0842786702915923,35,31.261201887102683,6.618411085138321,5,True,True,15,0,True,False,25,0,False,False
439,187557.8,5.339532529654558,35,2.5729288151641025,1.8804949186162934,22,True,True,15,73,False,False,25,0,False,False
440,187558.0,66.517196731676,35,36.0736022259631,7.042555698119997,5,True,True,15,73,False,False,25,0,False,False
441,187558.2,57.30928621424554,35,30.56192400502404,6.532210764866599,5,True,True,15,73,False,False,25,0,False,False
442,187558.4,2.353519631473893,35,31.157765253562594,6.592247323577056,5,True,True,15,0,True,False,25,0,False,False
443,187558.6,5.346471923791929,35,2.6670219231992642,1.8713835211813037,22,True,True,15,73,False,False,25,0,False,False
444,187558.8,66.4433453942379,35,35.88084922933496,7.022494235565832,5,True,True,15,73,False,False,25,0,False,False
445,187559.0,57.287653387014494,35,30.42435988962689,6.5164426386062955,5,True,True,15,73,False,False,25,0,False,False
446,187559.2,2.613229295249078,35,31.054321266862875,6.59099906847015,5,True,True,15,0,True,False,25,0,False,False
447,187559.4,5.349287639732977,35,2.76672865214723,1.8864162256079007,22,True,True,15,73,False,False,25,0,False,False
448,187559.6,66.41445641537618,35,35.800382148249476,7.029312244586299,5,True,True,15,73,False,False,25,0,False,False
449,187559.8,57.319807883783746,35,30.388997906795105,6.514181722707458,5,True,True,15,73,False,False,25,0,False,False
450,187560.0,2.0191125211228194,35,31.051537486975988,6.605707124064878,5,True,True,15,0,True,False,25,0,False,False
451,187560.2,5.364924901338504,35,2.6320979890148246,1.8192349573714426,22,True,True,15,73,False,False,25,0,False,False
452,187560.4,66.47850559847501,35,35.72010960541578,6.998678823704021,5,True,True,15,74,False,False,26,0,False,False
453,187560.6,70.34682419567113,35,36.05271911051923,7.05320653957387,5,True,True,15,75,False,False,27,0,False,False
454,187560.8,1.5412127249055594,35,32.52479174510746,6.752236266053428,5,True,True,15,0,True,False,29,0,False,False
455,187561.0,5.056584496208827,35,2.4672255010440614,1.6807792357015034,21,True,True,15,79,False,False,31,0,False,False
456,187561.2,72.64103153037553,35,39.078717648856525,7.324858777248081,5,True,True,15,81,False,False,33,0,False,False
457,187561.4,59.08194077118685,35,31.176859402539915,6.582990589481213,5,True,True,15,82,False,False,34,0,False,False
458,187561.6,1.4892235247471524,35,31.051563690787734,6.580671754597741,5,True,True,15,0,True,False,35,0,False,False
459,187561.8,5.169011265945607,35,2.519778931312384,1.709542827545981,20,True,True,15,83,False,False,35,0,False,False
460,187562.0,72.38496102950299,35,38.904133511423815,7.301252947598936,5,True,True,15,83,False,False,35,0,False,False
461,187562.2,59.08937249115956,35,31.21046548761123,6.589145872043428,5,True,True,15,83,False,False,35,0,False,False
462,187562.4,1.3783067810143865,35,31.061424957224165,6.588577455702022,5,True,True,15,0,True,False,35,0,False,False
463,187562.6,5.1796898852728335,35,2.493107836328624,1.7056947521239274,20,True,True,15,83,False,False,35,0,False,False
464,187562.8,72.3960827020068,35,38.905221033724644,7.3145064377603,5,True,True,15,83,False,False,35,0,False,False
465,187563.0,59.11880302323021,35,31.221139796885897,6.5968250559371455,5,True,True,15,83,False,False,35,0,False,False
466,187563.2,1.262403433889265,35,31.032236765413526,6.5852062811193575,5,True,True,15,0,True,False,35,0,False,False
467,187563.4,5.185456882242426,35,2.4811950178040165,1.6658720873970134,20,True,True,15,83,False,False,35,0,False,False
468,187563.6,72.4847252951508,35,38.95719562102106,7.3162291306717115,5,True,True,15,83,False,False,35,0,False,False
469,187563.8,59.1597675855246,35,31.251298793223835,6.589795366285962,5,True,True,15,83,False,False,35,0,False,False
470,187564.0,1.5036594848360632,35,31.080497041086062,6.575578909596551,5,True,True,15,0,True,False,35,0,False,False
471,187564.2,5.173292581802382,35,2.5233198924575992,1.687720602953954,20,True,True,15,83,False,False,35,0,False,False
472,187564.4,72.60830662321109,35,39.00285991210668,7.314911076487054,5,True,True,15,83,False,False,35,0,False,False
473,187564.6,59.23307472226905,35,31.267390369141953,6.5940405107401014,5,True,True,15,83,False,False,35,0,False,False
474,187564.8,1.6272478915431223,35,31.121811316535332,6.578259983476762,5,True,True,15,0,True,False,35,0,False,False
475,187565.0,5.168213436394994,35,2.5675505490622954,1.6576726821651562,20,True,True,15,83,False,False,35,0,False,False
476,187565.2,72.74343013622658,35,39.138806598183734,7.353972984917902,5,True,True,15,83,False,False,35,0,False,False
477,187565.4,59.373391931487824,35,31.36956271711015,6.622471497506781,5,True,True,15,83,False,False,35,0,False,False
478,187565.6,1.6565075362273494,35,31.200461027117147,6.626689034749876,5,True,True,15,0,True,False,35,0,False,False
479,187565.8,5.153424816569716,35,2.5767751394528244,1.6851494493087331,20,True,True,15,83,False,False,35,0,False,False
480,187566.0,72.82226868090079,35,39.16841495201612,7.360570979599215,5,True,True,15,83,False,False,35,0,False,False
481,187566.2,59.44639015973227,35,31.410313361869356,6.6368514312806735,5,True,True,15,83,False,False,35,0,False,False
482,187566.4,1.474495381130388,35,31.24386658679608,6.627188685387726,5,True,True,15,0,True,False,35,0,False,False
483,187566.6,5.175915671519514,35,2.459827837888999,1.6157817885291026,20,True,True,15,83,False,False,35,0,False,False
484,187566.8,72.8812314495029,35,39.18712607271109,7.3369476528506015,5,True,True,15,83,False,False,35,0,False,False
485,187567.0,59.495601518013615,35,31.394476327337923,6.666654591714552,5,True,True,15,83,False,False,35,0,False,False
486,187567.2,0.8386428494176515,35,31.263622900806197,6.674747736785072,5,True,True,15,0,True,False,35,0,False,False
487,187567.4,5.195863988544226,35,2.415537363700052,1.6784024867849139,20,True,True,15,83,False,False,35,0,False,False
488,187567.6,73.04099463098954,35,39.251435560760875,7.4010703380263525,5,True,True,15,83,False,False,35,0,False,False
489,187567.8,59.65925445850741,35,31.534930246961757,6.668694195919305,5,True,True,15,83,False,False,35,0,False,False
490,187568.0,0.6322710778115143,34,33.24616099915661,6.80227610515497,5,True,True,15,0,True,False,34,0,False,False
491,187568.2,5.254004282975098,34,2.3740576622741423,1.7175190142909718,21,True,True,15,82,False,False,34,0,False,False
492,187568.4,75.71570738718023,33,43.27966381556695,8.049496065821605,5,True,True,15,81,False,False,33,0,False,False
493,187568.6,61.50662868562412,32,34.68170467846745,7.31429946428159,5,True,True,15,80,False,False,32,0,False,False
494,187568.8,0.6977439080874172,31,33.83351674180365,7.2752445348324954,5,True,True,15,0,True,False,31,0,False,False
495,187569.0,5.1290265228081875,31,2.5361435633240683,1.9306158480482534,16,True,True,15,79,False,False,31,0,False,False
496,187569.2,72.21919261051974,30,40.40972312304327,7.727478748202895,5,True,True,15,78,False,False,30,0,False,False
497,187569.4,60.064550980082444,30,33.454822675845314,7.0802871231847595,5,True,True,15,78,False,False,30,0,False,False
498,187569.6,0.9702496167355573,30,33.53919254708128,7.269413506555945,5,True,True,15,0,True,False,30,0,False,False
499,187569.8,5.223771957326023,31,2.448044452183926,1.7688915861563326,18,True,True,15,78,False,False,30,0,False,False
