source_csv,name,note,extra_args,wall_s,returncode,engine_total_solutions,engine_valid_solutions,engine_fixed_solutions,engine_fix_rate_pct,n_scored,n_rover_epochs,coverage_pct,all_rms_m,fix_rms_m,fix_pct,lt50cm_pct,lt50cm_full_pct,ppc_official_pct,n_fix,n_fix_after_warmup,frac_fix_after_warmup
results/wp6/sweep\sweep_table.csv,c0_bare_preset,,,283.5,0,7397.0,7397.0,775.0,10.48,7397,11928,62.014,19.8612,0.0837,10.477,40.936,25.386,22.883,775,0,0.0
results/wp6/sweep\sweep_table.csv,c0_v5_baseline_flags,v5 baseline's exact extra flags beyond --preset low-cost,--arfilter --arfilter-margin 0.35 --min-hold-count 8 --hold-ratio-threshold 2.6,268.9,0,7397.0,7397.0,775.0,10.48,7397,11928,62.014,19.8612,0.0837,10.477,40.936,25.386,22.883,775,0,0.0
results/wp6/sweep\sweep_table.csv,c1_ratio_2.4,,--ratio 2.4,83.3,0,2077.0,2077.0,1.0,0.05,2077,11928,17.413,38.4837,52.991,0.048,38.71,6.74,10.856,1,1,1.0
results/wp6/sweep\sweep_table.csv,c1_ratio_2.6,,--ratio 2.6,70.5,0,2077.0,2077.0,1.0,0.05,2077,11928,17.413,38.4837,52.991,0.048,38.71,6.74,10.856,1,1,1.0
results/wp6/sweep\sweep_table.csv,c1_ratio_2.8,,--ratio 2.8,69.9,0,2077.0,2077.0,1.0,0.05,2077,11928,17.413,38.4837,52.991,0.048,38.71,6.74,10.856,1,1,1.0
results/wp6/sweep\sweep_table.csv,c1_ratio_3.0,,--ratio 3.0,64.8,0,2077.0,2077.0,1.0,0.05,2077,11928,17.413,38.4837,52.991,0.048,38.71,6.74,10.856,1,1,1.0
results/wp6/sweep\sweep_table.csv,c1_holdcount_3,,--min-hold-count 3,62.5,0,2077.0,2077.0,1.0,0.05,2077,11928,17.413,38.4837,52.991,0.048,38.71,6.74,10.856,1,1,1.0
results/wp6/sweep\sweep_table.csv,c1_holdcount_5,,--min-hold-count 5,61.9,0,2077.0,2077.0,1.0,0.05,2077,11928,17.413,38.4837,52.991,0.048,38.71,6.74,10.856,1,1,1.0
results/wp6/sweep\sweep_table.csv,c1_holdcount_8,,--min-hold-count 8,62.5,0,2077.0,2077.0,1.0,0.05,2077,11928,17.413,38.4837,52.991,0.048,38.71,6.74,10.856,1,1,1.0
results/wp6/sweep\sweep_table.csv,c1_floatreset_10,,--max-consec-float-reset 10,64.3,0,1503.0,1503.0,18.0,1.2,1503,11928,12.601,21.0561,0.2921,1.198,6.986,0.88,4.148,18,18,1.0
results/wp6/sweep\sweep_table.csv,c1_nonfixreset_10,,--max-consec-nonfix-reset 10,64.5,0,1462.0,1462.0,17.0,1.16,1462,11928,12.257,20.9102,0.2813,1.163,6.703,0.822,3.59,17,17,1.0
results/wp6/sweep\sweep_table.csv,c1_floatreset_5,,--max-consec-float-reset 5,64.3,0,1434.0,1434.0,2.0,0.14,1434,11928,12.022,26.2318,35.8466,0.139,4.742,0.57,3.499,2,2,1.0
results/wp6/sweep\sweep_table.csv,c1_nonfixreset_5,,--max-consec-nonfix-reset 5,64.6,0,1369.0,1369.0,14.0,1.02,1369,11928,11.477,22.2281,0.4651,1.023,6.574,0.755,3.654,14,14,1.0
results/wp6/sweep\sweep_table.csv,c1_glonass_ar_on,,--glonass-ar on,74.6,0,2131.0,2131.0,3.0,0.14,2131,11928,17.866,32.0332,29.7283,0.141,29.141,5.206,21.611,3,3,1.0
results/wp6/sweep\sweep_table.csv,c1_glonass_ar_autocal,,--glonass-ar autocal,77.5,0,2117.0,2117.0,51.0,2.41,2117,11928,17.748,18.1525,0.4777,2.409,30.987,5.5,21.605,51,51,1.0
results/wp6/sweep\sweep_table.csv,c1_elev_10,,--elevation-mask-deg 10,65.2,0,2078.0,2078.0,1.0,0.05,2078,11928,17.421,38.4084,52.991,0.048,36.333,6.33,8.956,1,1,1.0
results/wp6/sweep\sweep_table.csv,c1_elev_20,,--elevation-mask-deg 20,61.5,0,2072.0,2072.0,1.0,0.05,2072,11928,17.371,38.5821,52.991,0.048,35.859,6.229,8.181,1,1,1.0
results/wp6/sweep\sweep_table.csv,c2_glonass_autocal_ratio24,,--glonass-ar autocal --ratio 2.4,77.7,0,2108.0,2108.0,56.0,2.66,2108,11928,17.673,18.4111,0.5213,2.657,31.12,5.5,21.605,56,56,1.0
results/wp6/sweep\sweep_table.csv,c2_glonass_autocal_ratio28,,--glonass-ar autocal --ratio 2.8,77.6,0,2115.0,2115.0,56.0,2.65,2115,11928,17.731,18.1576,0.4732,2.648,31.206,5.533,21.605,56,56,1.0
results/wp6/sweep\sweep_table.csv,c2_glonass_autocal_holdcount3,,--glonass-ar autocal --min-hold-count 3,79.0,0,2131.0,2131.0,14.0,0.66,2131,11928,17.866,19.3216,0.653,0.657,29.657,5.298,21.742,14,14,1.0
results/wp6/sweep\sweep_table.csv,c2_glonass_autocal_holdcount5,,--glonass-ar autocal --min-hold-count 5,76.4,0,2112.0,2112.0,27.0,1.28,2112,11928,17.706,18.3323,0.649,1.278,29.924,5.298,21.605,27,27,1.0
results/wp6/sweep\sweep_table.csv,c2_glonass_autocal_nonfixreset10,,--glonass-ar autocal --max-consec-nonfix-reset 10,75.2,0,1552.0,1552.0,51.0,3.29,1552,11928,13.011,18.6458,0.2962,3.286,9.214,1.199,20.3,51,51,1.0
results/wp6/sweep\sweep_table.csv,c2_glonass_autocal_floatreset10,,--glonass-ar autocal --max-consec-float-reset 10,75.6,0,1568.0,1568.0,25.0,1.59,1568,11928,13.146,25.5011,0.4762,1.594,7.972,1.048,20.145,25,25,1.0
results/wp6/sweep\sweep_table.csv,c2_glonass_autocal_elev10,,--glonass-ar autocal --elevation-mask-deg 10,79.7,0,2142.0,2142.0,51.0,2.38,2142,11928,17.958,18.0516,0.4777,2.381,29.365,5.273,21.66,51,51,1.0
results/wp6/sweep\sweep_table.csv,c2_glonass_autocal_ratio24_holdcount3,,--glonass-ar autocal --ratio 2.4 --min-hold-count 3,75.8,0,2098.0,2098.0,71.0,3.38,2098,11928,17.589,17.8112,0.6997,3.384,31.173,5.483,21.729,71,71,1.0
results/wp6/sweep\sweep_table.csv,c2_glonass_autocal_ratio28_nonfixreset10,,--glonass-ar autocal --ratio 2.8 --max-consec-nonfix-reset 10,75.5,0,1508.0,1508.0,7.0,0.46,1508,11928,12.643,26.7535,12.613,0.464,5.836,0.738,20.339,7,7,1.0
results/wp6/sweep\sweep_table.csv,c3_bare_preset_slice2,,,68.1,0,2708.0,2708.0,2.0,0.07,2708,11928,22.703,24.2804,6.351,0.074,29.801,6.766,21.306,2,2,1.0
results/wp6/sweep\sweep_table.csv,c3_winner_slice2,,--glonass-ar autocal --ratio 2.8,88.9,0,2828.0,2828.0,3.0,0.11,2828,11928,23.709,26.2125,6.3231,0.106,6.966,1.652,0.927,3,3,1.0
results/wp6/sweep\sweep_table_full.csv,c4_glonass_autocal,,--glonass-ar autocal,256.8,0,7647.0,7647.0,278.0,3.64,7647,11928,64.11,19.2729,0.1644,3.635,22.806,14.621,8.945,278,0,0.0
results/wp6/sweep\sweep_table_full.csv,c4_glonass_autocal_ratio28,,--glonass-ar autocal --ratio 2.8,254.3,0,7647.0,7647.0,278.0,3.64,7647,11928,64.11,19.2729,0.1645,3.635,22.806,14.621,8.945,278,0,0.0
results/wp6/sweep\sweep_table_full_5a.csv,c5_ratio_2.4_full,,--ratio 2.4,225.6,0,7397.0,7397.0,777.0,10.5,7397,11928,62.014,19.8612,0.0837,10.504,40.936,25.386,22.883,777,0,0.0
results/wp6/sweep\sweep_table_full_5a.csv,c5_ratio_2.6_full,,--ratio 2.6,213.5,0,7397.0,7397.0,776.0,10.49,7397,11928,62.014,19.8612,0.0836,10.491,40.936,25.386,22.883,776,0,0.0
results/wp6/sweep\sweep_table_full_5b.csv,c5_floatreset10_full,,--max-consec-float-reset 10,230.4,0,5969.0,5969.0,775.0,12.98,5969,11928,50.042,19.6026,0.0837,12.984,26.755,13.389,11.814,775,0,0.0
results/wp6/sweep\sweep_table_full_5b.csv,c5_nonfixreset10_full,,--max-consec-nonfix-reset 10,217.5,0,6030.0,6030.0,775.0,12.85,6030,11928,50.553,18.9896,0.0837,12.852,26.551,13.422,13.014,775,0,0.0
results/wp6/sweep\sweep_table_full_5c.csv,c5_elev10_full,,--elevation-mask-deg 10,229.9,0,7398.0,7398.0,775.0,10.48,7398,11928,62.022,19.8249,0.0835,10.476,40.254,24.966,22.47,775,0,0.0
results/wp6/sweep\sweep_table_full_6.csv,c6_maxposjump_0_full,disable the jump gate entirely,--max-pos-jump 0,200.8,0,7474.0,7474.0,4200.0,56.19,7474,11928,62.659,18.3617,14.3838,56.195,50.656,31.74,32.881,4200,2932,0.6981
results/wp6/sweep\sweep_table_full_6.csv,c6_maxposjump_15_full,,--max-pos-jump 15,200.6,0,7397.0,7397.0,775.0,10.48,7397,11928,62.014,19.8612,0.0837,10.477,40.936,25.386,22.883,775,0,0.0
results/wp6/sweep\sweep_table_full_6.csv,c6_maxposjump_30_full,,--max-pos-jump 30,199.1,0,7397.0,7397.0,775.0,10.48,7397,11928,62.014,19.8612,0.0837,10.477,40.936,25.386,22.883,775,0,0.0
results/wp6/sweep\sweep_table_full_7a.csv,c7_jump0_demotepostrms_0.02,,--max-pos-jump 0 --demote-fixed-status-post-rms 0.02,226.5,0,7491.0,7491.0,20.0,0.27,7491,11928,62.802,18.3398,125.1999,0.267,50.487,31.707,32.378,20,20,1.0
results/wp6/sweep\sweep_table_full_7a.csv,c7_jump0_demotepostrms_0.03,,--max-pos-jump 0 --demote-fixed-status-post-rms 0.03,216.1,0,7491.0,7491.0,20.0,0.27,7491,11928,62.802,18.3398,125.1999,0.267,50.487,31.707,32.378,20,20,1.0
results/wp6/sweep\sweep_table_full_7b.csv,c7_jump0_demotepostrms_0.05,,--max-pos-jump 0 --demote-fixed-status-post-rms 0.05,225.3,0,7491.0,7491.0,20.0,0.27,7491,11928,62.802,18.3398,125.1999,0.267,50.487,31.707,32.378,20,20,1.0
results/wp6/sweep\sweep_table_full_7b.csv,c7_jump0_demotenis_5,,--max-pos-jump 0 --demote-fixed-status-nis-per-obs 5,216.3,0,7474.0,7474.0,3803.0,50.88,7474,11928,62.659,18.3617,12.9314,50.883,50.656,31.74,32.881,3803,2623,0.6897
results/wp6/sweep\sweep_table_full_7c.csv,c7_jump0_demotemaxratio_5,,--max-pos-jump 0 --demote-fixed-status-max-ratio 5,226.0,0,7464.0,7464.0,3005.0,40.26,7464,11928,62.575,18.3678,13.8077,40.26,50.723,31.74,32.881,3005,2163,0.7198
results/wp6/sweep\sweep_table_full_7d.csv,c7b_jump0_demotepostrms_0.5,,--max-pos-jump 0 --demote-fixed-status-post-rms 0.5,281.1,0,7447.0,7447.0,1185.0,15.91,7447,11928,62.433,18.3887,19.585,15.912,50.611,31.598,32.881,1185,772,0.6515
results/wp6/sweep\sweep_table_full_7d.csv,c7b_jump0_demotepostrms_1.0,,--max-pos-jump 0 --demote-fixed-status-post-rms 1.0,233.5,0,7433.0,7433.0,3965.0,53.34,7433,11928,62.316,17.9581,14.5283,53.343,50.935,31.74,32.881,3965,2697,0.6802
results/wp6/sweep\sweep_table_full_7d.csv,c7b_jump0_demotepostrms_2.0,,--max-pos-jump 0 --demote-fixed-status-post-rms 2.0,250.0,0,7474.0,7474.0,4200.0,56.19,7474,11928,62.659,18.3617,14.3838,56.195,50.656,31.74,32.881,4200,2932,0.6981
results/wp6/sweep\sweep_table_full_7e.csv,c7b_jump0_demotenis_1,,--max-pos-jump 0 --demote-fixed-status-nis-per-obs 1,279.1,0,7411.0,7411.0,2529.0,34.12,7411,11928,62.131,18.4332,14.9513,34.125,51.086,31.74,32.881,2529,1565,0.6188
results/wp6/sweep\sweep_table_full_7e.csv,c7b_jump0_demotenis_2,,--max-pos-jump 0 --demote-fixed-status-nis-per-obs 2,233.6,0,7474.0,7474.0,3343.0,44.73,7474,11928,62.659,18.3617,13.6016,44.728,50.656,31.74,32.881,3343,2231,0.6674
results/wp6/sweep\sweep_table_full_7f.csv,c7b_jump0_combo_rms1_nis2,,--max-pos-jump 0 --demote-fixed-status-post-rms 1.0 --demote-fixed-status-nis-per-obs 2,281.8,0,7474.0,7474.0,3174.0,42.47,7474,11928,62.659,18.3617,13.8073,42.467,50.656,31.74,32.881,3174,2062,0.6497
results/wp6/sweep\sweep_table_full_8a.csv,c8_jumprate_1,,--max-pos-jump-rate 1.0,303.7,0,7388.0,7388.0,815.0,11.03,7388,11928,61.938,19.8365,0.079,11.031,41.08,25.444,23.199,815,5,0.0061
results/wp6/sweep\sweep_table_full_8a.csv,c8_jumprate_2,,--max-pos-jump-rate 2.0,221.5,0,7464.0,7464.0,819.0,10.97,7464,11928,62.575,18.551,0.0628,10.973,40.729,25.486,23.136,819,9,0.011
results/wp6/sweep\sweep_table_full_8a.csv,c8_jumprate_5,,--max-pos-jump-rate 5.0,223.7,0,7599.0,7599.0,2566.0,33.77,7599,11928,63.707,18.1767,12.4455,33.768,41.782,26.618,17.914,2566,1673,0.652
results/wp6/sweep\sweep_table_full_8b.csv,c8_jumprate_10,,--max-pos-jump-rate 10.0,305.4,0,7472.0,7472.0,4017.0,53.76,7472,11928,62.643,18.648,13.1764,53.761,52.235,32.721,27.407,4017,2924,0.7279
results/wp6/sweep\sweep_table_full_8b.csv,c8_jumprate_20,,--max-pos-jump-rate 20.0,219.9,0,7520.0,7520.0,4498.0,59.81,7520,11928,63.045,17.9662,8.7617,59.814,53.963,34.021,26.172,4498,3661,0.8139
results/wp6/sweep\sweep_table_full_8b.csv,c8_jumprate_30,,--max-pos-jump-rate 30.0,221.4,0,7518.0,7518.0,4511.0,60.0,7518,11928,63.028,18.75,8.8206,60.003,54.057,34.071,25.683,4511,3674,0.8145
results/wp6/sweep\sweep_table_full_8c.csv,c8_jumprate_3,,--max-pos-jump-rate 3.0,263.9,0,7544.0,7544.0,1868.0,24.76,7544,11928,63.246,19.2862,7.5197,24.761,44.645,28.236,24.801,1868,1058,0.5664
results/wp6/sweep\sweep_table_full_8c.csv,c8_jumprate_4,,--max-pos-jump-rate 4.0,213.3,0,7535.0,7535.0,2134.0,28.32,7535,11928,63.171,18.3433,13.5698,28.321,37.147,23.466,18.316,2134,1324,0.6204
results/wp6/sweep\sweep_table_full_8d.csv,c8_jumprate_5_demotepostrms_1,,--max-pos-jump-rate 5.0 --demote-fixed-status-post-rms 1.0,264.9,0,7599.0,7599.0,2344.0,30.85,7599,11928,63.707,18.1767,12.4267,30.846,41.782,26.618,17.914,2344,1452,0.6195
results/wp6/sweep\sweep_table_full_8d.csv,c8_jumprate_10_demotepostrms_1,,--max-pos-jump-rate 10.0 --demote-fixed-status-post-rms 1.0,213.3,0,7472.0,7472.0,3743.0,50.09,7472,11928,62.643,18.648,13.3974,50.094,52.235,32.721,27.407,3743,2650,0.708
results/wp6/sweep\sweep_table_full_8e.csv,c8_jumprate_2.3,,--max-pos-jump-rate 2.3,202.1,0,7485.0,7485.0,1130.0,15.1,7485,11928,62.752,19.476,0.3114,15.097,42.899,26.92,24.188,1130,320,0.2832
results/wp6/sweep\sweep_table_full_8e.csv,c8_jumprate_2.5,,--max-pos-jump-rate 2.5,199.5,0,7558.0,7558.0,1407.0,18.62,7558,11928,63.364,19.7569,9.5644,18.616,42.472,26.911,24.231,1407,597,0.4243
results/wp6/sweep\sweep_table_full_8e.csv,c8_jumprate_2.7,,--max-pos-jump-rate 2.7,199.7,0,7535.0,7535.0,1131.0,15.01,7535,11928,63.171,19.8916,11.3985,15.01,34.665,21.898,23.661,1131,321,0.2838
results/wp6/sweep\sweep_table_full_8f.csv,c8_jumprate_2.35,,--max-pos-jump-rate 2.35,199.4,0,7498.0,7498.0,1257.0,16.76,7498,11928,62.86,19.7714,8.7617,16.764,42.625,26.794,24.17,1257,447,0.3556
results/wp6/sweep\sweep_table_full_8f.csv,c8_jumprate_2.4,,--max-pos-jump-rate 2.4,199.6,0,7499.0,7499.0,1391.0,18.55,7499,11928,62.869,19.77,9.1239,18.549,42.779,26.895,24.17,1391,581,0.4177
results/wp6/sweep\sweep_table_full_8f.csv,c8_jumprate_2.45,,--max-pos-jump-rate 2.45,199.6,0,7500.0,7500.0,1491.0,19.88,7500,11928,62.877,19.7899,9.0477,19.88,42.56,26.761,24.169,1491,681,0.4567
results/wp6/sweep_table.csv,wp6_winner_jumprate_2.3,,--max-pos-jump-rate 2.3,239.3,0,6457.0,6457.0,846.0,13.1,6457,9151,70.561,9.3396,0.2543,13.102,61.127,43.132,48.011,846,326,0.3853
results/wp6/sweep_table.csv,c0_bare_preset,,,218.4,0,6466.0,6466.0,817.0,12.64,6466,9151,70.659,9.3105,0.049,12.635,51.098,36.105,43.474,817,0,0.0
results/wp6/sweep_table.csv,c0_v5_baseline_flags,v5 baseline's exact extra flags beyond --preset low-cost,--arfilter --arfilter-margin 0.35 --min-hold-count 8 --hold-ratio-threshold 2.6,218.7,0,6466.0,6466.0,817.0,12.64,6466,9151,70.659,9.3105,0.049,12.635,51.098,36.105,43.474,817,0,0.0
results/wp6/sweep_table_run3.csv,wp6_winner_jumprate_2.3,,--max-pos-jump-rate 2.3,408.8,0,12875.0,12875.0,668.0,5.19,12875,15301,84.145,5.6371,0.0811,5.188,51.961,43.723,40.69,668,4,0.006
results/wp6/sweep_table_run3.csv,c0_bare_preset,,,394.1,0,12833.0,12833.0,818.0,6.37,12833,15301,83.87,5.281,0.0484,6.374,52.108,43.703,40.664,818,0,0.0
results/wp6/sweep_table_run3.csv,c0_v5_baseline_flags,v5 baseline's exact extra flags beyond --preset low-cost,--arfilter --arfilter-margin 0.35 --min-hold-count 8 --hold-ratio-threshold 2.6,375.8,0,12833.0,12833.0,818.0,6.37,12833,15301,83.87,5.281,0.0484,6.374,52.108,43.703,40.664,818,0,0.0
results/wp6/final/run1/sweep_table.csv,c0_bare_preset,,,249.4,0,7397.0,7397.0,775.0,10.48,7397,11928,62.014,19.8612,0.0837,10.477,40.936,25.386,22.883,775,0,0.0
results/wp6/final/run1/sweep_table.csv,c0_v5_baseline_flags,v5 baseline's exact extra flags beyond --preset low-cost,--arfilter --arfilter-margin 0.35 --min-hold-count 8 --hold-ratio-threshold 2.6,231.3,0,7397.0,7397.0,775.0,10.48,7397,11928,62.014,19.8612,0.0837,10.477,40.936,25.386,22.883,775,0,0.0
results/wp6/final/run1/sweep_table.csv,wp6_winner_jumprate_2.3,,--max-pos-jump-rate 2.3,200.1,0,7485.0,7485.0,1130.0,15.1,7485,11928,62.752,19.476,0.3114,15.097,42.899,26.92,24.188,1130,320,0.2832
results/wp6/final/run2/sweep_table.csv,wp6_winner_jumprate_2.3,,--max-pos-jump-rate 2.3,259.2,0,6457.0,6457.0,846.0,13.1,6457,9151,70.561,9.3396,0.2543,13.102,61.127,43.132,48.011,846,326,0.3853
results/wp6/final/run2/sweep_table.csv,c0_bare_preset,,,258.6,0,6466.0,6466.0,817.0,12.64,6466,9151,70.659,9.3105,0.049,12.635,51.098,36.105,43.474,817,0,0.0
results/wp6/final/run2/sweep_table.csv,c0_v5_baseline_flags,v5 baseline's exact extra flags beyond --preset low-cost,--arfilter --arfilter-margin 0.35 --min-hold-count 8 --hold-ratio-threshold 2.6,237.7,0,6466.0,6466.0,817.0,12.64,6466,9151,70.659,9.3105,0.049,12.635,51.098,36.105,43.474,817,0,0.0
results/wp6/final/run3/sweep_table.csv,wp6_winner_jumprate_2.3,,--max-pos-jump-rate 2.3,455.6,0,12875.0,12875.0,668.0,5.19,12875,15301,84.145,5.6371,0.0811,5.188,51.961,43.723,40.69,668,4,0.006
