blocked_mass,blocked_positive_frac,blocked_positive_frac_gt5,blocked_positive_mean_residual,cb_disagreement_m,city,disagreement_m,epoch,max_weighted_blocked_frac,mean_weighted_blocked_frac,n_sat_blocked_gt_005,n_sat_blocked_gt_010,robust_mean_abs_residual,robust_mean_residual,robust_p95_abs_residual,robust_positive_frac,robust_positive_frac_gt5,run,satellite_count,segment_label,start_epoch
0.531250,0.970588,0.970588,17.572294,2.460025,tokyo,10.602718,0.000000,0.406250,0.059028,2.000000,1.000000,18.223999,9.752566,30.029086,0.777778,0.666667,run2,9.000000,tokyo_run2_seg808,808
0.484375,0.967742,0.967742,19.771987,21.185612,tokyo,41.920367,1.000000,0.359375,0.053819,2.000000,2.000000,18.786978,10.159917,28.718595,0.777778,0.666667,run2,9.000000,tokyo_run2_seg808,808
0.531250,0.970588,0.970588,17.130889,39.397316,tokyo,99.373427,2.000000,0.375000,0.053125,2.000000,1.000000,16.890252,8.522012,28.708179,0.800000,0.700000,run2,10.000000,tokyo_run2_seg808,808
0.437500,1.000000,1.000000,17.186551,37.865558,tokyo,96.108884,3.000000,0.343750,0.048611,2.000000,1.000000,17.597710,8.864220,29.691522,0.777778,0.666667,run2,9.000000,tokyo_run2_seg808,808
0.343750,0.909091,0.909091,18.037899,35.933557,tokyo,92.147079,4.000000,0.250000,0.042969,2.000000,1.000000,17.391532,9.231612,27.110679,0.750000,0.625000,run2,8.000000,tokyo_run2_seg808,808
0.359375,1.000000,1.000000,18.469936,35.868690,tokyo,89.627663,5.000000,0.296875,0.039931,2.000000,1.000000,18.757630,11.041589,31.935216,0.777778,0.666667,run2,9.000000,tokyo_run2_seg808,808
0.187500,1.000000,1.000000,14.839357,37.188505,tokyo,89.456199,6.000000,0.171875,0.020833,1.000000,1.000000,17.731220,9.020163,30.008705,0.777778,0.666667,run2,9.000000,tokyo_run2_seg808,808
0.187500,1.000000,1.000000,10.266447,36.979176,tokyo,90.126186,7.000000,0.187500,0.018750,1.000000,1.000000,19.270731,8.513586,37.849670,0.700000,0.700000,run2,10.000000,tokyo_run2_seg808,808
0.343750,1.000000,1.000000,13.732775,37.246124,tokyo,88.748390,8.000000,0.281250,0.034375,2.000000,1.000000,19.828874,8.816941,36.448580,0.700000,0.700000,run2,10.000000,tokyo_run2_seg808,808
0.328125,1.000000,1.000000,16.695185,34.912730,tokyo,86.209212,9.000000,0.265625,0.032812,2.000000,1.000000,20.278086,9.195076,35.543553,0.700000,0.700000,run2,10.000000,tokyo_run2_seg808,808
0.234375,1.000000,1.000000,13.743837,53.948283,tokyo,89.288192,10.000000,0.234375,0.029297,1.000000,1.000000,18.553673,9.843542,34.192679,0.750000,0.750000,run2,8.000000,tokyo_run2_seg808,808
0.218750,1.000000,1.000000,12.892719,47.127582,tokyo,92.303007,11.000000,0.187500,0.024306,1.000000,1.000000,17.638041,10.189183,31.986155,0.777778,0.777778,run2,9.000000,tokyo_run2_seg808,808
0.187500,1.000000,1.000000,12.157184,50.217815,tokyo,93.142782,12.000000,0.171875,0.020833,1.000000,1.000000,17.306506,9.911310,30.758181,0.777778,0.777778,run2,9.000000,tokyo_run2_seg808,808
0.171875,1.000000,1.000000,13.063853,51.000792,tokyo,94.571568,13.000000,0.171875,0.019097,1.000000,1.000000,17.999358,11.591583,32.221095,0.777778,0.777778,run2,9.000000,tokyo_run2_seg808,808
0.359375,1.000000,1.000000,10.749719,45.974948,tokyo,94.303259,14.000000,0.203125,0.035937,2.000000,2.000000,16.375509,10.105087,30.144212,0.800000,0.800000,run2,10.000000,tokyo_run2_seg808,808
0.281250,1.000000,1.000000,9.431407,48.111760,tokyo,94.840655,15.000000,0.156250,0.028125,2.000000,2.000000,15.455522,8.985419,28.968830,0.800000,0.800000,run2,10.000000,tokyo_run2_seg808,808
0.203125,1.000000,1.000000,8.719659,47.286195,tokyo,95.688763,16.000000,0.109375,0.020312,2.000000,1.000000,15.461478,9.445759,29.736668,0.800000,0.800000,run2,10.000000,tokyo_run2_seg808,808
0.140625,1.000000,1.000000,9.013401,44.396342,tokyo,95.374136,17.000000,0.078125,0.014062,2.000000,0.000000,16.347298,11.218049,31.518375,0.800000,0.800000,run2,10.000000,tokyo_run2_seg808,808
0.140625,1.000000,0.555556,7.704371,47.584564,tokyo,96.405882,18.000000,0.078125,0.014062,2.000000,0.000000,15.712302,10.630671,31.513480,0.800000,0.700000,run2,10.000000,tokyo_run2_seg808,808
0.156250,1.000000,0.800000,8.697757,45.786389,tokyo,95.815563,19.000000,0.125000,0.015625,1.000000,1.000000,15.237238,10.025241,30.997779,0.800000,0.700000,run2,10.000000,tokyo_run2_seg808,808
0.171875,1.000000,0.636364,6.719712,47.019277,tokyo,94.764402,20.000000,0.109375,0.017187,2.000000,1.000000,14.874474,9.444800,30.289952,0.800000,0.700000,run2,10.000000,tokyo_run2_seg808,808
0.093750,0.833333,0.833333,7.619211,49.656172,tokyo,95.433084,21.000000,0.078125,0.009375,1.000000,0.000000,14.902972,9.694023,31.023588,0.700000,0.700000,run2,10.000000,tokyo_run2_seg808,808
0.062500,1.000000,0.750000,8.847882,46.086057,tokyo,95.879561,22.000000,0.046875,0.006944,0.000000,0.000000,14.320827,10.357545,28.425685,0.777778,0.666667,run2,9.000000,tokyo_run2_seg808,808
0.046875,0.666667,0.666667,5.684636,50.199735,tokyo,96.025100,23.000000,0.031250,0.005208,0.000000,0.000000,13.321572,7.709305,26.552898,0.666667,0.666667,run2,9.000000,tokyo_run2_seg808,808
0.031250,1.000000,1.000000,11.045932,46.346347,tokyo,95.446762,24.000000,0.031250,0.003472,0.000000,0.000000,14.368415,10.268402,29.407676,0.666667,0.666667,run2,9.000000,tokyo_run2_seg808,808
0.000000,0.000000,0.000000,0.000000,48.318219,tokyo,95.665466,25.000000,0.000000,0.000000,0.000000,0.000000,14.543470,10.734332,30.432301,0.666667,0.666667,run2,9.000000,tokyo_run2_seg808,808
0.031250,1.000000,1.000000,12.150722,45.413177,tokyo,95.015244,26.000000,0.031250,0.003472,0.000000,0.000000,15.076322,11.698183,32.142721,0.666667,0.666667,run2,9.000000,tokyo_run2_seg808,808
0.015625,1.000000,1.000000,8.493670,50.865828,tokyo,94.800863,27.000000,0.015625,0.001562,0.000000,0.000000,15.470952,9.395504,32.545624,0.700000,0.700000,run2,10.000000,tokyo_run2_seg808,808
0.062500,0.750000,0.750000,7.877749,47.187947,tokyo,94.064193,28.000000,0.046875,0.006250,0.000000,0.000000,15.793463,9.806258,33.202810,0.700000,0.700000,run2,10.000000,tokyo_run2_seg808,808
0.000000,0.000000,0.000000,0.000000,47.049564,tokyo,94.190975,29.000000,0.000000,0.000000,0.000000,0.000000,16.620503,11.603629,35.169493,0.700000,0.700000,run2,10.000000,tokyo_run2_seg808,808
0.000000,0.000000,0.000000,0.000000,60.081625,tokyo,93.851314,30.000000,0.000000,0.000000,0.000000,0.000000,16.426521,10.894039,32.213454,0.750000,0.625000,run2,8.000000,tokyo_run2_seg808,808
0.000000,0.000000,0.000000,0.000000,58.829738,tokyo,94.730071,31.000000,0.000000,0.000000,0.000000,0.000000,16.703906,11.296391,33.083002,0.750000,0.625000,run2,8.000000,tokyo_run2_seg808,808
0.000000,0.000000,0.000000,0.000000,65.856323,tokyo,95.418630,32.000000,0.000000,0.000000,0.000000,0.000000,19.138261,13.657816,34.654234,0.714286,0.714286,run2,7.000000,tokyo_run2_seg808,808
0.000000,0.000000,0.000000,0.000000,61.605343,tokyo,95.471656,33.000000,0.000000,0.000000,0.000000,0.000000,17.499054,12.900137,37.105955,0.857143,0.714286,run2,7.000000,tokyo_run2_seg808,808
0.000000,0.000000,0.000000,0.000000,68.681856,tokyo,95.335595,34.000000,0.000000,0.000000,0.000000,0.000000,18.534151,12.216612,35.547705,0.666667,0.666667,run2,6.000000,tokyo_run2_seg808,808
0.000000,0.000000,0.000000,0.000000,63.720003,tokyo,94.313884,35.000000,0.000000,0.000000,0.000000,0.000000,19.059854,13.615519,35.454701,0.857143,0.714286,run2,7.000000,tokyo_run2_seg808,808
0.000000,0.000000,0.000000,0.000000,61.409650,tokyo,94.280856,36.000000,0.000000,0.000000,0.000000,0.000000,18.524859,12.869083,35.710445,0.800000,0.800000,run2,5.000000,tokyo_run2_seg808,808
0.000000,0.000000,0.000000,0.000000,65.465841,tokyo,93.690889,37.000000,0.000000,0.000000,0.000000,0.000000,20.831925,15.076370,39.551696,0.833333,0.666667,run2,6.000000,tokyo_run2_seg808,808
0.000000,0.000000,0.000000,0.000000,64.525150,tokyo,93.420152,38.000000,0.000000,0.000000,0.000000,0.000000,21.567213,15.795175,41.186125,0.833333,0.833333,run2,6.000000,tokyo_run2_seg808,808
0.000000,0.000000,0.000000,0.000000,67.869570,tokyo,93.081311,39.000000,0.000000,0.000000,0.000000,0.000000,20.929748,14.735542,40.484815,0.833333,0.666667,run2,6.000000,tokyo_run2_seg808,808
0.000000,0.000000,0.000000,0.000000,65.609842,tokyo,92.907923,40.000000,0.000000,0.000000,0.000000,0.000000,20.532738,14.218983,38.937308,0.833333,0.666667,run2,6.000000,tokyo_run2_seg808,808
0.000000,0.000000,0.000000,0.000000,64.419106,tokyo,92.724114,41.000000,0.000000,0.000000,0.000000,0.000000,20.383014,13.838368,38.648610,0.833333,0.833333,run2,6.000000,tokyo_run2_seg808,808
0.000000,0.000000,0.000000,0.000000,65.342885,tokyo,93.395033,42.000000,0.000000,0.000000,0.000000,0.000000,20.514597,13.831860,38.715047,0.833333,0.833333,run2,6.000000,tokyo_run2_seg808,808
0.000000,0.000000,0.000000,0.000000,66.990641,tokyo,93.939864,43.000000,0.000000,0.000000,0.000000,0.000000,19.583607,12.280824,37.485484,0.833333,0.666667,run2,6.000000,tokyo_run2_seg808,808
0.000000,0.000000,0.000000,0.000000,65.707624,tokyo,93.368768,44.000000,0.000000,0.000000,0.000000,0.000000,20.102823,12.935120,38.391065,0.833333,0.666667,run2,6.000000,tokyo_run2_seg808,808
0.000000,0.000000,0.000000,0.000000,66.144645,tokyo,93.247849,45.000000,0.000000,0.000000,0.000000,0.000000,20.026656,12.785807,37.758168,0.833333,0.666667,run2,6.000000,tokyo_run2_seg808,808
0.000000,0.000000,0.000000,0.000000,68.125427,tokyo,94.485671,46.000000,0.000000,0.000000,0.000000,0.000000,19.398319,11.594923,36.555702,0.833333,0.666667,run2,6.000000,tokyo_run2_seg808,808
0.000000,0.000000,0.000000,0.000000,66.536266,tokyo,94.240159,47.000000,0.000000,0.000000,0.000000,0.000000,21.766007,15.148043,40.520369,0.833333,0.833333,run2,6.000000,tokyo_run2_seg808,808
0.000000,0.000000,0.000000,0.000000,65.169717,tokyo,93.379425,48.000000,0.000000,0.000000,0.000000,0.000000,17.429679,9.435806,29.491881,0.800000,0.800000,run2,5.000000,tokyo_run2_seg808,808
0.000000,0.000000,0.000000,0.000000,68.575540,tokyo,93.398649,49.000000,0.000000,0.000000,0.000000,0.000000,16.502024,9.084275,21.944100,0.750000,0.750000,run2,4.000000,tokyo_run2_seg808,808
0.000000,0.000000,0.000000,0.000000,65.943081,tokyo,93.276841,50.000000,0.000000,0.000000,0.000000,0.000000,17.737546,9.615217,30.094460,0.800000,0.800000,run2,5.000000,tokyo_run2_seg808,808
0.000000,0.000000,0.000000,0.000000,67.092121,tokyo,93.508196,51.000000,0.000000,0.000000,0.000000,0.000000,19.606816,12.668917,32.276497,0.800000,0.800000,run2,5.000000,tokyo_run2_seg808,808
0.000000,0.000000,0.000000,0.000000,66.998911,tokyo,93.417484,52.000000,0.000000,0.000000,0.000000,0.000000,19.408185,12.336373,32.049509,0.800000,0.800000,run2,5.000000,tokyo_run2_seg808,808
0.000000,0.000000,0.000000,0.000000,67.563715,tokyo,92.933421,53.000000,0.000000,0.000000,0.000000,0.000000,19.876813,12.770932,32.886605,0.800000,0.800000,run2,5.000000,tokyo_run2_seg808,808
0.000000,0.000000,0.000000,0.000000,66.266668,tokyo,92.530362,54.000000,0.000000,0.000000,0.000000,0.000000,20.068298,13.011056,33.220987,0.800000,0.800000,run2,5.000000,tokyo_run2_seg808,808
0.000000,0.000000,0.000000,0.000000,70.255542,tokyo,92.597882,55.000000,0.000000,0.000000,0.000000,0.000000,21.844450,13.114671,46.388796,0.666667,0.666667,run2,6.000000,tokyo_run2_seg808,808
0.000000,0.000000,0.000000,0.000000,68.790773,tokyo,92.634937,56.000000,0.000000,0.000000,0.000000,0.000000,21.768879,12.781744,45.633942,0.666667,0.666667,run2,6.000000,tokyo_run2_seg808,808
0.000000,0.000000,0.000000,0.000000,68.920808,tokyo,92.553427,57.000000,0.000000,0.000000,0.000000,0.000000,21.595307,12.413165,44.982665,0.666667,0.666667,run2,6.000000,tokyo_run2_seg808,808
0.000000,0.000000,0.000000,0.000000,63.831222,tokyo,91.137544,58.000000,0.000000,0.000000,0.000000,0.000000,20.066766,8.535110,43.449536,0.571429,0.571429,run2,7.000000,tokyo_run2_seg808,808
0.000000,0.000000,0.000000,0.000000,62.278313,tokyo,89.491923,59.000000,0.000000,0.000000,0.000000,0.000000,20.308595,10.409502,43.974042,0.714286,0.571429,run2,7.000000,tokyo_run2_seg808,808
0.000000,0.000000,0.000000,0.000000,61.003145,tokyo,88.192305,60.000000,0.000000,0.000000,0.000000,0.000000,20.710470,11.027494,44.274964,0.714286,0.571429,run2,7.000000,tokyo_run2_seg808,808
0.000000,0.000000,0.000000,0.000000,58.979641,tokyo,87.503893,61.000000,0.000000,0.000000,0.000000,0.000000,18.298815,11.524615,32.735639,0.666667,0.666667,run2,6.000000,tokyo_run2_seg808,808
0.000000,0.000000,0.000000,0.000000,62.742265,tokyo,86.364351,62.000000,0.000000,0.000000,0.000000,0.000000,20.944450,11.295416,44.278930,0.714286,0.571429,run2,7.000000,tokyo_run2_seg808,808
0.000000,0.000000,0.000000,0.000000,55.246542,tokyo,85.453439,63.000000,0.000000,0.000000,0.000000,0.000000,20.715218,11.934076,46.253369,0.625000,0.500000,run2,8.000000,tokyo_run2_seg808,808
0.000000,0.000000,0.000000,0.000000,52.240076,tokyo,84.527994,64.000000,0.000000,0.000000,0.000000,0.000000,21.233513,13.207694,47.465424,0.750000,0.625000,run2,8.000000,tokyo_run2_seg808,808
0.000000,0.000000,0.000000,0.000000,53.523410,tokyo,83.584550,65.000000,0.000000,0.000000,0.000000,0.000000,20.794440,11.578196,46.021155,0.750000,0.500000,run2,8.000000,tokyo_run2_seg808,808
0.000000,0.000000,0.000000,0.000000,54.967077,tokyo,83.746507,66.000000,0.000000,0.000000,0.000000,0.000000,21.229807,11.904661,46.636853,0.750000,0.500000,run2,8.000000,tokyo_run2_seg808,808
0.000000,0.000000,0.000000,0.000000,56.340347,tokyo,83.789749,67.000000,0.000000,0.000000,0.000000,0.000000,20.499462,9.795860,45.044370,0.625000,0.500000,run2,8.000000,tokyo_run2_seg808,808
0.000000,0.000000,0.000000,0.000000,55.178926,tokyo,83.394052,68.000000,0.000000,0.000000,0.000000,0.000000,21.190155,11.137078,45.394379,0.750000,0.500000,run2,8.000000,tokyo_run2_seg808,808
0.000000,0.000000,0.000000,0.000000,58.855741,tokyo,82.539493,69.000000,0.000000,0.000000,0.000000,0.000000,24.586295,13.654335,48.503744,0.714286,0.571429,run2,7.000000,tokyo_run2_seg808,808
0.000000,0.000000,0.000000,0.000000,54.840484,tokyo,82.269478,70.000000,0.000000,0.000000,0.000000,0.000000,21.422389,11.019011,45.716017,0.750000,0.500000,run2,8.000000,tokyo_run2_seg808,808
0.000000,0.000000,0.000000,0.000000,51.897108,tokyo,81.050873,71.000000,0.000000,0.000000,0.000000,0.000000,22.442585,13.089622,46.395383,0.750000,0.625000,run2,8.000000,tokyo_run2_seg808,808
0.000000,0.000000,0.000000,0.000000,46.515125,tokyo,79.466980,72.000000,0.000000,0.000000,0.000000,0.000000,39.629286,6.951122,106.619317,0.777778,0.666667,run2,9.000000,tokyo_run2_seg808,808
0.000000,0.000000,0.000000,0.000000,48.423473,tokyo,78.338083,73.000000,0.000000,0.000000,0.000000,0.000000,38.851144,5.674607,105.927065,0.666667,0.666667,run2,9.000000,tokyo_run2_seg808,808
0.000000,0.000000,0.000000,0.000000,46.061483,tokyo,76.741902,74.000000,0.000000,0.000000,0.000000,0.000000,39.626740,7.986066,104.820196,0.777778,0.666667,run2,9.000000,tokyo_run2_seg808,808
0.000000,0.000000,0.000000,0.000000,45.041536,tokyo,74.934044,75.000000,0.000000,0.000000,0.000000,0.000000,39.823815,8.972744,103.101358,0.777778,0.666667,run2,9.000000,tokyo_run2_seg808,808
0.000000,0.000000,0.000000,0.000000,45.989217,tokyo,74.535476,76.000000,0.000000,0.000000,0.000000,0.000000,38.689755,7.248790,103.007196,0.777778,0.666667,run2,9.000000,tokyo_run2_seg808,808
0.000000,0.000000,0.000000,0.000000,52.513676,tokyo,75.148476,77.000000,0.000000,0.000000,0.000000,0.000000,20.177083,10.620986,44.700342,0.750000,0.500000,run2,8.000000,tokyo_run2_seg808,808
0.000000,0.000000,0.000000,0.000000,44.656358,tokyo,74.313521,78.000000,0.000000,0.000000,0.000000,0.000000,38.445744,6.888221,102.617468,0.777778,0.666667,run2,9.000000,tokyo_run2_seg808,808
0.000000,0.000000,0.000000,0.000000,48.585908,tokyo,73.980311,79.000000,0.000000,0.000000,0.000000,0.000000,21.159651,12.742963,45.472221,0.750000,0.625000,run2,8.000000,tokyo_run2_seg808,808
0.000000,0.000000,0.000000,0.000000,50.228013,tokyo,74.337325,80.000000,0.000000,0.000000,0.000000,0.000000,20.745769,12.261587,44.340931,0.750000,0.625000,run2,8.000000,tokyo_run2_seg808,808
0.000000,0.000000,0.000000,0.000000,49.936401,tokyo,74.410061,81.000000,0.000000,0.000000,0.000000,0.000000,21.144006,13.209501,44.885269,0.750000,0.625000,run2,8.000000,tokyo_run2_seg808,808
0.000000,0.000000,0.000000,0.000000,48.790418,tokyo,73.887027,82.000000,0.000000,0.000000,0.000000,0.000000,21.369239,13.874671,45.180443,0.750000,0.625000,run2,8.000000,tokyo_run2_seg808,808
0.000000,0.000000,0.000000,0.000000,50.946877,tokyo,74.615252,83.000000,0.000000,0.000000,0.000000,0.000000,20.794382,13.113161,44.668938,0.750000,0.625000,run2,8.000000,tokyo_run2_seg808,808
0.000000,0.000000,0.000000,0.000000,49.944827,tokyo,74.945184,84.000000,0.000000,0.000000,0.000000,0.000000,20.085161,12.025507,44.687256,0.750000,0.625000,run2,8.000000,tokyo_run2_seg808,808
0.000000,0.000000,0.000000,0.000000,51.890263,tokyo,75.201279,85.000000,0.000000,0.000000,0.000000,0.000000,19.795489,12.499087,44.590483,0.750000,0.500000,run2,8.000000,tokyo_run2_seg808,808
0.000000,0.000000,0.000000,0.000000,49.197845,tokyo,75.423772,86.000000,0.000000,0.000000,0.000000,0.000000,17.273922,10.310149,28.855242,0.857143,0.714286,run2,7.000000,tokyo_run2_seg808,808
0.000000,0.000000,0.000000,0.000000,51.342025,tokyo,75.476890,87.000000,0.000000,0.000000,0.000000,0.000000,18.354606,11.765755,29.895304,0.857143,0.857143,run2,7.000000,tokyo_run2_seg808,808
0.000000,0.000000,0.000000,0.000000,51.890401,tokyo,76.035162,88.000000,0.000000,0.000000,0.000000,0.000000,16.862793,9.703100,28.052234,0.857143,0.714286,run2,7.000000,tokyo_run2_seg808,808
0.000000,0.000000,0.000000,0.000000,51.874950,tokyo,76.110216,89.000000,0.000000,0.000000,0.000000,0.000000,16.669888,9.430675,28.138143,0.857143,0.428571,run2,7.000000,tokyo_run2_seg808,808
0.000000,0.000000,0.000000,0.000000,54.120951,tokyo,76.140137,90.000000,0.000000,0.000000,0.000000,0.000000,19.520757,11.306464,29.279367,0.833333,0.833333,run2,6.000000,tokyo_run2_seg808,808
0.000000,0.000000,0.000000,0.000000,52.224842,tokyo,76.644787,91.000000,0.000000,0.000000,0.000000,0.000000,19.785987,12.599802,46.023651,0.750000,0.500000,run2,8.000000,tokyo_run2_seg808,808
0.000000,0.000000,0.000000,0.000000,55.185802,tokyo,76.729153,92.000000,0.000000,0.000000,0.000000,0.000000,18.764213,9.186147,45.706961,0.625000,0.500000,run2,8.000000,tokyo_run2_seg808,808
0.000000,0.000000,0.000000,0.000000,51.762934,tokyo,76.569156,93.000000,0.000000,0.000000,0.000000,0.000000,19.333977,10.978018,46.423102,0.750000,0.500000,run2,8.000000,tokyo_run2_seg808,808
0.000000,0.000000,0.000000,0.000000,53.759708,tokyo,76.449605,94.000000,0.000000,0.000000,0.000000,0.000000,15.649716,7.715407,27.589364,0.857143,0.571429,run2,7.000000,tokyo_run2_seg808,808
0.000000,0.000000,0.000000,0.000000,52.193868,tokyo,76.589681,95.000000,0.000000,0.000000,0.000000,0.000000,17.869016,10.860493,29.896565,0.857143,0.714286,run2,7.000000,tokyo_run2_seg808,808
0.015625,0.000000,0.000000,0.000000,53.218048,tokyo,76.913039,96.000000,0.015625,0.001953,0.000000,0.000000,20.024767,12.017524,48.040696,0.750000,0.500000,run2,8.000000,tokyo_run2_seg808,808
0.031250,0.000000,0.000000,0.000000,56.815706,tokyo,76.086335,97.000000,0.031250,0.004464,0.000000,0.000000,19.934983,11.202893,49.753763,0.714286,0.571429,run2,7.000000,tokyo_run2_seg808,808
0.000000,0.000000,0.000000,0.000000,57.353847,tokyo,75.876621,98.000000,0.000000,0.000000,0.000000,0.000000,19.579213,11.061016,32.664821,0.800000,0.800000,run2,5.000000,tokyo_run2_seg808,808
0.000000,0.000000,0.000000,0.000000,58.005767,tokyo,75.905592,99.000000,0.000000,0.000000,0.000000,0.000000,22.058461,10.758259,51.058074,0.500000,0.500000,run2,6.000000,tokyo_run2_seg808,808
0.390625,1.000000,0.680000,8.428676,3.512446,tokyo,7.078496,0.000000,0.125000,0.043403,4.000000,2.000000,10.294146,9.143251,33.137179,0.888889,0.555556,run3,9.000000,tokyo_run3_seg774,774
0.187500,1.000000,0.750000,7.441455,1.038909,tokyo,14.511650,1.000000,0.062500,0.020833,2.000000,0.000000,10.455302,8.936050,32.654623,0.777778,0.555556,run3,9.000000,tokyo_run3_seg774,774
0.125000,1.000000,0.625000,9.859427,6.303355,tokyo,22.339764,2.000000,0.046875,0.013889,0.000000,0.000000,11.048694,9.471385,32.871246,0.777778,0.555556,run3,9.000000,tokyo_run3_seg774,774
0.093750,1.000000,0.500000,12.248892,20.808491,tokyo,52.404039,3.000000,0.046875,0.011719,0.000000,0.000000,10.716481,7.459101,30.732928,0.750000,0.500000,run3,8.000000,tokyo_run3_seg774,774
0.078125,1.000000,1.000000,13.366114,21.654709,tokyo,110.704141,4.000000,0.046875,0.009766,0.000000,0.000000,12.490086,9.964671,32.745996,0.750000,0.625000,run3,8.000000,tokyo_run3_seg774,774
0.078125,1.000000,0.600000,12.307936,26.934891,tokyo,118.822203,5.000000,0.031250,0.009766,0.000000,0.000000,11.822755,8.729769,31.401844,0.750000,0.500000,run3,8.000000,tokyo_run3_seg774,774
0.062500,1.000000,1.000000,14.140957,25.855241,tokyo,117.851110,6.000000,0.031250,0.007812,0.000000,0.000000,12.361079,9.985497,32.662062,0.750000,0.625000,run3,8.000000,tokyo_run3_seg774,774
0.062500,1.000000,0.500000,10.794328,26.509542,tokyo,117.259749,7.000000,0.031250,0.007812,0.000000,0.000000,11.070978,6.972119,29.506405,0.750000,0.500000,run3,8.000000,tokyo_run3_seg774,774
0.000000,0.000000,0.000000,0.000000,21.904938,tokyo,116.640454,8.000000,0.000000,0.000000,0.000000,0.000000,13.675469,10.255915,32.020517,0.750000,0.750000,run3,8.000000,tokyo_run3_seg774,774
0.031250,1.000000,1.000000,12.878410,21.609326,tokyo,117.236785,9.000000,0.015625,0.003906,0.000000,0.000000,13.383230,8.744815,30.034490,0.750000,0.625000,run3,8.000000,tokyo_run3_seg774,774
0.000000,0.000000,0.000000,0.000000,21.307675,tokyo,115.871743,10.000000,0.000000,0.000000,0.000000,0.000000,14.767384,11.060619,32.119488,0.750000,0.750000,run3,8.000000,tokyo_run3_seg774,774
0.031250,1.000000,1.000000,12.958417,24.600919,tokyo,115.401700,11.000000,0.031250,0.003906,0.000000,0.000000,15.124944,10.386041,31.068530,0.750000,0.750000,run3,8.000000,tokyo_run3_seg774,774
0.000000,0.000000,0.000000,0.000000,26.679336,tokyo,115.308386,12.000000,0.000000,0.000000,0.000000,0.000000,14.419260,8.614726,30.363961,0.750000,0.750000,run3,8.000000,tokyo_run3_seg774,774
0.000000,0.000000,0.000000,0.000000,25.559677,tokyo,113.949596,13.000000,0.000000,0.000000,0.000000,0.000000,16.141585,10.980876,32.596958,0.750000,0.750000,run3,8.000000,tokyo_run3_seg774,774
0.031250,1.000000,1.000000,12.562430,23.976930,tokyo,112.907606,14.000000,0.015625,0.003906,0.000000,0.000000,15.954102,9.745364,31.789685,0.750000,0.750000,run3,8.000000,tokyo_run3_seg774,774
0.015625,1.000000,1.000000,14.527162,26.541308,tokyo,112.549721,15.000000,0.015625,0.001953,0.000000,0.000000,15.940488,9.355706,32.226144,0.750000,0.750000,run3,8.000000,tokyo_run3_seg774,774
0.000000,0.000000,0.000000,0.000000,28.440452,tokyo,111.190006,16.000000,0.000000,0.000000,0.000000,0.000000,15.568637,8.288995,31.712782,0.750000,0.750000,run3,8.000000,tokyo_run3_seg774,774
0.031250,1.000000,1.000000,14.431906,22.101178,tokyo,109.780093,17.000000,0.015625,0.003906,0.000000,0.000000,17.401512,11.275854,34.794184,0.750000,0.750000,run3,8.000000,tokyo_run3_seg774,774
0.093750,1.000000,1.000000,14.664332,20.341459,tokyo,107.304239,18.000000,0.046875,0.011719,0.000000,0.000000,17.628058,11.268170,34.533939,0.750000,0.750000,run3,8.000000,tokyo_run3_seg774,774
0.062500,1.000000,1.000000,14.822567,18.758152,tokyo,105.023563,19.000000,0.031250,0.007812,0.000000,0.000000,17.694734,10.687924,33.954207,0.750000,0.750000,run3,8.000000,tokyo_run3_seg774,774
0.000000,0.000000,0.000000,0.000000,18.697008,tokyo,104.654304,20.000000,0.000000,0.000000,0.000000,0.000000,17.678750,10.284342,34.470575,0.750000,0.750000,run3,8.000000,tokyo_run3_seg774,774
0.046875,1.000000,1.000000,13.583036,13.212796,tokyo,103.477285,21.000000,0.031250,0.005208,0.000000,0.000000,18.828865,8.759754,35.949836,0.666667,0.666667,run3,9.000000,tokyo_run3_seg774,774
0.046875,1.000000,0.333333,10.993555,19.473386,tokyo,102.201431,22.000000,0.031250,0.005859,0.000000,0.000000,18.170124,9.930928,34.878945,0.750000,0.625000,run3,8.000000,tokyo_run3_seg774,774
0.031250,1.000000,0.000000,3.301150,21.419170,tokyo,100.270183,23.000000,0.031250,0.003906,0.000000,0.000000,17.815098,9.091477,34.187233,0.750000,0.625000,run3,8.000000,tokyo_run3_seg774,774
0.000000,0.000000,0.000000,0.000000,28.524202,tokyo,98.271943,24.000000,0.000000,0.000000,0.000000,0.000000,20.539951,10.815493,35.746512,0.714286,0.714286,run3,7.000000,tokyo_run3_seg774,774
0.000000,0.000000,0.000000,0.000000,20.082332,tokyo,96.586485,25.000000,0.000000,0.000000,0.000000,0.000000,18.940638,10.827277,36.242372,0.750000,0.625000,run3,8.000000,tokyo_run3_seg774,774
0.109375,1.000000,1.000000,5.180984,16.179043,tokyo,95.166572,26.000000,0.109375,0.013672,1.000000,1.000000,20.123852,12.097895,37.789344,0.750000,0.750000,run3,8.000000,tokyo_run3_seg774,774
0.031250,1.000000,0.000000,3.531128,21.205323,tokyo,93.344921,27.000000,0.031250,0.003906,0.000000,0.000000,19.540507,10.297925,35.979795,0.750000,0.625000,run3,8.000000,tokyo_run3_seg774,774
0.078125,1.000000,0.000000,3.882864,20.869725,tokyo,91.604956,28.000000,0.078125,0.009766,1.000000,0.000000,19.649611,10.513350,36.395502,0.750000,0.625000,run3,8.000000,tokyo_run3_seg774,774
0.125000,1.000000,0.000000,1.905473,20.799292,tokyo,90.885521,29.000000,0.125000,0.015625,1.000000,1.000000,19.324758,9.766421,36.231389,0.750000,0.625000,run3,8.000000,tokyo_run3_seg774,774
0.062500,0.000000,0.000000,0.000000,21.473502,tokyo,90.664057,30.000000,0.062500,0.007812,1.000000,0.000000,19.264000,9.056211,36.290557,0.625000,0.625000,run3,8.000000,tokyo_run3_seg774,774
0.109375,0.000000,0.000000,0.000000,22.363468,tokyo,89.818360,31.000000,0.109375,0.013672,1.000000,1.000000,19.408308,9.394415,37.200579,0.625000,0.500000,run3,8.000000,tokyo_run3_seg774,774
0.046875,0.000000,0.000000,0.000000,25.239706,tokyo,88.929167,32.000000,0.046875,0.005859,0.000000,0.000000,19.125718,8.018148,36.174155,0.625000,0.500000,run3,8.000000,tokyo_run3_seg774,774
0.140625,0.111111,0.111111,2.848932,27.170886,tokyo,89.102515,33.000000,0.125000,0.017578,1.000000,1.000000,19.562606,8.563182,37.457189,0.625000,0.500000,run3,8.000000,tokyo_run3_seg774,774
0.140625,0.111111,0.111111,2.588662,32.842121,tokyo,90.334556,34.000000,0.125000,0.017578,1.000000,1.000000,19.739529,6.737511,36.492341,0.625000,0.500000,run3,8.000000,tokyo_run3_seg774,774
0.031250,0.000000,0.000000,0.000000,35.872578,tokyo,90.934896,35.000000,0.031250,0.003906,0.000000,0.000000,20.390191,7.383751,37.918425,0.625000,0.500000,run3,8.000000,tokyo_run3_seg774,774
0.078125,0.000000,0.000000,0.000000,35.761304,tokyo,91.247922,36.000000,0.078125,0.009766,1.000000,0.000000,21.044005,7.393015,38.458653,0.625000,0.500000,run3,8.000000,tokyo_run3_seg774,774
0.031250,0.000000,0.000000,0.000000,38.346830,tokyo,90.721823,37.000000,0.031250,0.003906,0.000000,0.000000,21.477233,6.756929,38.266992,0.625000,0.500000,run3,8.000000,tokyo_run3_seg774,774
0.093750,0.000000,0.000000,0.000000,35.738414,tokyo,91.036570,38.000000,0.093750,0.011719,1.000000,0.000000,22.259163,8.846671,41.140547,0.625000,0.500000,run3,8.000000,tokyo_run3_seg774,774
0.062500,0.000000,0.000000,0.000000,39.852834,tokyo,91.420440,39.000000,0.062500,0.007812,1.000000,0.000000,22.448506,8.444083,41.477258,0.625000,0.500000,run3,8.000000,tokyo_run3_seg774,774
0.015625,0.000000,0.000000,0.000000,37.550254,tokyo,90.762814,40.000000,0.015625,0.001953,0.000000,0.000000,22.815890,8.603418,42.312989,0.625000,0.500000,run3,8.000000,tokyo_run3_seg774,774
0.046875,0.000000,0.000000,0.000000,41.238555,tokyo,90.950181,41.000000,0.046875,0.005859,0.000000,0.000000,23.625386,8.427678,43.381549,0.500000,0.500000,run3,8.000000,tokyo_run3_seg774,774
0.000000,0.000000,0.000000,0.000000,42.217780,tokyo,91.110591,42.000000,0.000000,0.000000,0.000000,0.000000,24.205140,8.781584,44.684245,0.500000,0.500000,run3,8.000000,tokyo_run3_seg774,774
0.000000,0.000000,0.000000,0.000000,42.366297,tokyo,89.935607,43.000000,0.000000,0.000000,0.000000,0.000000,24.352671,7.654597,43.595807,0.500000,0.500000,run3,8.000000,tokyo_run3_seg774,774
0.015625,0.000000,0.000000,0.000000,42.898584,tokyo,90.203701,44.000000,0.015625,0.001953,0.000000,0.000000,24.728461,9.052579,45.696051,0.500000,0.500000,run3,8.000000,tokyo_run3_seg774,774
0.000000,0.000000,0.000000,0.000000,43.436146,tokyo,91.048453,45.000000,0.000000,0.000000,0.000000,0.000000,25.265103,9.889300,47.322351,0.500000,0.500000,run3,8.000000,tokyo_run3_seg774,774
0.000000,0.000000,0.000000,0.000000,54.563042,tokyo,91.052862,46.000000,0.000000,0.000000,0.000000,0.000000,25.364155,10.016263,44.211426,0.571429,0.571429,run3,7.000000,tokyo_run3_seg774,774
0.000000,0.000000,0.000000,0.000000,55.391020,tokyo,91.461052,47.000000,0.000000,0.000000,0.000000,0.000000,26.541927,13.928337,48.981916,0.571429,0.571429,run3,7.000000,tokyo_run3_seg774,774
0.000000,0.000000,0.000000,0.000000,60.935525,tokyo,92.263510,48.000000,0.000000,0.000000,0.000000,0.000000,30.140708,13.788023,47.223081,0.666667,0.666667,run3,6.000000,tokyo_run3_seg774,774
0.000000,0.000000,0.000000,0.000000,58.864028,tokyo,92.547865,49.000000,0.000000,0.000000,0.000000,0.000000,27.243010,11.680914,39.762520,0.600000,0.600000,run3,5.000000,tokyo_run3_seg774,774
0.000000,0.000000,0.000000,0.000000,58.613700,tokyo,93.390310,50.000000,0.000000,0.000000,0.000000,0.000000,27.233934,11.895765,40.094685,0.600000,0.600000,run3,5.000000,tokyo_run3_seg774,774
0.000000,0.000000,0.000000,0.000000,61.953344,tokyo,94.478238,51.000000,0.000000,0.000000,0.000000,0.000000,26.987461,10.219940,38.744493,0.600000,0.600000,run3,5.000000,tokyo_run3_seg774,774
0.000000,0.000000,0.000000,0.000000,65.438875,tokyo,95.932042,52.000000,0.000000,0.000000,0.000000,0.000000,26.301290,8.774225,37.440534,0.600000,0.600000,run3,5.000000,tokyo_run3_seg774,774
0.000000,0.000000,0.000000,0.000000,66.917838,tokyo,96.819395,53.000000,0.000000,0.000000,0.000000,0.000000,26.242171,8.765836,37.681101,0.600000,0.600000,run3,5.000000,tokyo_run3_seg774,774
0.000000,0.000000,0.000000,0.000000,67.038234,tokyo,98.795161,54.000000,0.000000,0.000000,0.000000,0.000000,25.635692,9.110442,37.593972,0.600000,0.600000,run3,5.000000,tokyo_run3_seg774,774
0.000000,0.000000,0.000000,0.000000,74.638358,tokyo,99.848303,55.000000,0.000000,0.000000,0.000000,0.000000,27.536243,8.398091,44.953339,0.666667,0.666667,run3,6.000000,tokyo_run3_seg774,774
0.000000,0.000000,0.000000,0.000000,77.454606,tokyo,100.847991,56.000000,0.000000,0.000000,0.000000,0.000000,26.622082,6.966321,43.794668,0.666667,0.666667,run3,6.000000,tokyo_run3_seg774,774
0.000000,0.000000,0.000000,0.000000,76.567363,tokyo,100.736239,57.000000,0.000000,0.000000,0.000000,0.000000,26.150640,7.054688,42.857964,0.666667,0.666667,run3,6.000000,tokyo_run3_seg774,774
0.000000,0.000000,0.000000,0.000000,73.389254,tokyo,101.230715,58.000000,0.000000,0.000000,0.000000,0.000000,27.047662,9.530699,44.960441,0.666667,0.666667,run3,6.000000,tokyo_run3_seg774,774
0.000000,0.000000,0.000000,0.000000,77.505050,tokyo,101.928132,59.000000,0.000000,0.000000,0.000000,0.000000,26.129937,7.982134,43.245234,0.666667,0.666667,run3,6.000000,tokyo_run3_seg774,774
0.000000,0.000000,0.000000,0.000000,76.569542,tokyo,102.537504,60.000000,0.000000,0.000000,0.000000,0.000000,25.873009,7.714662,42.749466,0.666667,0.666667,run3,6.000000,tokyo_run3_seg774,774
0.000000,0.000000,0.000000,0.000000,68.361396,tokyo,101.416757,61.000000,0.000000,0.000000,0.000000,0.000000,31.480996,2.133952,55.555560,0.571429,0.571429,run3,7.000000,tokyo_run3_seg774,774
0.000000,0.000000,0.000000,0.000000,66.401382,tokyo,100.339867,62.000000,0.000000,0.000000,0.000000,0.000000,32.143568,4.651505,56.108096,0.571429,0.571429,run3,7.000000,tokyo_run3_seg774,774
0.000000,0.000000,0.000000,0.000000,58.129935,tokyo,98.919432,63.000000,0.000000,0.000000,0.000000,0.000000,30.595351,5.541017,55.599289,0.500000,0.500000,run3,8.000000,tokyo_run3_seg774,774
0.000000,0.000000,0.000000,0.000000,55.439540,tokyo,98.414720,64.000000,0.000000,0.000000,0.000000,0.000000,30.599614,7.489784,56.271470,0.500000,0.500000,run3,8.000000,tokyo_run3_seg774,774
0.000000,0.000000,0.000000,0.000000,56.972328,tokyo,97.168172,65.000000,0.000000,0.000000,0.000000,0.000000,30.533497,4.999796,55.375609,0.500000,0.500000,run3,8.000000,tokyo_run3_seg774,774
0.000000,0.000000,0.000000,0.000000,55.610279,tokyo,96.730193,66.000000,0.000000,0.000000,0.000000,0.000000,30.498688,5.715604,55.576065,0.500000,0.500000,run3,8.000000,tokyo_run3_seg774,774
0.000000,0.000000,0.000000,0.000000,54.462790,tokyo,96.421284,67.000000,0.000000,0.000000,0.000000,0.000000,30.370595,8.690885,56.750131,0.500000,0.500000,run3,8.000000,tokyo_run3_seg774,774
0.000000,0.000000,0.000000,0.000000,54.886198,tokyo,95.907587,68.000000,0.000000,0.000000,0.000000,0.000000,30.421894,8.165398,57.293065,0.500000,0.500000,run3,8.000000,tokyo_run3_seg774,774
0.000000,0.000000,0.000000,0.000000,56.726342,tokyo,94.764197,69.000000,0.000000,0.000000,0.000000,0.000000,30.195696,7.760125,56.599078,0.500000,0.500000,run3,8.000000,tokyo_run3_seg774,774
0.000000,0.000000,0.000000,0.000000,64.872333,tokyo,94.763808,70.000000,0.000000,0.000000,0.000000,0.000000,26.199546,8.968245,47.158473,0.571429,0.571429,run3,7.000000,tokyo_run3_seg774,774
0.000000,0.000000,0.000000,0.000000,64.258471,tokyo,94.856813,71.000000,0.000000,0.000000,0.000000,0.000000,26.283775,11.266975,49.187202,0.571429,0.571429,run3,7.000000,tokyo_run3_seg774,774
0.000000,0.000000,0.000000,0.000000,66.515231,tokyo,95.414720,72.000000,0.000000,0.000000,0.000000,0.000000,26.128628,10.102148,47.934756,0.571429,0.571429,run3,7.000000,tokyo_run3_seg774,774
0.000000,0.000000,0.000000,0.000000,68.901490,tokyo,95.711690,73.000000,0.000000,0.000000,0.000000,0.000000,25.186737,7.021855,44.410383,0.571429,0.571429,run3,7.000000,tokyo_run3_seg774,774
0.000000,0.000000,0.000000,0.000000,68.467942,tokyo,95.157020,74.000000,0.000000,0.000000,0.000000,0.000000,25.067172,7.854120,44.986611,0.571429,0.571429,run3,7.000000,tokyo_run3_seg774,774
0.000000,0.000000,0.000000,0.000000,63.393112,tokyo,95.760321,75.000000,0.000000,0.000000,0.000000,0.000000,20.780069,7.955860,37.686229,0.500000,0.500000,run3,6.000000,tokyo_run3_seg774,774
0.000000,0.000000,0.000000,0.000000,67.535205,tokyo,96.205822,76.000000,0.000000,0.000000,0.000000,0.000000,25.025839,9.374515,46.037922,0.571429,0.571429,run3,7.000000,tokyo_run3_seg774,774
0.000000,0.000000,0.000000,0.000000,67.829345,tokyo,95.953005,77.000000,0.000000,0.000000,0.000000,0.000000,24.716893,9.539819,46.140689,0.571429,0.571429,run3,7.000000,tokyo_run3_seg774,774
0.000000,0.000000,0.000000,0.000000,69.118580,tokyo,95.483146,78.000000,0.000000,0.000000,0.000000,0.000000,24.451433,8.538982,45.025147,0.571429,0.571429,run3,7.000000,tokyo_run3_seg774,774
0.000000,0.000000,0.000000,0.000000,62.372624,tokyo,93.633391,79.000000,0.000000,0.000000,0.000000,0.000000,27.923521,5.663423,52.899703,0.500000,0.500000,run3,8.000000,tokyo_run3_seg774,774
0.000000,0.000000,0.000000,0.000000,59.991018,tokyo,92.242141,80.000000,0.000000,0.000000,0.000000,0.000000,27.976953,5.526660,52.734505,0.500000,0.500000,run3,8.000000,tokyo_run3_seg774,774
0.000000,0.000000,0.000000,0.000000,61.193980,tokyo,91.499957,81.000000,0.000000,0.000000,0.000000,0.000000,27.894095,4.093269,51.807334,0.500000,0.500000,run3,8.000000,tokyo_run3_seg774,774
0.000000,0.000000,0.000000,0.000000,65.059121,tokyo,91.450132,82.000000,0.000000,0.000000,0.000000,0.000000,24.677364,9.615528,46.071063,0.571429,0.571429,run3,7.000000,tokyo_run3_seg774,774
0.000000,0.000000,0.000000,0.000000,65.495880,tokyo,91.588557,83.000000,0.000000,0.000000,0.000000,0.000000,24.898666,9.820274,46.712427,0.571429,0.571429,run3,7.000000,tokyo_run3_seg774,774
0.000000,0.000000,0.000000,0.000000,64.797893,tokyo,91.981597,84.000000,0.000000,0.000000,0.000000,0.000000,24.976292,9.009319,46.231914,0.571429,0.571429,run3,7.000000,tokyo_run3_seg774,774
0.000000,0.000000,0.000000,0.000000,65.172881,tokyo,91.696619,85.000000,0.000000,0.000000,0.000000,0.000000,25.219729,8.783288,46.192684,0.571429,0.571429,run3,7.000000,tokyo_run3_seg774,774
0.000000,0.000000,0.000000,0.000000,64.688878,tokyo,91.781666,86.000000,0.000000,0.000000,0.000000,0.000000,25.461410,9.874710,47.301461,0.571429,0.571429,run3,7.000000,tokyo_run3_seg774,774
0.000000,0.000000,0.000000,0.000000,64.521387,tokyo,90.938765,87.000000,0.000000,0.000000,0.000000,0.000000,25.715208,11.421125,48.726466,0.571429,0.571429,run3,7.000000,tokyo_run3_seg774,774
0.000000,0.000000,0.000000,0.000000,65.831111,tokyo,90.228558,88.000000,0.000000,0.000000,0.000000,0.000000,25.378082,9.339351,46.536102,0.571429,0.571429,run3,7.000000,tokyo_run3_seg774,774
0.000000,0.000000,0.000000,0.000000,64.986701,tokyo,89.798628,89.000000,0.000000,0.000000,0.000000,0.000000,25.276617,10.054146,47.712662,0.571429,0.571429,run3,7.000000,tokyo_run3_seg774,774
0.000000,0.000000,0.000000,0.000000,63.059693,tokyo,89.003278,90.000000,0.000000,0.000000,0.000000,0.000000,25.278822,11.065203,48.455577,0.571429,0.571429,run3,7.000000,tokyo_run3_seg774,774
0.000000,0.000000,0.000000,0.000000,61.637607,tokyo,88.350136,91.000000,0.000000,0.000000,0.000000,0.000000,25.198894,12.726000,49.816088,0.571429,0.571429,run3,7.000000,tokyo_run3_seg774,774
0.000000,0.000000,0.000000,0.000000,63.607501,tokyo,87.860443,92.000000,0.000000,0.000000,0.000000,0.000000,25.014723,10.315764,47.399456,0.571429,0.571429,run3,7.000000,tokyo_run3_seg774,774
0.000000,0.000000,0.000000,0.000000,63.747912,tokyo,86.653985,93.000000,0.000000,0.000000,0.000000,0.000000,24.171817,10.155557,43.026373,0.666667,0.666667,run3,6.000000,tokyo_run3_seg774,774
0.000000,0.000000,0.000000,0.000000,61.540521,tokyo,85.296255,94.000000,0.000000,0.000000,0.000000,0.000000,23.919172,10.696191,42.879296,0.666667,0.666667,run3,6.000000,tokyo_run3_seg774,774
0.000000,0.000000,0.000000,0.000000,61.463358,tokyo,84.469619,95.000000,0.000000,0.000000,0.000000,0.000000,23.873711,11.479513,43.248787,0.666667,0.666667,run3,6.000000,tokyo_run3_seg774,774
0.000000,0.000000,0.000000,0.000000,59.311853,tokyo,83.231951,96.000000,0.000000,0.000000,0.000000,0.000000,23.624799,11.846788,43.521448,0.666667,0.666667,run3,6.000000,tokyo_run3_seg774,774
0.000000,0.000000,0.000000,0.000000,57.842553,tokyo,82.055266,97.000000,0.000000,0.000000,0.000000,0.000000,19.049290,7.620876,35.086652,0.500000,0.500000,run3,6.000000,tokyo_run3_seg774,774
0.000000,0.000000,0.000000,0.000000,60.910354,tokyo,81.088018,98.000000,0.000000,0.000000,0.000000,0.000000,23.318904,9.621996,45.092168,0.571429,0.571429,run3,7.000000,tokyo_run3_seg774,774
0.000000,0.000000,0.000000,0.000000,52.340857,tokyo,78.392219,99.000000,0.000000,0.000000,0.000000,0.000000,24.923762,8.333315,45.199273,0.571429,0.571429,run3,7.000000,tokyo_run3_seg774,774
0.578125,0.729730,0.729730,14.563774,5.486231,nagoya,17.598761,0.000000,0.093750,0.082589,7.000000,0.000000,20.023977,9.857899,34.776998,0.714286,0.714286,run2,7.000000,nagoya_run2_seg983,983
0.343750,0.409091,0.409091,9.084826,34.797976,nagoya,64.015474,1.000000,0.125000,0.049107,1.000000,1.000000,18.881500,8.189000,35.092534,0.571429,0.571429,run2,7.000000,nagoya_run2_seg983,983
0.312500,0.750000,0.350000,8.216463,49.840520,nagoya,69.544059,2.000000,0.125000,0.044643,1.000000,1.000000,18.897127,10.013646,36.668347,0.714286,0.571429,run2,7.000000,nagoya_run2_seg983,983
0.265625,0.705882,0.411765,9.686741,47.365532,nagoya,69.114821,3.000000,0.078125,0.037946,2.000000,0.000000,18.787520,9.353754,35.709405,0.714286,0.571429,run2,7.000000,nagoya_run2_seg983,983
0.125000,0.750000,0.500000,13.361337,46.320664,nagoya,66.352339,4.000000,0.031250,0.017857,0.000000,0.000000,19.152649,10.158964,36.034649,0.714286,0.571429,run2,7.000000,nagoya_run2_seg983,983
0.031250,0.500000,0.000000,2.195457,43.646511,nagoya,63.420330,5.000000,0.015625,0.004464,0.000000,0.000000,18.504885,8.486313,34.116556,0.714286,0.571429,run2,7.000000,nagoya_run2_seg983,983
0.000000,0.000000,0.000000,0.000000,41.759089,nagoya,62.150166,6.000000,0.000000,0.000000,0.000000,0.000000,19.604334,10.963864,36.613707,0.714286,0.714286,run2,7.000000,nagoya_run2_seg983,983
0.140625,0.666667,0.222222,8.903037,43.196096,nagoya,61.902134,7.000000,0.062500,0.020089,1.000000,0.000000,18.206953,7.911845,33.508327,0.714286,0.571429,run2,7.000000,nagoya_run2_seg983,983
0.031250,0.500000,0.500000,3.244468,39.490221,nagoya,59.619821,8.000000,0.015625,0.004464,0.000000,0.000000,19.219666,10.418121,35.776048,0.714286,0.714286,run2,7.000000,nagoya_run2_seg983,983
0.125000,0.750000,0.750000,13.058403,41.540714,nagoya,60.720205,9.000000,0.031250,0.017857,0.000000,0.000000,18.784028,9.429665,34.998479,0.714286,0.714286,run2,7.000000,nagoya_run2_seg983,983
0.234375,0.733333,0.733333,13.960261,35.276545,nagoya,58.779085,10.000000,0.046875,0.033482,0.000000,0.000000,19.047508,9.945229,35.126786,0.714286,0.714286,run2,7.000000,nagoya_run2_seg983,983
0.046875,0.666667,0.666667,5.305934,38.169700,nagoya,57.999174,11.000000,0.031250,0.006696,0.000000,0.000000,19.396313,10.424071,35.079278,0.714286,0.714286,run2,7.000000,nagoya_run2_seg983,983
0.015625,1.000000,1.000000,8.094270,37.483712,nagoya,58.195894,12.000000,0.015625,0.002232,0.000000,0.000000,19.072408,9.364850,33.721898,0.714286,0.714286,run2,7.000000,nagoya_run2_seg983,983
0.031250,1.000000,1.000000,9.333830,34.612860,nagoya,57.013492,13.000000,0.031250,0.004464,0.000000,0.000000,19.507801,10.389672,34.750413,0.714286,0.714286,run2,7.000000,nagoya_run2_seg983,983
0.031250,1.000000,1.000000,10.208825,35.921631,nagoya,56.591169,14.000000,0.031250,0.004464,0.000000,0.000000,19.765138,10.753648,34.776835,0.714286,0.714286,run2,7.000000,nagoya_run2_seg983,983
0.000000,0.000000,0.000000,0.000000,32.423663,nagoya,53.988932,15.000000,0.000000,0.000000,0.000000,0.000000,21.620970,11.542351,35.399134,0.666667,0.666667,run2,6.000000,nagoya_run2_seg983,983
0.000000,0.000000,0.000000,0.000000,34.167381,nagoya,53.944945,16.000000,0.000000,0.000000,0.000000,0.000000,21.461226,10.687626,34.133162,0.666667,0.666667,run2,6.000000,nagoya_run2_seg983,983
0.000000,0.000000,0.000000,0.000000,33.313013,nagoya,52.162320,17.000000,0.000000,0.000000,0.000000,0.000000,21.448518,10.579510,33.958098,0.666667,0.666667,run2,6.000000,nagoya_run2_seg983,983
0.000000,0.000000,0.000000,0.000000,30.383877,nagoya,51.340506,18.000000,0.000000,0.000000,0.000000,0.000000,21.752001,11.818430,35.314498,0.666667,0.666667,run2,6.000000,nagoya_run2_seg983,983
0.000000,0.000000,0.000000,0.000000,36.424167,nagoya,52.117123,19.000000,0.000000,0.000000,0.000000,0.000000,22.749802,12.068565,31.864059,0.800000,0.800000,run2,5.000000,nagoya_run2_seg983,983
0.000000,0.000000,0.000000,0.000000,36.719082,nagoya,53.513623,20.000000,0.000000,0.000000,0.000000,0.000000,23.191866,13.189134,32.642237,0.800000,0.800000,run2,5.000000,nagoya_run2_seg983,983
0.000000,0.000000,0.000000,0.000000,39.862484,nagoya,55.398159,21.000000,0.000000,0.000000,0.000000,0.000000,20.903002,9.801533,29.411367,0.800000,0.600000,run2,5.000000,nagoya_run2_seg983,983
0.000000,0.000000,0.000000,0.000000,42.305141,nagoya,57.453206,22.000000,0.000000,0.000000,0.000000,0.000000,21.092123,10.403730,29.748768,0.800000,0.600000,run2,5.000000,nagoya_run2_seg983,983
0.000000,0.000000,0.000000,0.000000,39.316831,nagoya,59.643017,23.000000,0.000000,0.000000,0.000000,0.000000,21.267141,11.125503,29.668433,0.800000,0.600000,run2,5.000000,nagoya_run2_seg983,983
0.000000,0.000000,0.000000,0.000000,36.489010,nagoya,59.135512,24.000000,0.000000,0.000000,0.000000,0.000000,21.976704,10.656520,32.755318,0.666667,0.666667,run2,6.000000,nagoya_run2_seg983,983
0.000000,0.000000,0.000000,0.000000,31.403947,nagoya,57.149676,25.000000,0.000000,0.000000,0.000000,0.000000,22.674009,12.450763,34.038877,0.666667,0.666667,run2,6.000000,nagoya_run2_seg983,983
0.000000,0.000000,0.000000,0.000000,32.432139,nagoya,57.556382,26.000000,0.000000,0.000000,0.000000,0.000000,22.919331,13.237163,34.935273,0.666667,0.666667,run2,6.000000,nagoya_run2_seg983,983
0.000000,0.000000,0.000000,0.000000,33.736572,nagoya,57.469422,27.000000,0.000000,0.000000,0.000000,0.000000,22.181092,10.888904,32.691051,0.666667,0.666667,run2,6.000000,nagoya_run2_seg983,983
0.000000,0.000000,0.000000,0.000000,31.256844,nagoya,57.419976,28.000000,0.000000,0.000000,0.000000,0.000000,22.507368,11.535317,32.973391,0.666667,0.666667,run2,6.000000,nagoya_run2_seg983,983
0.000000,0.000000,0.000000,0.000000,30.284946,nagoya,56.689360,29.000000,0.000000,0.000000,0.000000,0.000000,22.826614,12.357091,33.806946,0.666667,0.666667,run2,6.000000,nagoya_run2_seg983,983
0.000000,0.000000,0.000000,0.000000,30.248004,nagoya,55.590013,30.000000,0.000000,0.000000,0.000000,0.000000,22.595641,11.445665,32.886637,0.666667,0.666667,run2,6.000000,nagoya_run2_seg983,983
0.000000,0.000000,0.000000,0.000000,30.405661,nagoya,55.933647,31.000000,0.000000,0.000000,0.000000,0.000000,22.897897,12.145204,33.569931,0.666667,0.666667,run2,6.000000,nagoya_run2_seg983,983
0.000000,0.000000,0.000000,0.000000,32.015221,nagoya,56.161520,32.000000,0.000000,0.000000,0.000000,0.000000,22.780342,11.470746,32.963842,0.666667,0.666667,run2,6.000000,nagoya_run2_seg983,983
0.000000,0.000000,0.000000,0.000000,28.427150,nagoya,56.745303,33.000000,0.000000,0.000000,0.000000,0.000000,21.601975,10.601867,35.866360,0.600000,0.600000,run2,5.000000,nagoya_run2_seg983,983
0.000000,0.000000,0.000000,0.000000,28.500632,nagoya,57.590924,34.000000,0.000000,0.000000,0.000000,0.000000,21.688183,10.669227,35.940043,0.600000,0.600000,run2,5.000000,nagoya_run2_seg983,983
0.000000,0.000000,0.000000,0.000000,28.965436,nagoya,57.936706,35.000000,0.000000,0.000000,0.000000,0.000000,21.971207,11.828234,37.015201,0.600000,0.600000,run2,5.000000,nagoya_run2_seg983,983
0.000000,0.000000,0.000000,0.000000,29.006050,nagoya,57.731316,36.000000,0.000000,0.000000,0.000000,0.000000,21.646697,10.203432,35.431337,0.600000,0.600000,run2,5.000000,nagoya_run2_seg983,983
0.000000,0.000000,0.000000,0.000000,30.184872,nagoya,57.181377,37.000000,0.000000,0.000000,0.000000,0.000000,21.777862,10.766867,35.883704,0.600000,0.600000,run2,5.000000,nagoya_run2_seg983,983
0.000000,0.000000,0.000000,0.000000,26.882203,nagoya,56.589318,38.000000,0.000000,0.000000,0.000000,0.000000,22.080480,12.225304,37.279302,0.600000,0.600000,run2,5.000000,nagoya_run2_seg983,983
0.000000,0.000000,0.000000,0.000000,30.982342,nagoya,55.037694,39.000000,0.000000,0.000000,0.000000,0.000000,21.763223,10.645701,35.458130,0.600000,0.600000,run2,5.000000,nagoya_run2_seg983,983
0.000000,0.000000,0.000000,0.000000,31.149544,nagoya,54.002350,40.000000,0.000000,0.000000,0.000000,0.000000,21.421409,8.875860,33.641695,0.600000,0.600000,run2,5.000000,nagoya_run2_seg983,983
0.000000,0.000000,0.000000,0.000000,29.887273,nagoya,53.076361,41.000000,0.000000,0.000000,0.000000,0.000000,21.752139,10.597899,35.248318,0.600000,0.600000,run2,5.000000,nagoya_run2_seg983,983
0.000000,0.000000,0.000000,0.000000,31.857127,nagoya,52.677166,42.000000,0.000000,0.000000,0.000000,0.000000,21.563262,9.859148,34.320343,0.600000,0.600000,run2,5.000000,nagoya_run2_seg983,983
0.000000,0.000000,0.000000,0.000000,32.196575,nagoya,51.812588,43.000000,0.000000,0.000000,0.000000,0.000000,21.647375,10.494574,34.750266,0.600000,0.600000,run2,5.000000,nagoya_run2_seg983,983
0.000000,0.000000,0.000000,0.000000,32.663711,nagoya,49.976675,44.000000,0.000000,0.000000,0.000000,0.000000,21.453119,9.795307,33.832958,0.600000,0.600000,run2,5.000000,nagoya_run2_seg983,983
0.000000,0.000000,0.000000,0.000000,31.521036,nagoya,49.325051,45.000000,0.000000,0.000000,0.000000,0.000000,21.713523,10.921756,34.937805,0.600000,0.600000,run2,5.000000,nagoya_run2_seg983,983
0.000000,0.000000,0.000000,0.000000,33.596369,nagoya,49.455008,46.000000,0.000000,0.000000,0.000000,0.000000,21.558641,10.132104,33.839087,0.600000,0.600000,run2,5.000000,nagoya_run2_seg983,983
0.000000,0.000000,0.000000,0.000000,35.438879,nagoya,49.511975,47.000000,0.000000,0.000000,0.000000,0.000000,21.553113,10.044413,33.674943,0.600000,0.600000,run2,5.000000,nagoya_run2_seg983,983
0.000000,0.000000,0.000000,0.000000,36.483049,nagoya,51.009055,48.000000,0.000000,0.000000,0.000000,0.000000,21.473596,9.485011,33.208509,0.600000,0.600000,run2,5.000000,nagoya_run2_seg983,983
0.000000,0.000000,0.000000,0.000000,38.788083,nagoya,52.340673,49.000000,0.000000,0.000000,0.000000,0.000000,21.698935,10.775851,34.497375,0.600000,0.600000,run2,5.000000,nagoya_run2_seg983,983
0.000000,0.000000,0.000000,0.000000,40.310459,nagoya,53.987219,50.000000,0.000000,0.000000,0.000000,0.000000,21.420783,9.451610,33.121617,0.600000,0.600000,run2,5.000000,nagoya_run2_seg983,983
0.000000,0.000000,0.000000,0.000000,39.375555,nagoya,54.933528,51.000000,0.000000,0.000000,0.000000,0.000000,21.206721,8.454010,32.043229,0.600000,0.600000,run2,5.000000,nagoya_run2_seg983,983
0.000000,0.000000,0.000000,0.000000,38.608921,nagoya,55.579829,52.000000,0.000000,0.000000,0.000000,0.000000,21.387885,9.416562,32.937471,0.600000,0.600000,run2,5.000000,nagoya_run2_seg983,983
0.000000,0.000000,0.000000,0.000000,41.023929,nagoya,56.863281,53.000000,0.000000,0.000000,0.000000,0.000000,21.694788,10.886311,34.554128,0.600000,0.600000,run2,5.000000,nagoya_run2_seg983,983
0.000000,0.000000,0.000000,0.000000,42.212463,nagoya,57.599849,54.000000,0.000000,0.000000,0.000000,0.000000,21.538957,10.108611,33.757908,0.600000,0.600000,run2,5.000000,nagoya_run2_seg983,983
0.000000,0.000000,0.000000,0.000000,41.905245,nagoya,58.657156,55.000000,0.000000,0.000000,0.000000,0.000000,21.542573,9.867404,33.447290,0.600000,0.600000,run2,5.000000,nagoya_run2_seg983,983
0.000000,0.000000,0.000000,0.000000,42.256340,nagoya,58.415062,56.000000,0.000000,0.000000,0.000000,0.000000,21.519892,9.661161,33.016337,0.600000,0.600000,run2,5.000000,nagoya_run2_seg983,983
0.000000,0.000000,0.000000,0.000000,37.386551,nagoya,59.668148,57.000000,0.000000,0.000000,0.000000,0.000000,29.295890,14.593768,63.308954,0.666667,0.666667,run2,6.000000,nagoya_run2_seg983,983
0.046875,0.000000,0.000000,0.000000,36.187320,nagoya,60.268416,58.000000,0.046875,0.007812,0.000000,0.000000,29.375841,15.739365,62.879386,0.666667,0.666667,run2,6.000000,nagoya_run2_seg983,983
0.015625,0.000000,0.000000,0.000000,39.931370,nagoya,60.926796,59.000000,0.015625,0.002604,0.000000,0.000000,28.424997,13.698564,59.395081,0.666667,0.666667,run2,6.000000,nagoya_run2_seg983,983
0.015625,0.000000,0.000000,0.000000,38.006778,nagoya,60.196716,60.000000,0.015625,0.002604,0.000000,0.000000,29.061133,16.213728,60.834615,0.666667,0.666667,run2,6.000000,nagoya_run2_seg983,983
0.000000,0.000000,0.000000,0.000000,38.439258,nagoya,59.623018,61.000000,0.000000,0.000000,0.000000,0.000000,28.594431,15.221300,59.157631,0.666667,0.666667,run2,6.000000,nagoya_run2_seg983,983
0.000000,0.000000,0.000000,0.000000,41.299239,nagoya,59.026471,62.000000,0.000000,0.000000,0.000000,0.000000,28.123704,14.671265,57.136233,0.666667,0.666667,run2,6.000000,nagoya_run2_seg983,983
0.015625,0.000000,0.000000,0.000000,38.011790,nagoya,57.167675,63.000000,0.015625,0.002604,0.000000,0.000000,28.248628,15.647054,57.067756,0.666667,0.666667,run2,6.000000,nagoya_run2_seg983,983
0.015625,0.000000,0.000000,0.000000,39.473579,nagoya,56.860311,64.000000,0.015625,0.002604,0.000000,0.000000,27.831084,15.353430,55.164489,0.666667,0.666667,run2,6.000000,nagoya_run2_seg983,983
0.000000,0.000000,0.000000,0.000000,38.654983,nagoya,56.179081,65.000000,0.000000,0.000000,0.000000,0.000000,27.397331,14.263440,53.654486,0.666667,0.666667,run2,6.000000,nagoya_run2_seg983,983
0.000000,0.000000,0.000000,0.000000,39.163094,nagoya,56.275673,66.000000,0.000000,0.000000,0.000000,0.000000,27.296831,14.398943,53.003546,0.666667,0.666667,run2,6.000000,nagoya_run2_seg983,983
0.000000,0.000000,0.000000,0.000000,38.825262,nagoya,57.641107,67.000000,0.000000,0.000000,0.000000,0.000000,26.933773,14.075876,51.438996,0.666667,0.666667,run2,6.000000,nagoya_run2_seg983,983
0.000000,0.000000,0.000000,0.000000,41.146574,nagoya,58.889536,68.000000,0.000000,0.000000,0.000000,0.000000,26.546648,13.197880,50.037179,0.666667,0.666667,run2,6.000000,nagoya_run2_seg983,983
0.000000,0.000000,0.000000,0.000000,37.310699,nagoya,60.082746,69.000000,0.000000,0.000000,0.000000,0.000000,27.084922,15.392839,51.208662,0.666667,0.666667,run2,6.000000,nagoya_run2_seg983,983
0.000000,0.000000,0.000000,0.000000,40.430692,nagoya,62.209129,70.000000,0.000000,0.000000,0.000000,0.000000,26.398237,13.298888,49.082211,0.666667,0.666667,run2,6.000000,nagoya_run2_seg983,983
0.000000,0.000000,0.000000,0.000000,39.538130,nagoya,64.154845,71.000000,0.000000,0.000000,0.000000,0.000000,26.679090,14.451331,49.641247,0.666667,0.666667,run2,6.000000,nagoya_run2_seg983,983
0.000000,0.000000,0.000000,0.000000,39.768079,nagoya,64.761321,72.000000,0.000000,0.000000,0.000000,0.000000,26.746681,14.881941,49.714234,0.666667,0.666667,run2,6.000000,nagoya_run2_seg983,983
0.000000,0.000000,0.000000,0.000000,41.240203,nagoya,65.584304,73.000000,0.000000,0.000000,0.000000,0.000000,26.170666,13.317406,47.828946,0.666667,0.500000,run2,6.000000,nagoya_run2_seg983,983
0.000000,0.000000,0.000000,0.000000,42.557540,nagoya,65.972218,74.000000,0.000000,0.000000,0.000000,0.000000,26.208795,13.700353,47.666694,0.666667,0.666667,run2,6.000000,nagoya_run2_seg983,983
0.000000,0.000000,0.000000,0.000000,41.890521,nagoya,66.530720,75.000000,0.000000,0.000000,0.000000,0.000000,26.105361,13.538855,47.112625,0.666667,0.666667,run2,6.000000,nagoya_run2_seg983,983
0.000000,0.000000,0.000000,0.000000,42.493279,nagoya,66.739634,76.000000,0.000000,0.000000,0.000000,0.000000,26.274411,14.192525,47.521423,0.666667,0.666667,run2,6.000000,nagoya_run2_seg983,983
0.000000,0.000000,0.000000,0.000000,44.920297,nagoya,67.909890,77.000000,0.000000,0.000000,0.000000,0.000000,25.240779,11.310596,44.081163,0.666667,0.500000,run2,6.000000,nagoya_run2_seg983,983
0.000000,0.000000,0.000000,0.000000,40.893547,nagoya,67.997546,78.000000,0.000000,0.000000,0.000000,0.000000,26.311526,14.537423,47.229365,0.666667,0.666667,run2,6.000000,nagoya_run2_seg983,983
0.000000,0.000000,0.000000,0.000000,42.808805,nagoya,68.175098,79.000000,0.000000,0.000000,0.000000,0.000000,25.961046,14.176509,45.771142,0.666667,0.666667,run2,6.000000,nagoya_run2_seg983,983
0.000000,0.000000,0.000000,0.000000,42.417996,nagoya,69.300512,80.000000,0.000000,0.000000,0.000000,0.000000,26.019700,14.426365,45.742738,0.666667,0.666667,run2,6.000000,nagoya_run2_seg983,983
0.000000,0.000000,0.000000,0.000000,43.507062,nagoya,69.109189,81.000000,0.000000,0.000000,0.000000,0.000000,25.535224,13.274212,44.110780,0.666667,0.666667,run2,6.000000,nagoya_run2_seg983,983
0.000000,0.000000,0.000000,0.000000,46.369017,nagoya,70.575201,82.000000,0.000000,0.000000,0.000000,0.000000,25.046388,11.673190,42.639850,0.666667,0.500000,run2,6.000000,nagoya_run2_seg983,983
0.000000,0.000000,0.000000,0.000000,44.216794,nagoya,69.722380,83.000000,0.000000,0.000000,0.000000,0.000000,25.304360,12.554113,43.333985,0.666667,0.500000,run2,6.000000,nagoya_run2_seg983,983
0.000000,0.000000,0.000000,0.000000,46.221886,nagoya,69.950429,84.000000,0.000000,0.000000,0.000000,0.000000,27.275503,13.583450,46.267505,0.571429,0.571429,run2,7.000000,nagoya_run2_seg983,983
0.000000,0.000000,0.000000,0.000000,45.379865,nagoya,70.369107,85.000000,0.000000,0.000000,0.000000,0.000000,27.798058,15.399140,47.546200,0.714286,0.571429,run2,7.000000,nagoya_run2_seg983,983
0.000000,0.000000,0.000000,0.000000,49.829730,nagoya,70.449809,86.000000,0.000000,0.000000,0.000000,0.000000,26.786019,12.020381,43.782109,0.571429,0.571429,run2,7.000000,nagoya_run2_seg983,983
0.000000,0.000000,0.000000,0.000000,48.226847,nagoya,70.508058,87.000000,0.000000,0.000000,0.000000,0.000000,27.018762,14.420641,45.324125,0.714286,0.571429,run2,7.000000,nagoya_run2_seg983,983
0.000000,0.000000,0.000000,0.000000,46.514690,nagoya,71.151669,88.000000,0.000000,0.000000,0.000000,0.000000,27.366201,15.422048,46.126879,0.714286,0.571429,run2,7.000000,nagoya_run2_seg983,983
0.000000,0.000000,0.000000,0.000000,48.806730,nagoya,71.013952,89.000000,0.000000,0.000000,0.000000,0.000000,26.688369,13.460940,44.368887,0.571429,0.571429,run2,7.000000,nagoya_run2_seg983,983
0.000000,0.000000,0.000000,0.000000,46.782400,nagoya,70.802151,90.000000,0.000000,0.000000,0.000000,0.000000,26.806639,14.390112,44.825007,0.714286,0.571429,run2,7.000000,nagoya_run2_seg983,983
0.000000,0.000000,0.000000,0.000000,46.400966,nagoya,70.204396,91.000000,0.000000,0.000000,0.000000,0.000000,26.570827,13.768744,43.911624,0.571429,0.571429,run2,7.000000,nagoya_run2_seg983,983
0.000000,0.000000,0.000000,0.000000,43.840424,nagoya,70.375950,92.000000,0.000000,0.000000,0.000000,0.000000,27.387619,16.041970,45.991414,0.714286,0.571429,run2,7.000000,nagoya_run2_seg983,983
0.000000,0.000000,0.000000,0.000000,45.199292,nagoya,70.007182,93.000000,0.000000,0.000000,0.000000,0.000000,26.501834,14.442109,43.559058,0.714286,0.571429,run2,7.000000,nagoya_run2_seg983,983
0.000000,0.000000,0.000000,0.000000,46.704988,nagoya,69.731769,94.000000,0.000000,0.000000,0.000000,0.000000,26.148752,12.689750,41.315101,0.571429,0.571429,run2,7.000000,nagoya_run2_seg983,983
0.000000,0.000000,0.000000,0.000000,48.276499,nagoya,69.665764,95.000000,0.000000,0.000000,0.000000,0.000000,25.997858,13.330470,41.829980,0.571429,0.571429,run2,7.000000,nagoya_run2_seg983,983
0.000000,0.000000,0.000000,0.000000,44.473562,nagoya,69.132984,96.000000,0.000000,0.000000,0.000000,0.000000,26.467623,14.894897,43.545082,0.714286,0.571429,run2,7.000000,nagoya_run2_seg983,983
0.000000,0.000000,0.000000,0.000000,47.762576,nagoya,69.509567,97.000000,0.000000,0.000000,0.000000,0.000000,25.967329,13.951717,42.546528,0.571429,0.571429,run2,7.000000,nagoya_run2_seg983,983
0.000000,0.000000,0.000000,0.000000,44.402231,nagoya,69.456963,98.000000,0.000000,0.000000,0.000000,0.000000,26.521249,15.404990,44.071093,0.714286,0.571429,run2,7.000000,nagoya_run2_seg983,983
0.000000,0.000000,0.000000,0.000000,48.783479,nagoya,68.779332,99.000000,0.000000,0.000000,0.000000,0.000000,25.407370,10.995205,39.639044,0.571429,0.571429,run2,7.000000,nagoya_run2_seg983,983
