city,run,config,systems,weight_scale,segment_id,start_index,end_index,start_time,end_time,n_epochs,duration_s,mean_error_2d,max_error_2d
nagoya,run1,"G,E","G,E",-,0,1069,1069,550593.799999,550593.799999,1,0.000000,354.794530,354.794530
nagoya,run1,"G,E","G,E",-,1,1089,1090,550612.600000,550612.799999,2,0.199999,132.208055,155.467949
nagoya,run1,"G,E","G,E",-,2,1111,1114,550618.399999,550619.000000,4,0.600001,145.849615,183.271659
nagoya,run1,"G,E","G,E",-,3,1141,1142,550624.400000,550624.599999,2,0.199999,121.915122,122.049774
nagoya,run1,"G,E","G,E",-,4,1153,1153,550626.799999,550626.799999,1,0.000000,120.572921,120.572921
nagoya,run1,"G,E","G,E",-,5,1157,1157,550627.599999,550627.599999,1,0.000000,103.199404,103.199404
nagoya,run1,"G,E","G,E",-,6,1192,1193,550634.599999,550634.800000,2,0.200001,143.774588,172.797117
nagoya,run1,"G,E","G,E",-,7,1200,1202,550636.199999,550636.600000,3,0.400001,183.134197,185.446393
nagoya,run1,"G,E","G,E",-,8,1209,1209,550638.000000,550638.000000,1,0.000000,101.366351,101.366351
nagoya,run1,"G,E","G,E",-,9,1212,1215,550638.600000,550639.199999,4,0.599999,105.945280,108.985124
nagoya,run1,"G,E","G,E",-,10,1234,1236,550643.000000,550643.399999,3,0.399999,101.328384,102.161568
nagoya,run1,"G,E","G,E",-,11,1239,1247,550644.000000,550645.600000,9,1.600000,2372.072146,20124.716802
nagoya,run1,"G,E","G,E",-,12,1248,1249,550647.199999,550647.399999,2,0.200000,131.626541,159.912785
nagoya,run1,"G,E","G,E",-,13,1252,1256,550648.000000,550648.800000,5,0.800000,108.432647,122.096390
nagoya,run1,"G,E","G,E",-,14,1652,1662,550728.000000,550730.000000,11,2.000000,120.225616,135.218450
nagoya,run1,"G,E","G,E",-,15,1669,1669,550731.399999,550731.399999,1,0.000000,104.922626,104.922626
nagoya,run1,"G,E","G,E",-,16,1698,1698,550737.200000,550737.200000,1,0.000000,119.593760,119.593760
nagoya,run1,"G,E","G,E",-,17,1700,1704,550737.600000,550738.399999,5,0.799999,114.914582,116.011044
nagoya,run1,"G,E","G,E",-,18,1708,1708,550739.200000,550739.200000,1,0.000000,126.543660,126.543660
nagoya,run1,"G,E","G,E",-,19,1724,1732,550742.399999,550744.000000,9,1.600001,111.954018,115.053380
nagoya,run1,"G,E","G,E",-,20,1735,1746,550744.599999,550746.799999,12,2.200000,123.890284,141.999799
nagoya,run1,"G,E","G,E",-,21,1748,1748,550747.200000,550747.200000,1,0.000000,118.887199,118.887199
nagoya,run1,"G,E","G,E",-,22,1750,1750,550747.599999,550747.599999,1,0.000000,140.387277,140.387277
nagoya,run1,"G,E","G,E",-,23,1754,1754,550748.400000,550748.400000,1,0.000000,119.349836,119.349836
nagoya,run1,"G,E","G,E",-,24,1756,1760,550748.800000,550749.599999,5,0.799999,136.022268,143.813733
nagoya,run1,"G,E","G,E",-,25,1766,1769,550750.800000,550751.400000,4,0.600000,106.012244,106.736946
nagoya,run1,"G,E","G,E",-,26,1857,1865,550769.000000,550770.600000,9,1.600000,104.700720,105.572115
nagoya,run1,"G,E","G,E",-,27,1885,1889,550774.600000,550775.399999,5,0.799999,100.532794,100.885467
nagoya,run1,"G,E","G,E",-,28,1895,1908,550776.600000,550779.200000,14,2.600000,101.620627,101.789292
nagoya,run1,"G,E","G,E",-,29,1913,1915,550780.200000,550780.600000,3,0.400000,101.810210,101.899712
nagoya,run1,"G,E","G,E",-,30,1917,1917,550781.000000,550781.000000,1,0.000000,101.827686,101.827686
nagoya,run1,"G,E","G,E",-,31,1919,1921,550781.399999,550781.799999,3,0.400000,101.990458,102.035442
nagoya,run1,"G,E","G,E",-,32,1985,1992,550794.600000,550796.000000,8,1.400000,101.436303,101.513555
nagoya,run1,"G,E","G,E",-,33,1995,1999,550796.600000,550797.399999,5,0.799999,100.210996,100.376805
nagoya,run1,"G,E","G,E",-,34,2128,2172,550823.199999,550832.000000,45,8.800001,103.073126,103.699448
nagoya,run1,"G,E","G,E",-,35,2234,2247,550844.399999,550847.000000,14,2.600001,111.992835,112.889381
nagoya,run1,"G,E","G,E",-,36,2249,2254,550847.399999,550848.399999,6,1.000000,110.881678,110.989179
nagoya,run1,"G,E","G,E",-,37,2256,2308,550848.799999,550859.200000,53,10.400001,114.749163,129.160905
nagoya,run1,"G,E","G,E",-,38,2310,2320,550859.600000,550861.600000,11,2.000000,113.859676,124.420348
nagoya,run1,"G,E","G,E",-,39,2351,2354,550867.799999,550868.400000,4,0.600001,109.021191,110.061147
nagoya,run1,"G,E","G,E",-,40,2361,2370,550869.800000,550871.599999,10,1.799999,110.843056,113.147358
nagoya,run1,"G,E","G,E",-,41,2372,2372,550872.000000,550872.000000,1,0.000000,100.561132,100.561132
nagoya,run1,"G,E","G,E",-,42,2383,2384,550874.199999,550874.400000,2,0.200001,100.827878,101.050373
nagoya,run1,"G,E","G,E",-,43,2387,2387,550875.000000,550875.000000,1,0.000000,101.489723,101.489723
nagoya,run1,"G,E","G,E",-,44,2393,2401,550876.199999,550877.800000,9,1.600001,108.860191,113.404679
nagoya,run1,"G,E","G,E",-,45,2403,2405,550878.199999,550878.600000,3,0.400001,101.100467,102.092617
nagoya,run1,"G,E","G,E",-,46,2407,2407,550879.000000,550879.000000,1,0.000000,100.630195,100.630195
nagoya,run1,"G,E","G,E",-,47,2424,2440,550882.399999,550885.600000,17,3.200001,111.609103,116.008554
nagoya,run1,"G,E","G,E",-,48,2450,2504,550887.600000,550898.399999,55,10.799999,127.325263,178.988661
nagoya,run1,"G,E","G,E",-,49,2516,2528,550900.799999,550903.200000,13,2.400001,111.297679,114.248823
nagoya,run1,"G,E","G,E",-,50,2530,2531,550903.600000,550903.799999,2,0.199999,111.286179,112.431995
nagoya,run1,"G,E","G,E",-,51,2536,2537,550904.799999,550905.000000,2,0.200001,137.600625,138.451300
nagoya,run1,"G,E","G,E",-,52,2539,2539,550905.399999,550905.399999,1,0.000000,139.737576,139.737576
nagoya,run1,"G,E","G,E",-,53,2562,2564,550910.000000,550910.399999,3,0.399999,101.141528,101.681497
nagoya,run1,"G,E","G,E",-,54,2568,2569,550911.200000,550911.399999,2,0.199999,105.864067,106.818069
nagoya,run1,"G,E","G,E",-,55,2571,2578,550911.799999,550913.200000,8,1.400001,104.491006,106.059142
nagoya,run1,"G,E","G,E",-,56,2580,2587,550913.600000,550915.000000,8,1.400000,112.240303,128.506865
nagoya,run1,"G,E","G,E",-,57,2589,2589,550915.399999,550915.399999,1,0.000000,112.322923,112.322923
nagoya,run1,"G,E","G,E",-,58,2593,2603,550916.200000,550918.200000,11,2.000000,103.134084,105.154553
nagoya,run1,"G,E","G,E",-,59,2605,2620,550918.600000,550921.600000,16,3.000000,117.375758,140.702709
nagoya,run1,"G,E","G,E",-,60,2622,2637,550922.000000,550925.000000,16,3.000000,142.166717,152.851410
nagoya,run1,"G,E","G,E",-,61,2651,2651,550927.799999,550927.799999,1,0.000000,102.054800,102.054800
nagoya,run1,"G,E","G,E",-,62,2653,2658,550928.199999,550929.199999,6,1.000000,115.764377,175.844497
nagoya,run1,"G,E","G,E",-,63,2662,2687,550930.000000,550935.000000,26,5.000000,135.173173,178.336696
nagoya,run1,"G,E","G,E",-,64,3346,3347,551066.800000,551067.000000,2,0.200000,20127.106480,20127.108042
nagoya,run1,"G,E","G,E",-,65,3354,3359,551068.399999,551069.399999,6,1.000000,20127.137553,20127.145530
nagoya,run1,"G,E","G,E",-,66,3360,3362,551070.800000,551071.199999,3,0.399999,20127.171784,20127.175095
nagoya,run1,"G,E","G,E",-,67,3368,3371,551072.399999,551073.000000,4,0.600001,104.048898,104.839772
nagoya,run1,"G,E","G,E",-,68,3374,3382,551073.600000,551075.200000,9,1.600000,113.134800,117.903271
nagoya,run1,"G,E","G,E",-,69,3393,3394,551077.399999,551077.600000,2,0.200001,133.559219,134.511447
nagoya,run1,"G,E","G,E",-,70,3399,3451,551078.600000,551089.000000,53,10.400000,192.508091,587.292189
nagoya,run1,"G,E","G,E",-,71,3453,3453,551089.399999,551089.399999,1,0.000000,379.152433,379.152433
nagoya,run1,"G,E","G,E",-,72,3458,3466,551090.399999,551092.000000,9,1.600001,254.083024,295.101570
nagoya,run1,"G,E","G,E",-,73,3479,3479,551094.600000,551094.600000,1,0.000000,229.985734,229.985734
nagoya,run1,"G,E","G,E",-,74,3515,3515,551101.800000,551101.800000,1,0.000000,119.656504,119.656504
nagoya,run1,"G,E","G,E",-,75,3517,3519,551102.200000,551102.600000,3,0.400000,283.989815,286.111378
nagoya,run1,"G,E","G,E",-,76,4273,4273,551253.399999,551253.399999,1,0.000000,105.127933,105.127933
nagoya,run1,"G,E","G,E",-,77,4277,4278,551254.200000,551254.399999,2,0.199999,104.900191,105.481074
nagoya,run1,"G,E","G,E",-,78,4280,4280,551254.799999,551254.799999,1,0.000000,104.490332,104.490332
nagoya,run1,"G,E","G,E",-,79,4405,4411,551279.799999,551281.000000,7,1.200001,104.543448,106.159454
nagoya,run1,"G,E","G,E",-,80,4609,4610,551320.600000,551320.799999,2,0.199999,20128.568749,20128.568762
nagoya,run1,"G,E","G,E",-,81,4619,4629,551322.600000,551324.600000,11,2.000000,3769.764370,20128.569225
nagoya,run1,"G,E","G,E",-,82,4630,4634,551329.000000,551329.799999,5,0.799999,12118.051151,20128.559188
nagoya,run1,"G,E","G,E",-,83,4635,4642,551331.000000,551332.399999,8,1.399999,10144.329666,20128.543034
nagoya,run1,"G,E","G,E",-,84,4644,4646,551332.799999,551333.200000,3,0.400001,13467.868918,20128.521976
nagoya,run1,"G,E","G,E",-,85,4653,4653,551334.600000,551334.600000,1,0.000000,101.448222,101.448222
nagoya,run1,"G,E","G,E",-,86,4663,4676,551336.600000,551339.200000,14,2.600000,113.865169,115.818522
nagoya,run1,"G,E","G,E",-,87,4678,4678,551339.600000,551339.600000,1,0.000000,100.511088,100.511088
nagoya,run2,"G,E","G,E",-,0,1245,1245,555969.000000,555969.000000,1,0.000000,100.256676,100.256676
nagoya,run2,"G,E","G,E",-,1,1247,1248,555969.400000,555969.599999,2,0.199999,20126.058646,20126.058927
nagoya,run2,"G,E","G,E",-,2,1249,1253,555974.400000,555975.199999,5,0.799999,12175.083270,20126.075694
nagoya,run2,"G,E","G,E",-,3,1978,1985,556120.600000,556122.000000,8,1.400000,117.367084,124.272625
nagoya,run2,"G,E","G,E",-,4,1993,1993,556123.600000,556123.600000,1,0.000000,113.778298,113.778298
nagoya,run2,"G,E","G,E",-,5,2341,2344,556193.200000,556193.799999,4,0.599999,110.689598,114.139785
nagoya,run2,"G,E","G,E",-,6,2478,2478,556220.600000,556220.600000,1,0.000000,100.157192,100.157192
nagoya,run2,"G,E","G,E",-,7,2480,2482,556221.000000,556221.399999,3,0.399999,105.969775,106.376185
nagoya,run2,"G,E","G,E",-,8,2484,2485,556221.800000,556222.000000,2,0.200000,104.937468,105.120108
nagoya,run2,"G,E","G,E",-,9,2840,2859,556293.000000,556296.799999,20,3.799999,120.113907,132.577671
nagoya,run2,"G,E","G,E",-,10,2861,2863,556297.200000,556297.600000,3,0.400000,107.102710,108.510034
nagoya,run2,"G,E","G,E",-,11,2928,2929,556310.600000,556310.799999,2,0.199999,100.698295,100.803142
nagoya,run2,"G,E","G,E",-,12,2931,2932,556311.200000,556311.399999,2,0.199999,100.854894,101.297346
nagoya,run2,"G,E","G,E",-,13,2934,2937,556311.799999,556312.399999,4,0.600000,109.923968,130.233418
nagoya,run2,"G,E","G,E",-,14,2950,2950,556315.000000,556315.000000,1,0.000000,202.108395,202.108395
nagoya,run2,"G,E","G,E",-,15,2953,2955,556315.600000,556316.000000,3,0.400000,153.337134,162.695187
nagoya,run2,"G,E","G,E",-,16,2962,2962,556317.399999,556317.399999,1,0.000000,110.017037,110.017037
nagoya,run2,"G,E","G,E",-,17,2974,2989,556319.799999,556322.799999,16,3.000000,173.267945,187.688481
nagoya,run2,"G,E","G,E",-,18,2991,3009,556323.200000,556326.799999,19,3.599999,179.662767,230.097683
nagoya,run2,"G,E","G,E",-,19,3015,3024,556328.000000,556329.800000,10,1.800000,119.026164,148.651211
nagoya,run2,"G,E","G,E",-,20,3046,3049,556334.199999,556334.800000,4,0.600001,132.835956,134.464837
nagoya,run2,"G,E","G,E",-,21,3066,3067,556338.199999,556338.399999,2,0.200000,118.484866,119.550191
nagoya,run2,"G,E","G,E",-,22,3097,3097,556344.399999,556344.399999,1,0.000000,154.102157,154.102157
nagoya,run2,"G,E","G,E",-,23,3101,3116,556345.199999,556348.199999,16,3.000000,103.473806,105.766591
nagoya,run2,"G,E","G,E",-,24,3118,3118,556348.600000,556348.600000,1,0.000000,103.243677,103.243677
nagoya,run2,"G,E","G,E",-,25,4505,4515,556626.000000,556628.000000,11,2.000000,104.077857,107.942598
nagoya,run2,"G,E","G,E",-,26,4531,4532,556631.199999,556631.400000,2,0.200001,104.203566,104.478190
nagoya,run2,"G,E","G,E",-,27,4578,4580,556640.600000,556641.000000,3,0.400000,101.104566,101.592038
nagoya,run2,"G,E","G,E",-,28,4587,4591,556642.399999,556643.199999,5,0.800000,120.935921,126.353060
nagoya,run2,"G,E","G,E",-,29,4597,4597,556644.399999,556644.399999,1,0.000000,100.974378,100.974378
nagoya,run2,"G,E","G,E",-,30,4613,4635,556647.600000,556652.000000,23,4.400000,116.175100,123.097310
nagoya,run2,"G,E","G,E",-,31,4714,5073,556667.799999,556739.600000,360,71.800001,117.701686,151.531625
nagoya,run2,"G,E","G,E",-,32,5138,5140,556752.599999,556753.000000,3,0.400001,111.398470,111.469686
nagoya,run2,"G,E","G,E",-,33,5142,5142,556753.400000,556753.400000,1,0.000000,110.986080,110.986080
nagoya,run2,"G,E","G,E",-,34,5149,5170,556754.800000,556759.000000,22,4.200000,111.284341,114.633918
nagoya,run2,"G,E","G,E",-,35,5204,5236,556765.800000,556772.200000,33,6.400000,112.932465,119.994493
nagoya,run2,"G,E","G,E",-,36,5250,5299,556775.000000,556784.799999,50,9.799999,113.004396,126.427572
nagoya,run2,"G,E","G,E",-,37,5497,5503,556824.399999,556825.600000,7,1.200001,143.669674,143.899196
nagoya,run2,"G,E","G,E",-,38,5507,5512,556826.399999,556827.399999,6,1.000000,140.817855,141.800923
nagoya,run2,"G,E","G,E",-,39,5785,5785,556882.000000,556882.000000,1,0.000000,105.259388,105.259388
nagoya,run2,"G,E","G,E",-,40,5791,5792,556883.199999,556883.399999,2,0.200000,20126.348543,20126.350719
nagoya,run2,"G,E","G,E",-,41,5800,5804,556885.000000,556885.800000,5,0.800000,133.838134,164.845794
nagoya,run2,"G,E","G,E",-,42,5873,5874,556899.600000,556899.799999,2,0.199999,115.384027,130.136167
nagoya,run2,"G,E","G,E",-,43,5881,5897,556901.200000,556904.399999,17,3.199999,653.260225,1578.005155
nagoya,run2,"G,E","G,E",-,44,5904,5914,556905.799999,556907.799999,11,2.000000,110.358056,111.517069
nagoya,run2,"G,E","G,E",-,45,6010,6010,556927.000000,556927.000000,1,0.000000,20126.143455,20126.143455
nagoya,run2,"G,E","G,E",-,46,6014,6014,556927.799999,556927.799999,1,0.000000,194.658555,194.658555
nagoya,run2,"G,E","G,E",-,47,6016,6020,556928.199999,556929.000000,5,0.800001,137.186082,181.965418
nagoya,run2,"G,E","G,E",-,48,6243,6245,556973.600000,556974.000000,3,0.400000,101.680370,102.499648
nagoya,run2,"G,E","G,E",-,49,6809,6816,557086.799999,557088.200000,8,1.400001,109.345298,109.751022
nagoya,run2,"G,E","G,E",-,50,6842,6843,557093.399999,557093.600000,2,0.200001,100.063940,100.066086
nagoya,run2,"G,E","G,E",-,51,6906,6917,557106.200000,557108.400000,12,2.200000,124.537975,147.836990
nagoya,run2,"G,E","G,E",-,52,6927,7104,557110.400000,557145.799999,178,35.399999,107.510155,114.960595
nagoya,run2,"G,E","G,E",-,53,7243,7294,557173.599999,557183.800000,52,10.200001,117.075835,120.456784
nagoya,run2,"G,E","G,E",-,54,7350,7351,557195.000000,557195.200000,2,0.200000,105.899161,105.946022
nagoya,run2,"G,E","G,E",-,55,7355,7385,557196.000000,557202.000000,31,6.000000,105.320410,108.208047
nagoya,run3,"G,E,J","G,E,J",-,0,951,953,553990.199999,553990.599999,3,0.400000,104.721601,105.472473
nagoya,run3,"G,E,J","G,E,J",-,1,1671,1674,554134.200000,554134.799999,4,0.599999,20125.688566,20125.688723
nagoya,run3,"G,E,J","G,E,J",-,2,2219,2219,554243.800000,554243.800000,1,0.000000,124.995571,124.995571
tokyo,run1,"G,E,J","G,E,J",-,0,1310,1311,187732.000000,187732.200000,2,0.200000,101.529701,102.972633
tokyo,run1,"G,E,J","G,E,J",-,1,1729,1729,187815.800000,187815.800000,1,0.000000,102.197229,102.197229
tokyo,run1,"G,E,J","G,E,J",-,2,1888,1895,187847.600000,187849.000000,8,1.400000,102.567638,102.661850
tokyo,run1,"G,E,J","G,E,J",-,3,2152,2153,187900.399999,187900.600000,2,0.200001,101.849577,103.104682
tokyo,run1,"G,E,J","G,E,J",-,4,2233,2233,187916.600000,187916.600000,1,0.000000,119.845672,119.845672
tokyo,run1,"G,E,J","G,E,J",-,5,2346,2347,187939.199999,187939.399999,2,0.200000,100.449346,100.585972
tokyo,run1,"G,E,J","G,E,J",-,6,2465,2465,187963.000000,187963.000000,1,0.000000,104.133572,104.133572
tokyo,run1,"G,E,J","G,E,J",-,7,2470,2474,187964.000000,187964.799999,5,0.799999,103.991240,105.844485
tokyo,run1,"G,E,J","G,E,J",-,8,2476,2476,187965.200000,187965.200000,1,0.000000,104.771391,104.771391
tokyo,run1,"G,E,J","G,E,J",-,9,2566,2566,187983.200000,187983.200000,1,0.000000,100.939726,100.939726
tokyo,run1,"G,E,J","G,E,J",-,10,2569,2569,187983.799999,187983.799999,1,0.000000,100.200019,100.200019
tokyo,run1,"G,E,J","G,E,J",-,11,2608,2608,187991.599999,187991.599999,1,0.000000,103.567619,103.567619
tokyo,run1,"G,E,J","G,E,J",-,12,2733,2736,188016.600000,188017.200000,4,0.600000,110.204285,113.253059
tokyo,run1,"G,E,J","G,E,J",-,13,2793,2799,188028.600000,188030.000000,7,1.400000,14520.682439,20252.746592
tokyo,run1,"G,E,J","G,E,J",-,14,2802,2806,188030.600000,188031.399999,5,0.799999,16234.511073,20252.763792
tokyo,run1,"G,E,J","G,E,J",-,15,2809,2809,188032.000000,188032.000000,1,0.000000,20252.768496,20252.768496
tokyo,run1,"G,E,J","G,E,J",-,16,2811,2835,188032.399999,188037.399999,25,5.000000,8238.435543,20252.802597
tokyo,run1,"G,E,J","G,E,J",-,17,2836,2843,188039.000000,188040.400000,8,1.400000,20252.812986,20252.815801
tokyo,run1,"G,E,J","G,E,J",-,18,2860,2860,188043.799999,188043.799999,1,0.000000,20252.826533,20252.826533
tokyo,run1,"G,E,J","G,E,J",-,19,2862,2862,188044.200000,188044.200000,1,0.000000,135.582195,135.582195
tokyo,run1,"G,E,J","G,E,J",-,20,2865,2865,188044.799999,188044.799999,1,0.000000,121.566729,121.566729
tokyo,run1,"G,E,J","G,E,J",-,21,2871,2871,188046.000000,188046.000000,1,0.000000,20252.832238,20252.832238
tokyo,run1,"G,E,J","G,E,J",-,22,2942,2942,188060.199999,188060.199999,1,0.000000,169.450042,169.450042
tokyo,run1,"G,E,J","G,E,J",-,23,2990,2991,188069.800000,188070.000000,2,0.200000,102.267553,103.057689
tokyo,run1,"G,E,J","G,E,J",-,24,3063,3063,188084.399999,188084.399999,1,0.000000,180.553062,180.553062
tokyo,run1,"G,E,J","G,E,J",-,25,3072,3072,188086.200000,188086.200000,1,0.000000,158.052757,158.052757
tokyo,run1,"G,E,J","G,E,J",-,26,3156,3156,188103.000000,188103.000000,1,0.000000,102.554086,102.554086
tokyo,run1,"G,E,J","G,E,J",-,27,3189,3189,188109.599999,188109.599999,1,0.000000,110.084763,110.084763
tokyo,run1,"G,E,J","G,E,J",-,28,3210,3210,188113.800000,188113.800000,1,0.000000,105.454931,105.454931
tokyo,run1,"G,E,J","G,E,J",-,29,3238,3238,188119.399999,188119.399999,1,0.000000,116.673440,116.673440
tokyo,run1,"G,E,J","G,E,J",-,30,3288,3288,188129.399999,188129.399999,1,0.000000,119.649008,119.649008
tokyo,run1,"G,E,J","G,E,J",-,31,3304,3308,188132.799999,188133.600000,5,0.800001,20252.942957,20252.945210
tokyo,run1,"G,E,J","G,E,J",-,32,3328,3331,188137.600000,188138.200000,4,0.600000,105.290346,108.459623
tokyo,run1,"G,E,J","G,E,J",-,33,3393,3394,188150.600000,188150.799999,2,0.199999,110.514369,111.434324
tokyo,run1,"G,E,J","G,E,J",-,34,3397,3398,188151.399999,188151.600000,2,0.200001,113.643694,113.962735
tokyo,run1,"G,E,J","G,E,J",-,35,3424,3424,188156.799999,188156.799999,1,0.000000,108.906691,108.906691
tokyo,run1,"G,E,J","G,E,J",-,36,3432,3439,188158.399999,188159.799999,8,1.400000,5141.939712,20253.091959
tokyo,run1,"G,E,J","G,E,J",-,37,3448,3448,188162.600000,188162.600000,1,0.000000,20253.116651,20253.116651
tokyo,run1,"G,E,J","G,E,J",-,38,3473,3473,188167.599999,188167.599999,1,0.000000,101.267273,101.267273
tokyo,run1,"G,E,J","G,E,J",-,39,3500,3501,188173.000000,188173.199999,2,0.199999,6234.094450,6266.216767
tokyo,run1,"G,E,J","G,E,J",-,40,3503,3503,188173.599999,188173.599999,1,0.000000,320.598630,320.598630
tokyo,run1,"G,E,J","G,E,J",-,41,3517,3519,188176.399999,188176.800000,3,0.400001,203.300329,237.439390
tokyo,run1,"G,E,J","G,E,J",-,42,3521,3522,188177.199999,188177.399999,2,0.200000,237.849180,238.213537
tokyo,run1,"G,E,J","G,E,J",-,43,3540,3545,188181.000000,188182.000000,6,1.000000,197.894398,201.215013
tokyo,run1,"G,E,J","G,E,J",-,44,3547,3550,188182.399999,188183.000000,4,0.600001,200.722446,204.719743
tokyo,run1,"G,E,J","G,E,J",-,45,3560,3644,188185.000000,188201.799999,85,16.799999,702.623413,20253.167455
tokyo,run1,"G,E,J","G,E,J",-,46,3649,3649,188202.799999,188202.799999,1,0.000000,239.951691,239.951691
tokyo,run1,"G,E,J","G,E,J",-,47,3656,3662,188204.200000,188205.399999,7,1.199999,3100.958972,20253.167455
tokyo,run1,"G,E,J","G,E,J",-,48,3668,3669,188206.600000,188206.799999,2,0.199999,2716.240993,2717.626079
tokyo,run1,"G,E,J","G,E,J",-,49,3672,3673,188207.399999,188207.600000,2,0.200001,2748.960814,2754.602719
tokyo,run1,"G,E,J","G,E,J",-,50,3675,3677,188208.000000,188208.399999,3,0.399999,2689.139710,2697.531823
tokyo,run1,"G,E,J","G,E,J",-,51,3687,3877,188210.399999,188248.399999,191,38.000000,7089.967137,20253.167455
tokyo,run1,"G,E,J","G,E,J",-,52,3883,3883,188249.600000,188249.600000,1,0.000000,261.724487,261.724487
tokyo,run1,"G,E,J","G,E,J",-,53,3885,3888,188250.000000,188250.600000,4,0.600000,254.101329,255.517114
tokyo,run1,"G,E,J","G,E,J",-,54,3891,3892,188251.199999,188251.399999,2,0.200000,183.101816,183.599070
tokyo,run1,"G,E,J","G,E,J",-,55,3898,3920,188252.600000,188257.000000,23,4.400000,8908.303350,20253.189699
tokyo,run1,"G,E,J","G,E,J",-,56,3927,3946,188258.399999,188262.200000,20,3.800001,12247.940201,20253.224729
tokyo,run1,"G,E,J","G,E,J",-,57,3947,3951,188263.000000,188263.799999,5,0.799999,20253.230337,20253.232186
tokyo,run1,"G,E,J","G,E,J",-,58,3957,3957,188265.000000,188265.000000,1,0.000000,20253.237612,20253.237612
tokyo,run1,"G,E,J","G,E,J",-,59,3959,3959,188265.399999,188265.399999,1,0.000000,20253.239428,20253.239428
tokyo,run1,"G,E,J","G,E,J",-,60,3971,3973,188267.799999,188268.200000,3,0.400001,267.321074,326.074020
tokyo,run1,"G,E,J","G,E,J",-,61,3977,3982,188269.000000,188270.000000,6,1.000000,152.514179,154.537427
tokyo,run1,"G,E,J","G,E,J",-,62,3992,3992,188272.000000,188272.000000,1,0.000000,137.300944,137.300944
tokyo,run1,"G,E,J","G,E,J",-,63,4015,4015,188276.600000,188276.600000,1,0.000000,110.251652,110.251652
tokyo,run1,"G,E,J","G,E,J",-,64,4107,4125,188295.000000,188298.600000,19,3.600000,106.964006,112.997232
tokyo,run1,"G,E,J","G,E,J",-,65,4146,4152,188302.800000,188304.000000,7,1.200000,147.059568,154.365588
tokyo,run1,"G,E,J","G,E,J",-,66,4247,4261,188323.000000,188325.799999,15,2.799999,103.014339,104.419974
tokyo,run1,"G,E,J","G,E,J",-,67,4327,4362,188339.000000,188346.000000,36,7.000000,113.718288,118.466490
tokyo,run1,"G,E,J","G,E,J",-,68,4364,4367,188346.400000,188347.000000,4,0.600000,295.944706,296.463871
tokyo,run1,"G,E,J","G,E,J",-,69,4516,4516,188376.799999,188376.799999,1,0.000000,100.364146,100.364146
tokyo,run1,"G,E,J","G,E,J",-,70,4578,4589,188389.200000,188391.399999,12,2.199999,102.665361,103.353142
tokyo,run1,"G,E,J","G,E,J",-,71,4703,4715,188414.199999,188416.600000,13,2.400001,152.927852,194.365157
tokyo,run1,"G,E,J","G,E,J",-,72,4717,4717,188417.000000,188417.000000,1,0.000000,117.902700,117.902700
tokyo,run1,"G,E,J","G,E,J",-,73,4823,4823,188438.200000,188438.200000,1,0.000000,101.800910,101.800910
tokyo,run1,"G,E,J","G,E,J",-,74,5333,5333,188540.199999,188540.199999,1,0.000000,166.032657,166.032657
tokyo,run1,"G,E,J","G,E,J",-,75,5336,5336,188540.800000,188540.800000,1,0.000000,372.197820,372.197820
tokyo,run1,"G,E,J","G,E,J",-,76,5343,5344,188542.199999,188542.399999,2,0.200000,169.036644,173.067860
tokyo,run1,"G,E,J","G,E,J",-,77,5350,5350,188543.600000,188543.600000,1,0.000000,166.464352,166.464352
tokyo,run1,"G,E,J","G,E,J",-,78,5356,5356,188544.800000,188544.800000,1,0.000000,158.774674,158.774674
tokyo,run1,"G,E,J","G,E,J",-,79,5363,5363,188546.199999,188546.199999,1,0.000000,148.075258,148.075258
tokyo,run1,"G,E,J","G,E,J",-,80,5377,5390,188549.000000,188551.600000,14,2.600000,147.783119,157.425153
tokyo,run1,"G,E,J","G,E,J",-,81,5413,5413,188556.200000,188556.200000,1,0.000000,137.005034,137.005034
tokyo,run1,"G,E,J","G,E,J",-,82,5415,5434,188556.600000,188560.399999,20,3.799999,166.440307,181.087975
tokyo,run1,"G,E,J","G,E,J",-,83,5440,5446,188561.600000,188562.799999,7,1.199999,120.088425,144.373788
tokyo,run1,"G,E,J","G,E,J",-,84,5466,5469,188566.799999,188567.399999,4,0.600000,154.800862,161.761868
tokyo,run1,"G,E,J","G,E,J",-,85,5473,5480,188568.200000,188569.600000,8,1.400000,154.356967,177.127262
tokyo,run1,"G,E,J","G,E,J",-,86,5503,5503,188574.200000,188574.200000,1,0.000000,145.104806,145.104806
tokyo,run1,"G,E,J","G,E,J",-,87,5509,5509,188575.399999,188575.399999,1,0.000000,145.022118,145.022118
tokyo,run1,"G,E,J","G,E,J",-,88,5629,5629,188599.399999,188599.399999,1,0.000000,101.438101,101.438101
tokyo,run1,"G,E,J","G,E,J",-,89,5632,5639,188600.000000,188601.399999,8,1.399999,103.338246,105.640206
tokyo,run1,"G,E,J","G,E,J",-,90,5646,5654,188602.800000,188604.399999,9,1.599999,107.583324,109.539674
tokyo,run1,"G,E,J","G,E,J",-,91,5668,5670,188607.199999,188607.600000,3,0.400001,169.276218,192.288889
tokyo,run1,"G,E,J","G,E,J",-,92,5672,5673,188608.000000,188608.199999,2,0.199999,154.020271,154.090882
tokyo,run1,"G,E,J","G,E,J",-,93,5698,5787,188613.200000,188631.000000,90,17.800000,144.066479,176.105816
tokyo,run1,"G,E,J","G,E,J",-,94,5798,5798,188633.200000,188633.200000,1,0.000000,132.824969,132.824969
tokyo,run1,"G,E,J","G,E,J",-,95,5803,5806,188634.200000,188634.799999,4,0.599999,174.105140,179.299271
tokyo,run1,"G,E,J","G,E,J",-,96,5808,5843,188635.200000,188642.200000,36,7.000000,160.646921,188.348022
tokyo,run1,"G,E,J","G,E,J",-,97,6059,6059,188685.399999,188685.399999,1,0.000000,178.127561,178.127561
tokyo,run1,"G,E,J","G,E,J",-,98,6120,6127,188697.600000,188699.000000,8,1.400000,160.496385,171.979782
tokyo,run1,"G,E,J","G,E,J",-,99,6129,6131,188699.399999,188699.799999,3,0.400000,121.970242,127.700449
tokyo,run1,"G,E,J","G,E,J",-,100,6479,6479,188769.400000,188769.400000,1,0.000000,167.391670,167.391670
tokyo,run1,"G,E,J","G,E,J",-,101,6481,6481,188769.800000,188769.800000,1,0.000000,167.183095,167.183095
tokyo,run1,"G,E,J","G,E,J",-,102,6931,6966,188859.799999,188866.799999,36,7.000000,127.942872,130.493255
tokyo,run1,"G,E,J","G,E,J",-,103,6968,6975,188867.200000,188868.600000,8,1.400000,122.834189,123.737719
tokyo,run1,"G,E,J","G,E,J",-,104,6981,6981,188869.799999,188869.799999,1,0.000000,119.698753,119.698753
tokyo,run1,"G,E,J","G,E,J",-,105,6984,6984,188870.399999,188870.399999,1,0.000000,112.286917,112.286917
tokyo,run1,"G,E,J","G,E,J",-,106,6986,6987,188870.799999,188871.000000,2,0.200001,112.583658,112.919249
tokyo,run1,"G,E,J","G,E,J",-,107,6992,7013,188872.000000,188876.200000,22,4.200000,116.279718,120.565219
tokyo,run1,"G,E,J","G,E,J",-,108,7075,7092,188888.599999,188892.000000,18,3.400001,118.748746,122.319037
tokyo,run1,"G,E,J","G,E,J",-,109,7103,7125,188894.199999,188898.600000,23,4.400001,112.443270,124.481287
tokyo,run1,"G,E,J","G,E,J",-,110,7161,7171,188905.800000,188907.800000,11,2.000000,293.072544,1129.703058
tokyo,run1,"G,E,J","G,E,J",-,111,7173,7174,188908.199999,188908.399999,2,0.200000,143.891919,145.661330
tokyo,run1,"G,E,J","G,E,J",-,112,7180,7185,188909.600000,188910.600000,6,1.000000,159.400110,160.593347
tokyo,run1,"G,E,J","G,E,J",-,113,7201,7201,188913.799999,188913.799999,1,0.000000,102.626797,102.626797
tokyo,run1,"G,E,J","G,E,J",-,114,7367,7370,188947.000000,188947.599999,4,0.599999,106.498406,114.399362
tokyo,run1,"G,E,J","G,E,J",-,115,7382,7388,188950.000000,188951.199999,7,1.199999,122.043451,123.149651
tokyo,run1,"G,E,J","G,E,J",-,116,7390,7390,188951.599999,188951.599999,1,0.000000,117.428178,117.428178
tokyo,run1,"G,E,J","G,E,J",-,117,7410,7413,188955.599999,188956.199999,4,0.600000,154.699266,158.332332
tokyo,run1,"G,E,J","G,E,J",-,118,7423,7436,188958.199999,188960.800000,14,2.600001,119.319897,123.920900
tokyo,run1,"G,E,J","G,E,J",-,119,7458,7459,188965.199999,188965.399999,2,0.200000,100.299954,100.367871
tokyo,run1,"G,E,J","G,E,J",-,120,7500,7503,188973.600000,188974.200000,4,0.600000,117.579171,119.547288
tokyo,run1,"G,E,J","G,E,J",-,121,7517,7517,188977.000000,188977.000000,1,0.000000,118.900016,118.900016
tokyo,run1,"G,E,J","G,E,J",-,122,7520,7520,188977.600000,188977.600000,1,0.000000,118.737713,118.737713
tokyo,run1,"G,E,J","G,E,J",-,123,7539,7539,188981.399999,188981.399999,1,0.000000,150.652025,150.652025
tokyo,run1,"G,E,J","G,E,J",-,124,7894,7894,189052.399999,189052.399999,1,0.000000,104.213845,104.213845
tokyo,run1,"G,E,J","G,E,J",-,125,8003,8004,189074.199999,189074.400000,2,0.200001,102.746948,102.989914
tokyo,run1,"G,E,J","G,E,J",-,126,8010,8011,189075.599999,189075.800000,2,0.200001,109.208386,110.294434
tokyo,run1,"G,E,J","G,E,J",-,127,8026,8033,189078.800000,189080.199999,8,1.399999,109.672937,156.817166
tokyo,run1,"G,E,J","G,E,J",-,128,8035,8061,189080.600000,189085.800000,27,5.200000,110.073247,124.943023
tokyo,run1,"G,E,J","G,E,J",-,129,8063,8064,189086.199999,189086.399999,2,0.200000,100.811918,101.337153
tokyo,run1,"G,E,J","G,E,J",-,130,8073,8087,189088.199999,189091.000000,15,2.800001,277.598571,639.440720
tokyo,run1,"G,E,J","G,E,J",-,131,8098,8113,189093.200000,189096.200000,16,3.000000,233.974891,333.242656
tokyo,run1,"G,E,J","G,E,J",-,132,8115,8126,189096.600000,189098.799999,12,2.199999,213.051636,323.758363
tokyo,run1,"G,E,J","G,E,J",-,133,8352,8358,189144.000000,189145.199999,7,1.199999,113.575478,130.712863
tokyo,run1,"G,E,J","G,E,J",-,134,8360,8362,189145.600000,189146.000000,3,0.400000,129.166394,137.559195
tokyo,run1,"G,E,J","G,E,J",-,135,8364,8374,189146.399999,189148.399999,11,2.000000,176.321491,387.710207
tokyo,run1,"G,E,J","G,E,J",-,136,8381,8405,189149.800000,189154.600000,25,4.800000,139.383631,237.124701
tokyo,run1,"G,E,J","G,E,J",-,137,8408,8422,189155.200000,189158.000000,15,2.800000,153.219363,165.403235
tokyo,run1,"G,E,J","G,E,J",-,138,8425,8425,189158.600000,189158.600000,1,0.000000,103.987504,103.987504
tokyo,run1,"G,E,J","G,E,J",-,139,8429,8429,189159.399999,189159.399999,1,0.000000,103.986607,103.986607
tokyo,run1,"G,E,J","G,E,J",-,140,8431,8492,189159.799999,189172.000000,62,12.200001,159.661092,364.972466
tokyo,run1,"G,E,J","G,E,J",-,141,8500,8500,189173.600000,189173.600000,1,0.000000,222.688114,222.688114
tokyo,run1,"G,E,J","G,E,J",-,142,8516,8548,189176.799999,189183.200000,33,6.400001,169.141827,247.166793
tokyo,run1,"G,E,J","G,E,J",-,143,8558,8559,189185.200000,189185.400000,2,0.200000,106.166183,106.907520
tokyo,run1,"G,E,J","G,E,J",-,144,8580,8580,189189.599999,189189.599999,1,0.000000,100.794641,100.794641
tokyo,run1,"G,E,J","G,E,J",-,145,8594,8594,189192.400000,189192.400000,1,0.000000,123.868231,123.868231
tokyo,run1,"G,E,J","G,E,J",-,146,8602,8610,189194.000000,189195.599999,9,1.599999,2370.127419,20252.324152
tokyo,run1,"G,E,J","G,E,J",-,147,8656,8656,189204.800000,189204.800000,1,0.000000,1225.068873,1225.068873
tokyo,run1,"G,E,J","G,E,J",-,148,8659,8659,189205.399999,189205.399999,1,0.000000,104.677404,104.677404
tokyo,run1,"G,E,J","G,E,J",-,149,8665,8665,189206.600000,189206.600000,1,0.000000,425.855487,425.855487
tokyo,run1,"G,E,J","G,E,J",-,150,8667,8670,189207.000000,189207.600000,4,0.600000,1005.467116,1220.082239
tokyo,run1,"G,E,J","G,E,J",-,151,8676,8680,189208.800000,189209.600000,5,0.800000,121.133463,121.485285
tokyo,run1,"G,E,J","G,E,J",-,152,8701,8708,189213.799999,189215.200000,8,1.400001,139.892181,141.835415
tokyo,run1,"G,E,J","G,E,J",-,153,8893,8893,189252.199999,189252.199999,1,0.000000,118.514827,118.514827
tokyo,run1,"G,E,J","G,E,J",-,154,8978,8990,189286.799999,189289.200000,13,2.400001,10961.472136,20251.398215
tokyo,run1,"G,E,J","G,E,J",-,155,9044,9046,189300.000000,189300.400000,3,0.400000,125.534516,128.449238
tokyo,run1,"G,E,J","G,E,J",-,156,9048,9054,189300.800000,189302.000000,7,1.200000,130.600330,133.037499
tokyo,run1,"G,E,J","G,E,J",-,157,9178,9190,189326.800000,189329.199999,13,2.399999,110.413340,111.095655
tokyo,run1,"G,E,J","G,E,J",-,158,9205,9208,189332.200000,189332.799999,4,0.599999,103.319082,103.588292
tokyo,run1,"G,E,J","G,E,J",-,159,9312,9314,189353.600000,189354.000000,3,0.400000,102.463315,102.789487
tokyo,run1,"G,E,J","G,E,J",-,160,9378,9383,189366.799999,189367.799999,6,1.000000,123.717885,127.549064
tokyo,run1,"G,E,J","G,E,J",-,161,9415,9415,189374.199999,189374.199999,1,0.000000,121.159231,121.159231
tokyo,run1,"G,E,J","G,E,J",-,162,10675,10675,189626.199999,189626.199999,1,0.000000,102.212933,102.212933
tokyo,run1,"G,E,J","G,E,J",-,163,10691,10695,189629.399999,189630.199999,5,0.800000,110.785186,112.828360
tokyo,run1,"G,E,J","G,E,J",-,164,10765,10780,189644.200000,189647.200000,16,3.000000,113.290303,123.547610
tokyo,run1,"G,E,J","G,E,J",-,165,10782,10789,189647.600000,189649.000000,8,1.400000,105.554376,111.060730
tokyo,run1,"G,E,J","G,E,J",-,166,11056,11057,189702.399999,189702.600000,2,0.200001,101.420547,101.900134
tokyo,run1,"G,E,J","G,E,J",-,167,11094,11094,189710.000000,189710.000000,1,0.000000,112.406813,112.406813
tokyo,run1,"G,E,J","G,E,J",-,168,11097,11110,189710.600000,189713.200000,14,2.600000,104.977910,112.038220
tokyo,run1,"G,E,J","G,E,J",-,169,11112,11116,189713.600000,189714.399999,5,0.799999,105.597763,109.827440
tokyo,run1,"G,E,J","G,E,J",-,170,11143,11143,189719.799999,189719.799999,1,0.000000,126.499552,126.499552
tokyo,run1,"G,E,J","G,E,J",-,171,11271,11282,189745.399999,189747.600000,12,2.200001,122.260998,142.184299
tokyo,run1,"G,E,J","G,E,J",-,172,11284,11286,189748.000000,189748.399999,3,0.399999,108.521176,110.928138
tokyo,run2,"G,E,J","G,E,J",-,0,1027,1027,177205.399999,177205.399999,1,0.000000,159.480825,159.480825
tokyo,run2,"G,E,J","G,E,J",-,1,1389,1389,177277.799999,177277.799999,1,0.000000,106.425953,106.425953
tokyo,run2,"G,E,J","G,E,J",-,2,3827,3831,177765.399999,177766.200000,5,0.800001,111.504372,115.445323
tokyo,run2,"G,E,J","G,E,J",-,3,3836,3849,177767.200000,177769.799999,14,2.599999,110.108448,118.048117
tokyo,run2,"G,E,J","G,E,J",-,4,3861,3861,177772.200000,177772.200000,1,0.000000,106.058535,106.058535
tokyo,run2,"G,E,J","G,E,J",-,5,3863,3864,177772.600000,177772.799999,2,0.199999,104.044443,106.469484
tokyo,run2,"G,E,J","G,E,J",-,6,3869,3884,177773.799999,177776.799999,16,3.000000,118.864748,135.976975
tokyo,run2,"G,E,J","G,E,J",-,7,3900,3900,177780.000000,177780.000000,1,0.000000,105.054809,105.054809
tokyo,run2,"G,E,J","G,E,J",-,8,4499,4500,177899.799999,177900.000000,2,0.200001,113.535797,122.155990
tokyo,run2,"G,E,J","G,E,J",-,9,4502,4505,177900.400000,177901.000000,4,0.600000,164.928029,187.390218
tokyo,run2,"G,E,J","G,E,J",-,10,4516,4517,177903.200000,177903.399999,2,0.199999,20245.823592,20245.824882
tokyo,run2,"G,E,J","G,E,J",-,11,4518,4522,177907.799999,177908.599999,5,0.800000,20245.877087,20245.880319
tokyo,run2,"G,E,J","G,E,J",-,12,4694,4694,177943.000000,177943.000000,1,0.000000,20245.910522,20245.910522
tokyo,run2,"G,E,J","G,E,J",-,13,4703,4703,177945.000000,177945.000000,1,0.000000,20245.910522,20245.910522
tokyo,run2,"G,E,J","G,E,J",-,14,5713,5713,178147.000000,178147.000000,1,0.000000,106.238891,106.238891
tokyo,run2,"G,E,J","G,E,J",-,15,5715,5717,178147.400000,178147.799999,3,0.399999,103.890431,104.719270
tokyo,run2,"G,E,J","G,E,J",-,16,5791,5792,178162.600000,178162.800000,2,0.200000,101.127844,101.211963
tokyo,run2,"G,E,J","G,E,J",-,17,5861,5872,178176.600000,178178.799999,12,2.199999,112.152351,126.744272
tokyo,run2,"G,E,J","G,E,J",-,18,5877,5888,178179.799999,178182.000000,12,2.200001,126.346430,170.492119
tokyo,run2,"G,E,J","G,E,J",-,19,6234,6239,178251.200000,178252.200000,6,1.000000,105.712352,108.956578
tokyo,run2,"G,E,J","G,E,J",-,20,6255,6256,178255.399999,178255.600000,2,0.200001,118.489521,118.973425
tokyo,run2,"G,E,J","G,E,J",-,21,6258,6259,178256.000000,178256.200000,2,0.200000,116.417197,117.204890
tokyo,run2,"G,E,J","G,E,J",-,22,6262,6263,178256.799999,178257.000000,2,0.200001,113.952053,114.794752
tokyo,run2,"G,E,J","G,E,J",-,23,6489,6493,178302.200000,178303.000000,5,0.800000,193.909625,221.771365
tokyo,run2,"G,E,J","G,E,J",-,24,6507,6507,178305.799999,178305.799999,1,0.000000,199.491775,199.491775
tokyo,run2,"G,E,J","G,E,J",-,25,6508,6509,178310.600000,178310.799999,2,0.199999,20245.882438,20245.883374
tokyo,run2,"G,E,J","G,E,J",-,26,6514,6514,178311.799999,178311.799999,1,0.000000,20245.892016,20245.892016
tokyo,run2,"G,E,J","G,E,J",-,27,6525,6525,178314.000000,178314.000000,1,0.000000,100.926683,100.926683
tokyo,run2,"G,E,J","G,E,J",-,28,6529,6530,178314.799999,178315.000000,2,0.200001,114.265233,114.354524
tokyo,run2,"G,E,J","G,E,J",-,29,6532,6534,178315.399999,178315.799999,3,0.400000,113.841801,114.824963
tokyo,run2,"G,E,J","G,E,J",-,30,7873,7873,178583.600000,178583.600000,1,0.000000,100.793011,100.793011
tokyo,run2,"G,E,J","G,E,J",-,31,7875,7879,178584.000000,178584.800000,5,0.800000,100.667890,101.143936
tokyo,run3,"G,E","G,E",-,0,1230,1230,179706.000000,179706.000000,1,0.000000,127.080407,127.080407
tokyo,run3,"G,E","G,E",-,1,1373,1373,179734.600000,179734.600000,1,0.000000,101.890189,101.890189
tokyo,run3,"G,E","G,E",-,2,1379,1380,179735.799999,179736.000000,2,0.200001,104.501737,104.756525
tokyo,run3,"G,E","G,E",-,3,1382,1386,179736.399999,179737.200000,5,0.800001,107.204394,112.103008
tokyo,run3,"G,E","G,E",-,4,3059,3060,180071.800000,180072.000000,2,0.200000,100.720091,101.165864
tokyo,run3,"G,E","G,E",-,5,3064,3064,180072.800000,180072.800000,1,0.000000,4300.426178,4300.426178
tokyo,run3,"G,E","G,E",-,6,3075,3085,180075.000000,180077.000000,11,2.000000,2001.452462,20246.327064
tokyo,run3,"G,E","G,E",-,7,3101,3105,180080.399999,180081.399999,5,1.000000,16217.742133,20246.269446
tokyo,run3,"G,E","G,E",-,8,3113,3113,180083.000000,180083.000000,1,0.000000,138.435888,138.435888
tokyo,run3,"G,E","G,E",-,9,3127,3127,180085.800000,180085.800000,1,0.000000,20246.188640,20246.188640
tokyo,run3,"G,E","G,E",-,10,3131,3134,180086.600000,180087.199999,4,0.599999,15229.696814,20246.178080
tokyo,run3,"G,E","G,E",-,11,3135,3135,180087.600000,180087.600000,1,0.000000,20246.164253,20246.164253
tokyo,run3,"G,E","G,E",-,12,6019,6021,180664.400000,180664.799999,3,0.399999,104.041328,104.329330
tokyo,run3,"G,E","G,E",-,13,6163,6163,180693.200000,180693.200000,1,0.000000,107.276339,107.276339
tokyo,run3,"G,E","G,E",-,14,6166,6169,180693.799999,180694.399999,4,0.600000,102.778656,102.950236
tokyo,run3,"G,E","G,E",-,15,6183,6185,180697.200000,180697.600000,3,0.400000,112.087717,112.171988
tokyo,run3,"G,E","G,E",-,16,6188,6189,180698.200000,180698.399999,2,0.199999,100.159495,100.165564
tokyo,run3,"G,E","G,E",-,17,6320,6320,180724.599999,180724.599999,1,0.000000,103.779998,103.779998
tokyo,run3,"G,E","G,E",-,18,6328,6343,180726.200000,180729.199999,16,2.999999,104.851712,107.231714
tokyo,run3,"G,E","G,E",-,19,6345,6345,180729.599999,180729.599999,1,0.000000,100.461012,100.461012
tokyo,run3,"G,E","G,E",-,20,6501,6504,180760.799999,180761.399999,4,0.600000,105.647489,106.355523
tokyo,run3,"G,E","G,E",-,21,6532,6532,180767.000000,180767.000000,1,0.000000,104.355925,104.355925
tokyo,run3,"G,E","G,E",-,22,6534,6534,180767.399999,180767.399999,1,0.000000,104.302619,104.302619
tokyo,run3,"G,E","G,E",-,23,6538,6538,180768.200000,180768.200000,1,0.000000,100.331215,100.331215
tokyo,run3,"G,E","G,E",-,24,6549,6549,180770.399999,180770.399999,1,0.000000,105.142064,105.142064
tokyo,run3,"G,E","G,E",-,25,6554,6554,180771.399999,180771.399999,1,0.000000,20239.565937,20239.565937
tokyo,run3,"G,E","G,E",-,26,6556,6559,180771.799999,180772.399999,4,0.600000,20239.558195,20239.561556
tokyo,run3,"G,E","G,E",-,27,6560,6563,180773.000000,180773.799999,4,0.799999,10270.732120,20239.547892
tokyo,run3,"G,E","G,E",-,28,6573,6573,180776.200000,180776.200000,1,0.000000,134.271711,134.271711
tokyo,run3,"G,E","G,E",-,29,6591,6591,180779.799999,180779.799999,1,0.000000,107.221331,107.221331
tokyo,run3,"G,E","G,E",-,30,6596,6596,180780.800000,180780.800000,1,0.000000,104.493237,104.493237
tokyo,run3,"G,E","G,E",-,31,6601,6601,180781.800000,180781.800000,1,0.000000,103.474357,103.474357
tokyo,run3,"G,E","G,E",-,32,6608,6608,180783.200000,180783.200000,1,0.000000,101.676849,101.676849
tokyo,run3,"G,E","G,E",-,33,6625,6660,180786.599999,180793.599999,36,7.000000,117.041133,127.361843
tokyo,run3,"G,E","G,E",-,34,6664,6699,180794.400000,180801.399999,36,6.999999,144.624402,216.297859
tokyo,run3,"G,E","G,E",-,35,6796,6817,180820.799999,180825.000000,22,4.200001,105.755429,110.821244
tokyo,run3,"G,E","G,E",-,36,6819,6820,180825.399999,180825.600000,2,0.200001,101.217052,101.527159
tokyo,run3,"G,E","G,E",-,37,6848,6848,180831.200000,180831.200000,1,0.000000,107.411174,107.411174
tokyo,run3,"G,E","G,E",-,38,6851,6857,180831.799999,180833.000000,7,1.200001,209.239602,238.130476
tokyo,run3,"G,E","G,E",-,39,7744,7744,181010.399999,181010.399999,1,0.000000,100.858949,100.858949
tokyo,run3,"G,E","G,E",-,40,9558,9558,181373.200000,181373.200000,1,0.000000,122.874842,122.874842
tokyo,run3,"G,E","G,E",-,41,9681,9681,181397.800000,181397.800000,1,0.000000,457.934627,457.934627
tokyo,run3,"G,E","G,E",-,42,9684,9684,181398.399999,181398.399999,1,0.000000,458.280990,458.280990
tokyo,run3,"G,E","G,E",-,43,12703,12704,182002.399999,182002.600000,2,0.200001,10177.485772,20246.386636
tokyo,run3,"G,E","G,E",-,44,12711,12711,182004.000000,182004.000000,1,0.000000,20246.415289,20246.415289
tokyo,run3,"G,E","G,E",-,45,12747,12747,182011.199999,182011.199999,1,0.000000,116.981517,116.981517
tokyo,run3,"G,E","G,E",-,46,12750,12751,182011.800000,182012.000000,2,0.200000,120.460181,120.577660
tokyo,run3,"G,E","G,E",-,47,12825,12825,182026.799999,182026.799999,1,0.000000,109.788342,109.788342
tokyo,run3,"G,E","G,E",-,48,13006,13006,182063.000000,182063.000000,1,0.000000,109.047329,109.047329
tokyo,run3,"G,E","G,E",-,49,13014,13014,182065.000000,182065.000000,1,0.000000,101.748553,101.748553
tokyo,run3,"G,E","G,E",-,50,13039,13040,182070.000000,182070.199999,2,0.199999,10373.899546,20247.058657
tokyo,run3,"G,E","G,E",-,51,13051,13051,182072.399999,182072.399999,1,0.000000,103.219633,103.219633
tokyo,run3,"G,E","G,E",-,52,13353,13353,182132.799999,182132.799999,1,0.000000,100.438060,100.438060
tokyo,run3,"G,E","G,E",-,53,13450,13451,182152.200000,182152.399999,2,0.199999,364.715044,591.888617
tokyo,run3,"G,E","G,E",-,54,13473,13473,182156.799999,182156.799999,1,0.000000,105.944998,105.944998
tokyo,run3,"G,E","G,E",-,55,13636,13637,182189.399999,182189.600000,2,0.200001,100.410189,100.550544
tokyo,run3,"G,E","G,E",-,56,13639,13641,182190.000000,182190.399999,3,0.399999,100.252555,100.347809
tokyo,run3,"G,E","G,E",-,57,14241,14244,182310.399999,182311.000000,4,0.600001,107.612164,108.639995
tokyo,run3,"G,E","G,E",-,58,14247,14247,182311.600000,182311.600000,1,0.000000,114.129092,114.129092
tokyo,run3,"G,E","G,E",-,59,14294,14300,182321.000000,182322.200000,7,1.200000,100.567840,100.959296
tokyo,run3,"G,E","G,E",-,60,14349,14392,182332.000000,182340.600000,44,8.600000,119.829677,127.055110
tokyo,run3,"G,E","G,E",-,61,14397,14402,182341.600000,182342.600000,6,1.000000,100.387019,100.582676
tokyo,run3,"G,E","G,E",-,62,14406,14415,182343.399999,182345.200000,10,1.800001,100.711603,101.171017
tokyo,run3,"G,E","G,E",-,63,14421,14439,182346.400000,182350.000000,19,3.600000,112.344409,114.451160
tokyo,run3,"G,E","G,E",-,64,14505,14505,182363.199999,182363.199999,1,0.000000,105.103642,105.103642
tokyo,run3,"G,E","G,E",-,65,14506,14507,182364.800000,182365.000000,2,0.200000,20248.349151,20248.350427
