epoch,gps_tow,sat_id,system_id,weight,los_gt,los_wls,los_pf,los_pf3d_bvh,residual_truth_ref,residual_wls,residual_pf,residual_pf3d_bvh
0,187762.600000,G05,0,43.500000,True,True,True,True,32.249103,-2.224401,-4.342715,4.330917
0,187762.600000,G06,0,44.813000,True,True,True,True,-59.413840,-31.127317,-31.045194,-24.391474
0,187762.600000,G07,0,34.875000,True,True,True,True,-22.777098,9.717566,8.821566,30.089731
0,187762.600000,G11,0,49.938000,True,True,True,True,-16.284193,-5.107350,-6.924726,-6.121997
0,187762.600000,G13,0,38.875000,True,True,True,True,46.397418,30.148791,30.511580,29.861145
0,187762.600000,G19,0,21.813000,True,True,True,False,-29.719254,-34.930628,-32.793305,-20.251006
0,187762.600000,G20,0,45.688000,True,True,True,True,2.689077,-4.894869,-7.465376,-0.868717
0,187762.600000,G29,0,38.813000,True,True,True,True,44.033420,-0.735921,-2.979510,17.389262
0,187762.600000,G30,0,42.750000,True,True,True,True,-2.810140,29.238088,29.489370,41.884840
1,187762.800000,G05,0,43.375000,True,True,True,False,31.650126,-2.689729,-3.790562,4.433249
1,187762.800000,G06,0,45.125000,True,True,True,False,-60.009600,-31.576013,-32.277220,-26.493748
1,187762.800000,G07,0,34.125000,True,True,True,False,-23.250517,10.589780,7.597801,39.498852
1,187762.800000,G11,0,49.875000,True,True,True,False,-16.914820,-4.975536,-6.626307,-9.116789
1,187762.800000,G13,0,42.000000,True,True,True,False,45.793536,28.224706,29.826259,20.150650
1,187762.800000,G19,0,20.688000,True,True,True,False,-29.228185,-36.199264,-34.155558,-23.461145
1,187762.800000,G20,0,45.500000,True,True,True,False,2.144074,-4.451287,-6.726482,0.345759
1,187762.800000,G29,0,39.063000,True,True,True,False,43.465504,-0.953227,-2.765960,24.582750
1,187762.800000,G30,0,42.438000,True,True,True,False,-3.344753,29.019638,27.921572,43.335929
2,187763.000000,G05,0,43.313000,True,True,True,False,29.296653,-3.877970,-3.809855,9.473854
2,187763.000000,G06,0,45.250000,True,True,True,False,-62.449736,-28.102142,-30.330732,-25.096463
2,187763.000000,G11,0,49.938000,True,True,True,False,-19.325525,-5.158399,-5.578416,-4.049361
2,187763.000000,G13,0,42.875000,True,True,True,False,43.352119,22.445799,31.260076,19.852017
2,187763.000000,G19,0,21.625000,True,True,True,False,-30.926632,-34.351709,-31.383210,-26.330924
2,187763.000000,G20,0,45.813000,True,True,True,False,-0.266324,-3.282141,-6.452945,6.810762
2,187763.000000,G29,0,38.750000,True,True,True,False,41.143746,2.853476,-3.266292,29.998648
2,187763.000000,G30,0,42.500000,True,True,True,False,-5.883530,35.705251,29.768969,44.483660
3,187763.199999,G05,0,43.688000,True,True,True,False,29.289062,-3.801955,-3.066506,11.268807
3,187763.199999,G06,0,45.000000,True,True,True,False,-62.495588,-28.068692,-27.610908,-20.166558
3,187763.199999,G11,0,49.938000,True,True,True,False,-19.356679,-5.233713,-3.931146,0.570769
3,187763.199999,G13,0,42.625000,True,True,True,False,43.229916,22.648794,34.123136,20.848714
3,187763.199999,G19,0,22.438000,True,True,True,False,-30.369913,-33.361957,-27.246055,-24.357901
3,187763.199999,G20,0,45.750000,True,True,True,False,-0.319804,-3.408247,-5.751337,10.766974
3,187763.199999,G29,0,39.000000,True,True,True,False,41.128132,2.905223,-3.272335,31.644043
3,187763.199999,G30,0,42.438000,True,True,True,False,-5.920318,35.730866,32.351851,49.865861
4,187763.399999,G05,0,43.688000,True,True,True,False,35.573500,12.397267,-0.574371,10.064849
4,187763.399999,G06,0,45.063000,True,True,True,False,-56.265023,-24.853852,-23.622356,-19.853862
4,187763.399999,G11,0,50.063000,True,True,True,False,-13.067970,5.129816,-1.185962,0.597049
4,187763.399999,G19,0,21.188000,True,True,True,False,-23.854955,0.563365,-20.038469,-24.659902
4,187763.399999,G20,0,45.625000,True,True,True,False,5.953077,-5.451646,-4.354267,10.240069
4,187763.399999,G29,0,39.125000,True,True,True,False,47.351233,-9.236002,-2.385923,29.968171
4,187763.399999,G30,0,42.625000,True,True,True,False,0.393432,21.576930,35.734599,50.279406
5,187763.600000,G05,0,43.875000,True,True,True,False,31.562544,-2.042105,-5.427030,4.352010
5,187763.600000,G06,0,45.000000,True,True,True,False,-60.227353,-30.261515,-27.223058,-21.740524
5,187763.600000,G07,0,21.125000,True,True,True,False,-21.969905,12.585469,9.342197,50.116507
5,187763.600000,G11,0,50.063000,True,True,True,False,-17.094757,-4.716972,-5.573688,-2.026717
5,187763.600000,G13,0,36.438000,True,True,True,False,45.196985,29.935268,35.713848,15.062031
5,187763.600000,G19,0,23.313000,True,True,True,False,-27.599622,-31.222908,-23.629666,-29.062086
5,187763.600000,G20,0,45.688000,True,True,True,False,1.914287,-4.575169,-8.863499,6.415250
5,187763.600000,G29,0,39.313000,True,True,True,False,43.337207,-0.377933,-6.865362,23.407867
5,187763.600000,G30,0,42.188000,True,True,True,False,-3.538447,30.403187,32.528115,48.553555
6,187763.800000,G05,0,43.688000,True,True,True,False,33.286554,0.033055,-5.970652,2.068365
6,187763.800000,G06,0,44.813000,True,True,True,False,-58.466683,-28.789738,-24.846425,-20.606699
6,187763.800000,G07,0,19.938000,False,True,True,False,-20.766200,7.583812,11.928040,50.409404
6,187763.800000,G11,0,49.938000,True,True,True,False,-15.304918,-3.067713,-4.772671,-1.476534
6,187763.800000,G13,0,23.313000,True,True,True,False,46.875326,36.950394,35.996362,13.959788
6,187763.800000,G19,0,23.250000,True,True,True,False,-25.397458,-25.702960,-21.016758,-29.632681
6,187763.800000,G20,0,45.625000,True,True,True,False,3.682185,-4.390325,-8.648538,5.739234
6,187763.800000,G29,0,38.875000,True,True,True,False,45.064343,-1.129122,-7.086463,20.122183
6,187763.800000,G30,0,42.188000,True,True,True,False,-1.849143,30.128764,35.388816,49.593349
7,187764.000000,G05,0,43.500000,True,True,True,False,32.799303,-0.430123,-8.097845,0.724236
7,187764.000000,G06,0,44.688000,True,True,True,False,-58.916227,-29.283705,-24.382358,-19.178623
7,187764.000000,G07,0,19.563000,False,True,True,False,-21.318725,8.461626,12.886228,50.246080
7,187764.000000,G11,0,49.875000,True,True,True,False,-15.781525,-3.189574,-5.262984,-0.966505
7,187764.000000,G13,0,24.875000,True,True,True,False,47.086301,35.617686,35.086547,15.670432
7,187764.000000,G19,0,21.875000,True,True,True,False,-25.721658,-27.608815,-21.557658,-28.331362
7,187764.000000,G20,0,45.500000,True,True,True,False,3.201694,-4.146754,-9.748003,4.986866
7,187764.000000,G29,0,39.313000,True,True,True,False,44.577043,-1.073663,-9.276673,17.576379
7,187764.000000,G30,0,42.375000,True,True,True,False,-2.277390,29.964010,36.209764,50.779147
8,187764.199999,G05,0,43.188000,True,True,True,False,33.005402,-0.275018,-6.250973,-0.768919
8,187764.199999,G06,0,44.750000,True,True,True,False,-58.781069,-29.479539,-21.490968,-18.181185
8,187764.199999,G07,0,21.875000,False,True,True,False,-20.784952,8.090951,15.579573,50.316742
8,187764.199999,G11,0,49.938000,True,True,True,False,-15.582049,-2.779821,-2.317276,-0.912309
8,187764.199999,G13,0,24.063000,True,True,True,False,47.329886,35.910706,37.690645,16.475184
8,187764.199999,G19,0,20.375000,True,True,True,False,-25.444384,-28.144387,-19.343291,-27.117769
8,187764.199999,G20,0,45.375000,True,True,True,False,3.343765,-3.943516,-7.429634,3.853107
8,187764.199999,G29,0,39.250000,True,True,True,False,44.716081,-1.505810,-8.199070,15.031934
8,187764.199999,G30,0,42.063000,True,True,True,False,-2.127202,29.486213,38.916248,51.610778
9,187764.399999,G05,0,43.250000,True,False,True,False,37.657202,-1.131773,-5.781180,-3.912694
9,187764.399999,G06,0,44.750000,True,False,True,False,-54.190818,-28.324669,-19.300810,-17.679571
9,187764.399999,G07,0,20.875000,False,False,True,False,-15.790462,28.799788,22.431499,50.034022
9,187764.399999,G09,0,22.313000,False,False,False,False,-67.989362,-31.768951,-49.960785,-8.388700
9,187764.399999,G11,0,49.875000,True,False,True,False,-10.970546,-6.281731,-2.257281,-1.815135
9,187764.399999,G13,0,23.375000,True,False,True,False,52.210574,21.901646,36.368035,16.170014
9,187764.399999,G19,0,20.688000,True,False,True,False,-20.187790,-29.553295,-16.350229,-26.306918
9,187764.399999,G20,0,45.500000,True,False,True,False,7.945327,-2.078686,-6.477029,1.501997
9,187764.399999,G29,0,39.063000,True,False,True,False,49.248612,9.259266,-5.035848,10.692336
9,187764.399999,G30,0,42.250000,True,False,True,False,2.416700,37.154499,42.776389,51.999356
10,187764.600000,G05,0,43.125000,True,False,True,False,37.721796,-0.857663,-6.264532,-3.845098
10,187764.600000,G06,0,44.875000,True,False,True,False,-54.171474,-28.286246,-17.070413,-14.187866
10,187764.600000,G07,0,21.375000,False,False,True,False,-15.342939,28.363848,26.636515,53.506067
10,187764.600000,G09,0,20.375000,False,False,False,False,-69.472462,-34.599374,-47.563169,-8.066726
10,187764.600000,G11,0,49.875000,True,False,True,False,-10.915785,-5.933551,-1.320389,0.613099
10,187764.600000,G13,0,21.250000,True,False,True,False,52.675602,23.155649,36.269477,18.342813
10,187764.600000,G19,0,20.250000,True,False,True,False,-19.778576,-28.983715,-14.786426,-23.596411
10,187764.600000,G20,0,45.625000,True,False,True,False,7.936998,-2.021876,-5.950538,2.666815
10,187764.600000,G29,0,38.750000,True,False,True,False,49.247472,8.913046,-4.999140,9.874754
10,187764.600000,G30,0,41.813000,True,False,True,False,2.457812,36.894820,45.731853,55.572957
11,187764.800000,G05,0,43.188000,True,False,True,False,37.763643,-0.855024,-7.605449,-3.030098
11,187764.800000,G06,0,44.875000,True,False,True,False,-54.186598,-28.175828,-16.584839,-10.675838
11,187764.800000,G07,0,19.938000,False,False,False,False,-15.303622,29.022478,29.196628,56.086618
11,187764.800000,G09,0,20.000000,True,False,False,False,-71.013096,-35.300361,-45.846754,-8.340200
11,187764.800000,G11,0,49.938000,True,False,True,False,-10.890425,-5.873325,-2.409376,3.172601
11,187764.800000,G13,0,20.375000,True,False,True,False,52.897556,22.992608,34.715670,21.323377
11,187764.800000,G19,0,20.688000,True,False,True,False,-18.706474,-28.045510,-13.038479,-19.339128
11,187764.800000,G20,0,45.563000,True,False,True,False,7.957116,-1.873263,-6.893418,4.112836
11,187764.800000,G29,0,38.875000,True,False,True,False,49.198318,9.066212,-5.110413,9.705966
11,187764.800000,G30,0,42.125000,True,False,True,False,2.468750,37.189551,47.184963,59.015034
12,187765.000000,G05,0,43.000000,True,False,True,False,37.091802,-1.127556,-9.372336,-5.628421
12,187765.000000,G06,0,44.750000,True,False,True,False,-54.869696,-28.435257,-17.995362,-11.121210
12,187765.000000,G07,0,18.938000,True,False,False,False,-15.063940,30.088266,30.007026,55.546129
12,187765.000000,G09,0,18.625000,True,False,False,False,-73.555377,-36.833481,-47.259225,-12.787441
12,187765.000000,G11,0,49.938000,True,False,True,False,-11.551467,-6.015313,-3.823081,1.949783
12,187765.000000,G13,0,23.125000,True,False,True,False,51.604867,21.687671,31.267444,19.890192
12,187765.000000,G19,0,20.563000,True,False,True,False,-19.638020,-28.990322,-15.740370,-20.130084
12,187765.000000,G20,0,45.438000,True,False,True,False,7.318681,-1.904785,-8.051218,1.977268
12,187765.000000,G29,0,39.063000,True,False,True,False,48.514793,8.914102,-6.357657,6.283784
12,187765.000000,G30,0,42.438000,True,False,True,False,1.775598,37.007069,46.123418,58.421417
13,187765.199999,G05,0,43.313000,True,True,True,False,36.903788,-1.232741,-10.813931,-7.378795
13,187765.199999,G06,0,44.688000,True,False,True,False,-55.035489,-28.610220,-18.007828,-10.570237
13,187765.199999,G07,0,19.000000,True,False,False,False,-14.918721,30.759807,32.009119,55.792262
13,187765.199999,G09,0,18.375000,True,False,False,False,-75.423855,-37.865162,-46.602670,-15.544421
13,187765.199999,G11,0,49.875000,True,False,True,False,-11.718530,-6.178834,-5.119494,1.873228
13,187765.199999,G13,0,24.438000,True,True,True,False,51.240595,20.912313,29.234901,19.302755
13,187765.199999,G19,0,20.688000,True,False,True,False,-19.591039,-29.174312,-15.362141,-20.151831
13,187765.199999,G20,0,45.313000,True,True,True,False,7.166193,-1.872520,-9.152622,1.021164
13,187765.199999,G29,0,38.750000,True,True,True,False,48.353118,9.127717,-6.642271,3.800264
13,187765.199999,G30,0,42.563000,True,False,True,False,1.633334,37.005993,46.912879,58.919877
14,187765.399999,G05,0,43.188000,True,True,True,False,37.025607,-1.811251,-12.323226,-9.744065
14,187765.399999,G06,0,44.688000,True,False,True,False,-54.956732,-29.117251,-17.949693,-10.671585
14,187765.399999,G07,0,19.313000,True,False,False,False,-14.756112,33.451710,33.148088,55.023926
14,187765.399999,G09,0,21.188000,True,False,False,False,-77.151751,-35.517563,-47.107330,-19.135800
14,187765.399999,G11,0,49.875000,True,True,True,False,-11.630711,-6.440076,-6.434285,0.488044
14,187765.399999,G13,0,27.750000,True,True,True,False,52.240098,18.342751,28.908142,19.714366
14,187765.399999,G19,0,19.125000,True,False,True,False,-19.132045,-31.599921,-14.372574,-19.273059
14,187765.399999,G20,0,45.250000,True,True,False,False,7.203234,-1.396285,-10.592116,-1.244436
14,187765.399999,G29,0,38.750000,True,True,True,False,48.420249,9.866461,-7.443343,0.954939
14,187765.399999,G30,0,42.500000,True,False,True,False,1.661387,37.254160,47.520937,58.832868
15,187765.600000,G05,0,43.125000,True,True,True,False,37.433246,-2.545490,-13.794902,-10.249304
15,187765.600000,G06,0,44.563000,True,False,True,False,-54.589228,-29.276985,-17.415981,-8.527670
15,187765.600000,G07,0,18.813000,True,False,False,False,-13.435904,38.969897,36.417865,57.328564
15,187765.600000,G09,0,28.750000,True,False,False,False,-78.221719,-29.985102,-45.707173,-20.329671
15,187765.600000,G11,0,49.688000,True,True,True,False,-11.259785,-7.270882,-7.340067,1.444281
15,187765.600000,G13,0,36.000000,True,True,True,False,52.406897,13.768785,26.924467,20.901918
15,187765.600000,G19,0,19.500000,True,False,True,False,-17.431394,-32.295990,-12.716735,-15.777926
15,187765.600000,G20,0,45.125000,True,True,False,False,7.583671,-1.008233,-11.490670,-1.275903
15,187765.600000,G29,0,39.000000,True,True,True,False,48.809344,11.672305,-7.898142,-0.217633
15,187765.600000,G30,0,42.188000,True,False,True,False,2.061193,38.613427,48.910209,61.022775
16,187765.800000,G05,0,42.813000,True,True,True,False,36.561746,-4.607850,-10.399879,-7.321273
16,187765.800000,G06,0,44.500000,True,False,True,False,-55.480800,-24.986025,-10.787349,-2.413941
16,187765.800000,G09,0,30.250000,True,False,False,False,-80.140022,-17.714064,-39.186300,-17.413115
16,187765.800000,G11,0,49.500000,True,False,False,False,-12.146679,-6.253290,-2.445543,6.169677
16,187765.800000,G13,0,40.250000,True,True,True,False,51.416291,8.749236,30.918489,25.940501
16,187765.800000,G19,0,19.813000,True,False,True,False,-17.706519,-31.242734,-5.983068,-9.116215
16,187765.800000,G20,0,44.938000,True,False,False,False,6.708667,0.189119,-7.163272,2.286350
16,187765.800000,G29,0,38.875000,True,True,False,False,47.868801,12.699338,-4.133570,1.884987
16,187765.800000,G30,0,42.188000,True,False,False,False,1.138089,45.491902,56.183246,67.132240
17,187766.000000,G05,0,42.813000,True,True,False,False,36.443845,-4.674625,-14.373666,-9.453010
17,187766.000000,G06,0,44.375000,True,False,False,False,-55.625860,-24.962566,-11.420164,-1.268497
17,187766.000000,G09,0,30.438000,True,False,False,False,-81.144948,-17.865474,-41.056086,-18.577818
17,187766.000000,G11,0,49.438000,True,False,False,False,-12.282557,-6.161557,-4.605043,5.893466
17,187766.000000,G13,0,41.563000,True,True,False,False,51.110354,8.050860,28.059948,25.462261
17,187766.000000,G19,0,19.375000,True,False,False,False,-17.477945,-31.351554,-6.845839,-7.960287
17,187766.000000,G20,0,45.063000,True,False,False,False,6.567436,0.358761,-10.205123,0.936958
17,187766.000000,G29,0,39.063000,True,True,False,False,47.699690,12.741316,-8.286673,-0.821477
17,187766.000000,G30,0,42.000000,True,False,False,False,0.960390,45.599775,55.912216,68.416457
18,187766.199999,G05,0,42.563000,True,True,False,False,36.679624,-4.531736,-16.884388,-9.914730
18,187766.199999,G06,0,44.438000,True,False,False,False,-55.439128,-24.781113,-11.703159,0.816829
18,187766.199999,G09,0,28.625000,True,False,False,False,-82.142326,-19.170301,-41.757300,-18.988791
18,187766.199999,G11,0,49.563000,True,False,False,False,-12.046638,-6.193586,-5.907490,6.940317
18,187766.199999,G13,0,38.688000,True,True,False,False,51.259399,8.481275,25.779471,26.431670
18,187766.199999,G19,0,20.125000,True,False,False,False,-16.937008,-30.262032,-7.484959,-5.819966
18,187766.199999,G20,0,45.188000,True,True,False,False,6.778040,0.254968,-11.934724,1.083290
18,187766.199999,G29,0,38.688000,True,True,False,False,47.956075,12.924813,-10.511700,-1.751261
18,187766.199999,G30,0,41.938000,True,False,False,False,1.118883,45.762150,56.062247,70.568126
19,187766.399999,G05,0,42.688000,True,True,False,False,38.300335,-3.875346,-17.100266,-13.465762
19,187766.399999,G06,0,44.563000,True,False,False,False,-53.782732,-24.476669,-9.097556,0.544753
19,187766.399999,G09,0,26.188000,True,False,False,False,-81.794092,-21.952545,-40.747093,-21.368611
19,187766.399999,G11,0,49.688000,True,True,False,False,-10.410721,-5.756648,-4.345158,5.143224
19,187766.399999,G13,0,24.750000,True,True,False,False,53.081508,10.255504,26.637064,24.607924
19,187766.399999,G19,0,20.125000,True,False,False,False,-14.189573,-28.093635,-4.812263,-5.372210
19,187766.399999,G20,0,45.313000,True,True,False,False,8.416731,0.466041,-11.122686,-1.631825
19,187766.399999,G29,0,38.313000,True,True,False,False,49.516384,12.946576,-11.022508,-5.616364
19,187766.399999,G30,0,41.875000,True,False,False,False,2.730890,45.648597,58.896963,70.557592
20,187766.600000,G05,0,42.563000,True,True,False,False,31.236049,-1.732284,-20.960404,-16.520033
20,187766.600000,G06,0,44.688000,True,True,False,False,-60.819678,-28.456021,-11.795632,1.106769
20,187766.600000,G11,0,49.688000,True,True,False,False,-17.467257,-2.863407,-7.618908,3.855434
20,187766.600000,G13,0,26.063000,True,True,False,False,46.454492,29.276896,24.661151,24.558899
20,187766.600000,G19,0,21.188000,True,True,False,False,-21.817230,-26.380623,-7.613276,-4.998463
20,187766.600000,G20,0,45.438000,True,True,False,False,1.310962,-2.615791,-15.047032,-4.205384
20,187766.600000,G29,0,38.438000,True,True,False,False,42.399614,0.461062,-15.516985,-9.341799
20,187766.600000,G30,0,42.000000,True,True,False,False,-4.320974,32.968899,56.013320,71.241179
21,187766.800000,G05,0,42.813000,True,True,False,False,36.265855,-4.221644,-19.482844,-16.752032
21,187766.800000,G06,0,44.750000,True,False,False,False,-55.760010,-24.802758,-7.345445,3.725682
21,187766.800000,G09,0,21.375000,True,False,False,False,-85.946685,-24.666132,-43.427872,-23.474574
21,187766.800000,G11,0,49.750000,True,True,False,False,-12.409714,-6.331287,-4.435157,4.999263
21,187766.800000,G13,0,30.875000,True,True,False,False,52.623037,11.783484,28.413711,27.049204
21,187766.800000,G19,0,21.750000,True,False,False,False,-17.267566,-28.927331,-4.325842,-2.788915
21,187766.800000,G20,0,45.625000,True,True,False,False,6.383089,-0.139859,-12.643359,-3.867533
21,187766.800000,G29,0,38.438000,True,True,False,False,47.423506,12.600227,-14.233402,-9.784113
21,187766.800000,G30,0,42.313000,True,False,False,False,0.799855,45.383043,60.832741,74.183832
22,187767.000000,G05,0,42.813000,True,True,False,False,30.390928,-2.686651,-23.671894,-18.970274
22,187767.000000,G06,0,44.688000,True,True,False,False,-61.564493,-28.795173,-10.120997,4.555567
22,187767.000000,G11,0,49.750000,True,True,False,False,-18.295174,-3.608409,-7.660988,4.334397
22,187767.000000,G13,0,29.875000,True,True,False,False,47.641972,27.682213,26.469579,27.256375
22,187767.000000,G19,0,20.750000,True,True,False,False,-23.470761,-29.369530,-7.611318,-2.564662
22,187767.000000,G20,0,45.375000,True,True,False,False,0.574387,-2.455731,-16.498108,-5.330394
22,187767.000000,G29,0,38.813000,True,True,False,False,41.496771,1.154171,-19.242555,-12.329749
22,187767.000000,G30,0,42.438000,True,True,False,False,-5.012264,33.705269,57.824856,75.260420
23,187767.199999,G05,0,43.000000,True,True,False,False,30.545443,-2.407532,-24.278077,-21.923994
23,187767.199999,G06,0,44.813000,True,True,False,False,-61.354224,-28.857326,-8.420008,4.928723
23,187767.199999,G11,0,49.750000,True,True,False,False,-18.148126,-3.151801,-7.136405,3.092373
23,187767.199999,G13,0,27.688000,True,True,False,False,47.942926,28.600550,27.762478,26.396475
23,187767.199999,G19,0,19.250000,True,True,False,False,-23.481917,-29.821318,-5.846183,-2.476936
23,187767.199999,G20,0,45.438000,True,True,False,False,0.758684,-2.214777,-16.770328,-7.580916
23,187767.199999,G29,0,39.125000,True,True,False,False,41.695930,0.724691,-20.307952,-15.693675
23,187767.199999,G30,0,42.375000,True,True,False,False,-4.775484,33.226176,59.575427,75.854159
24,187767.399999,G05,0,42.688000,True,True,True,False,30.396353,-2.600709,-25.050681,-22.779753
24,187767.399999,G06,0,44.375000,True,True,False,False,-61.545939,-28.988113,-7.490935,6.935165
24,187767.399999,G11,0,49.563000,True,True,False,False,-18.257772,-3.202995,-6.998297,3.715201
24,187767.399999,G13,0,28.563000,True,True,True,False,47.804554,27.789739,28.614113,26.642352
24,187767.399999,G19,0,18.813000,True,True,False,False,-23.758297,-30.545112,-4.603792,-0.869389
24,187767.399999,G20,0,45.063000,True,True,True,False,0.584749,-2.161389,-17.420044,-7.714862
24,187767.399999,G29,0,38.563000,True,True,True,False,41.526396,0.842499,-21.627148,-16.522943
24,187767.399999,G30,0,42.063000,True,True,False,False,-4.939213,33.328885,60.473591,78.306635
25,187767.600000,G05,0,42.438000,True,True,True,False,27.705672,-4.726238,-26.757979,-25.955206
25,187767.600000,G06,0,44.750000,True,True,False,False,-64.266413,-34.967373,-8.518836,6.411939
25,187767.600000,G11,0,49.625000,True,True,True,False,-20.938813,3.873248,-8.276620,1.873594
25,187767.600000,G13,0,37.125000,True,True,True,False,44.516706,9.408965,28.066349,24.467030
25,187767.600000,G20,0,45.125000,True,True,True,False,-2.089329,6.184791,-19.360288,-10.374926
25,187767.600000,G29,0,38.750000,True,True,True,False,38.805674,-4.261079,-24.272125,-20.017599
25,187767.600000,G30,0,42.500000,True,True,False,False,-7.597280,26.114646,59.101138,78.045316
26,187767.800000,G05,0,42.750000,True,True,True,False,26.990721,-4.845173,-26.738861,-26.879922
26,187767.800000,G06,0,44.438000,True,True,False,False,-65.011108,-35.109447,-6.378994,8.057570
26,187767.800000,G11,0,49.688000,True,True,True,False,-21.680661,3.815617,-7.270788,1.874112
26,187767.800000,G13,0,41.375000,True,True,True,False,43.382048,8.482458,29.649600,24.144699
26,187767.800000,G20,0,45.250000,True,True,True,False,-2.776595,6.273308,-19.167525,-10.827577
26,187767.800000,G29,0,39.063000,True,True,True,False,38.175696,-4.158442,-24.752836,-20.508510
26,187767.800000,G30,0,42.250000,True,True,False,False,-8.240699,26.162052,61.300050,80.312058
27,187768.000000,G05,0,42.688000,True,True,True,False,32.887198,-5.552901,-26.602477,-25.283947
27,187768.000000,G06,0,44.375000,True,True,False,False,-59.127926,-30.413625,-4.004667,12.472791
27,187768.000000,G09,0,19.500000,True,True,False,False,-95.113633,-28.840649,-56.374349,-23.250099
27,187768.000000,G11,0,49.750000,True,True,True,False,-15.803098,1.182881,-6.160384,4.820818
27,187768.000000,G13,0,43.125000,True,True,True,False,48.821114,-4.173512,30.485440,26.021129
27,187768.000000,G20,0,45.375000,True,True,True,False,3.073246,8.355602,-18.674707,-8.467429
27,187768.000000,G29,0,39.063000,True,True,True,False,43.964462,7.383807,-24.743777,-18.755517
27,187768.000000,G30,0,42.063000,True,True,False,False,-2.410904,38.100108,63.903248,85.201437
28,187768.199999,G05,0,42.625000,True,True,True,False,27.110183,-4.638616,-30.496449,-29.540035
28,187768.199999,G06,0,44.438000,True,True,False,False,-64.928219,-34.993245,-6.292814,11.107372
28,187768.199999,G11,0,49.563000,True,True,True,False,-21.595462,3.820965,-8.920142,1.991508
28,187768.199999,G13,0,42.000000,True,True,True,False,42.631120,8.262742,27.153324,22.177675
28,187768.199999,G20,0,45.313000,True,True,True,False,-2.755055,6.134653,-22.103388,-11.941230
28,187768.199999,G29,0,38.875000,True,True,True,False,38.126925,-4.250749,-29.218959,-22.870678
28,187768.199999,G30,0,42.250000,True,True,False,False,-8.232116,26.120839,61.548578,84.320644
29,187768.399999,G05,0,42.375000,True,True,True,False,30.414145,-3.471352,-28.809036,-27.837247
29,187768.399999,G06,0,44.500000,True,True,False,False,-61.529331,-27.025035,-3.108432,15.992083
29,187768.399999,G11,0,49.563000,True,True,True,False,-18.192386,-6.910535,-6.166480,5.343928
29,187768.399999,G13,0,39.625000,True,True,True,False,45.841299,26.773526,30.273633,25.332743
29,187768.399999,G19,0,21.563000,True,True,True,False,-42.533486,-40.322227,-17.999078,-11.293957
29,187768.399999,G20,0,45.313000,True,True,True,False,0.683768,-5.139415,-20.069298,-9.420092
29,187768.399999,G29,0,38.875000,True,True,True,False,41.692565,3.974904,-28.088353,-21.098247
29,187768.399999,G30,0,41.938000,True,True,False,False,-4.772971,37.654265,64.544648,89.575586
30,187768.600000,G05,0,42.438000,True,True,True,False,30.407774,-3.313230,-29.910856,-31.907649
30,187768.600000,G06,0,44.563000,True,True,False,False,-61.545490,-27.378790,-3.311768,14.653829
30,187768.600000,G11,0,49.688000,True,True,True,False,-18.105210,-6.380361,-6.565507,2.785743
30,187768.600000,G13,0,38.000000,True,True,True,False,46.068911,27.036698,30.871535,22.409554
30,187768.600000,G19,0,20.625000,True,True,True,False,-41.456834,-40.336336,-16.760780,-12.004467
30,187768.600000,G20,0,45.375000,True,True,True,False,0.685384,-4.792223,-21.188432,-12.703075
30,187768.600000,G29,0,39.000000,True,True,True,False,41.652298,3.532115,-30.009459,-25.152319
30,187768.600000,G30,0,42.188000,True,True,False,False,-4.723907,37.023615,64.101154,88.705063
31,187768.800000,G05,0,42.438000,True,True,True,False,30.243589,-3.307202,-30.360339,-33.320527
31,187768.800000,G06,0,44.500000,True,True,False,False,-61.639498,-27.657934,-1.601182,16.139575
31,187768.800000,G11,0,49.688000,True,True,True,False,-18.230218,-5.969564,-5.986308,2.942274
31,187768.800000,G13,0,37.188000,True,True,True,False,46.050102,26.874048,32.199243,21.788460
31,187768.800000,G19,0,19.500000,True,True,True,False,-40.984566,-40.991209,-14.107428,-10.723577
31,187768.800000,G20,0,45.500000,True,True,True,False,0.592814,-4.410334,-21.327583,-13.104552
31,187768.800000,G29,0,39.125000,True,True,True,False,41.603440,3.211720,-30.747070,-26.295786
31,187768.800000,G30,0,42.250000,True,True,False,False,-4.798023,36.513440,65.882615,90.688523
32,187769.000000,G05,0,42.625000,True,True,True,False,27.604137,-4.712542,-30.518106,-33.316904
32,187769.000000,G06,0,44.625000,True,True,False,False,-64.225999,-34.900239,0.063941,18.415562
32,187769.000000,G11,0,49.813000,True,True,True,False,-20.790256,3.914767,-5.247115,4.298027
32,187769.000000,G13,0,36.250000,True,True,True,False,43.876565,9.594134,33.903540,22.496871
32,187769.000000,G20,0,45.438000,True,True,True,False,-2.005326,6.019577,-21.259150,-12.191758
32,187769.000000,G29,0,39.313000,True,True,True,False,39.091916,-4.121799,-31.106549,-25.962547
32,187769.000000,G30,0,42.125000,True,True,False,False,-7.386209,26.208294,67.594269,93.389193
33,187769.199999,G05,0,42.563000,True,True,True,False,27.833403,-4.729457,-31.097960,-34.068205
33,187769.199999,G06,0,44.500000,True,True,False,False,-64.009883,-34.844025,1.582830,19.535204
33,187769.199999,G11,0,49.625000,True,True,True,False,-20.550294,3.921873,-4.795058,4.790583
33,187769.199999,G13,0,34.375000,True,True,True,False,44.495361,10.084187,35.030632,21.886094
33,187769.199999,G20,0,45.313000,True,True,True,False,-1.746679,6.009656,-21.449607,-11.937763
33,187769.199999,G29,0,38.938000,True,True,True,False,39.356446,-4.123216,-31.890846,-26.401949
33,187769.199999,G30,0,41.813000,True,True,False,False,-7.157273,26.279538,69.273138,94.955288
34,187769.399999,G05,0,41.625000,True,True,True,False,28.074274,-4.674446,-34.466673,-36.996267
34,187769.399999,G06,0,44.000000,True,True,False,False,-63.693724,-34.844660,-0.706674,19.246218
34,187769.399999,G11,0,49.000000,True,True,True,False,-20.294344,3.928482,-7.685689,3.334795
34,187769.399999,G13,0,32.063000,True,True,True,False,44.965753,10.646666,32.528936,19.621817
34,187769.399999,G20,0,44.813000,True,True,True,False,-1.478500,5.955898,-24.637412,-13.894523
34,187769.399999,G29,0,38.750000,True,True,True,False,39.714860,-4.142579,-35.240887,-29.056714
34,187769.399999,G30,0,41.625000,True,True,False,False,-6.872713,26.126185,67.028708,95.082845
35,187769.600000,G05,0,41.188000,True,True,True,False,28.277468,-4.732574,-34.791839,-38.242069
35,187769.600000,G06,0,43.375000,True,True,False,False,-63.514732,-34.714162,0.543107,20.056532
35,187769.600000,G11,0,48.313000,True,True,True,False,-20.165768,3.899456,-7.422709,3.109028
35,187769.600000,G13,0,29.938000,True,True,True,False,45.813595,11.244512,34.447755,19.011179
35,187769.600000,G20,0,44.250000,True,True,True,False,-1.269912,5.979470,-24.945138,-14.308304
35,187769.600000,G29,0,38.000000,True,True,True,False,39.963601,-4.112673,-35.935673,-29.838223
35,187769.600000,G30,0,40.500000,True,True,False,False,-6.653401,26.353320,68.290066,96.454609
36,187769.800000,G05,0,40.875000,True,True,True,False,30.606339,-2.310888,-38.204409,-45.699131
36,187769.800000,G06,0,43.375000,True,True,True,False,-61.104102,-37.124343,-0.702847,15.589643
36,187769.800000,G07,0,19.813000,True,True,False,False,-13.795310,15.127248,49.753597,91.330281
36,187769.800000,G11,0,48.375000,True,True,True,False,-17.836846,4.235449,-9.775724,-2.736845
36,187769.800000,G13,0,22.063000,True,True,True,False,48.612267,22.360515,33.332488,13.778207
36,187769.800000,G20,0,44.313000,True,True,True,False,1.040317,4.131268,-28.156826,-21.141109
36,187769.800000,G29,0,37.750000,True,True,True,False,42.272377,-7.877767,-39.956025,-37.815772
36,187769.800000,G30,0,41.500000,True,True,False,False,-4.310217,19.785463,66.928583,92.045006
37,187770.000000,G05,0,41.750000,True,True,True,False,29.169930,-4.193204,-35.014793,-40.538768
37,187770.000000,G06,0,43.938000,True,True,True,False,-62.454993,-34.714772,4.228562,23.690728
37,187770.000000,G11,0,48.875000,True,True,True,False,-19.224192,3.948328,-5.542895,4.143735
37,187770.000000,G13,0,24.188000,True,True,True,False,47.179474,13.791500,37.947003,19.433890
37,187770.000000,G20,0,44.688000,True,True,True,False,-0.328819,5.696263,-24.620791,-14.834618
37,187770.000000,G29,0,38.500000,True,True,True,False,40.954651,-4.328002,-37.248520,-32.415864
37,187770.000000,G30,0,42.188000,True,True,False,False,-5.626045,25.738931,71.793798,100.654588
38,187770.199999,G05,0,41.813000,True,True,True,False,30.180842,-2.472517,-40.040524,-47.323910
38,187770.199999,G06,0,43.938000,True,True,True,False,-61.421984,-37.626219,0.702551,19.479202
38,187770.199999,G07,0,21.063000,True,True,False,False,-11.726255,16.448521,51.767994,98.313872
38,187770.199999,G11,0,48.813000,True,True,True,False,-18.159949,4.333785,-10.141473,-1.155031
38,187770.199999,G13,0,23.688000,True,True,True,False,48.355408,22.394529,34.908469,14.126242
38,187770.199999,G20,0,44.438000,True,True,True,False,0.731929,4.147438,-29.844122,-20.921481
38,187770.199999,G29,0,37.625000,True,True,True,False,42.062620,-8.320266,-42.520288,-39.433860
38,187770.199999,G30,0,41.813000,True,True,False,False,-4.552055,19.057911,68.285122,96.656465
39,187770.399999,G05,0,41.813000,True,True,True,False,30.225151,-2.890893,-36.912237,-49.117981
39,187770.399999,G06,0,44.000000,True,True,True,False,-61.433661,-37.819269,4.833440,20.457405
39,187770.399999,G07,0,21.500000,True,True,False,False,-11.663616,16.780370,55.041895,98.614325
39,187770.399999,G11,0,48.875000,True,True,True,False,-18.167863,4.417816,-6.972444,-1.142236
39,187770.399999,G13,0,25.250000,True,True,True,False,48.560032,21.613593,39.822334,14.266697
39,187770.399999,G20,0,44.313000,True,True,True,False,0.773785,4.258679,-27.106506,-21.932310
39,187770.399999,G29,0,35.750000,True,True,True,False,42.214595,-8.680800,-39.539224,-41.935654
39,187770.399999,G30,0,41.563000,True,True,False,False,-4.609928,18.865494,72.333290,97.548606
40,187770.600000,G05,0,41.563000,True,True,True,False,30.336072,-2.959789,-39.615641,-52.488091
40,187770.600000,G06,0,43.625000,True,True,True,False,-61.294119,-37.747099,3.074163,20.630912
40,187770.600000,G07,0,20.375000,True,True,False,False,-10.842074,17.366200,53.189751,99.175730
40,187770.600000,G11,0,48.563000,True,True,True,False,-18.066552,4.448797,-9.579100,-2.791693
40,187770.600000,G13,0,24.375000,True,True,True,False,49.067912,22.112670,38.877230,13.315393
40,187770.600000,G20,0,44.063000,True,True,True,False,0.897095,4.224243,-30.103046,-24.617145
40,187770.600000,G29,0,34.438000,True,True,True,False,42.378423,-8.822417,-42.410747,-45.585957
40,187770.600000,G30,0,41.188000,True,True,False,False,-4.458001,18.902324,70.556293,98.019569
41,187770.800000,G05,0,41.750000,True,True,True,False,29.567775,-4.501893,-37.484648,-45.586708
41,187770.800000,G06,0,43.563000,True,True,True,False,-62.088933,-34.539375,6.375216,31.346977
41,187770.800000,G11,0,48.500000,True,True,True,False,-18.864906,4.009225,-7.559057,6.294153
41,187770.800000,G13,0,23.125000,True,True,True,False,48.492526,14.419826,42.584791,22.411703
41,187770.800000,G20,0,44.000000,True,True,True,False,0.160474,5.764738,-28.350820,-16.680903
41,187770.800000,G29,0,35.375000,True,True,True,False,41.622987,-4.417865,-40.112164,-39.238084
41,187770.800000,G30,0,41.063000,True,True,False,False,-5.250229,25.992266,74.051879,108.962093
42,187771.000000,G05,0,41.500000,True,True,True,False,32.257268,0.223833,-42.022867,-54.211626
42,187771.000000,G06,0,43.250000,True,True,True,False,-59.519037,-30.820386,3.618972,26.469836
42,187771.000000,G07,0,20.438000,True,True,False,False,-7.537058,16.152574,53.547953,105.550749
42,187771.000000,G11,0,48.375000,True,True,True,False,-16.230980,-3.156532,-11.510297,-0.592800
42,187771.000000,G13,0,21.813000,True,True,True,False,51.368296,44.331745,40.533211,16.571581
42,187771.000000,G19,0,18.875000,True,True,True,False,-30.794709,-31.401225,7.326418,1.616899
42,187771.000000,G20,0,43.813000,True,True,True,False,2.764204,-5.000357,-33.178615,-24.839217
42,187771.000000,G29,0,36.625000,True,True,True,False,44.241457,-2.904557,-45.296651,-48.403843
42,187771.000000,G30,0,40.688000,True,True,False,False,-2.604212,26.971425,71.278090,104.407112
43,187771.199999,G05,0,39.500000,True,True,True,False,29.418260,-4.500964,-38.369978,-50.938352
43,187771.199999,G06,0,41.750000,True,True,True,False,-62.386446,-34.773299,8.484515,33.193356
43,187771.199999,G11,0,46.750000,True,True,True,False,-19.087283,4.051634,-7.539226,4.567815
43,187771.199999,G13,0,21.500000,True,True,True,False,49.493588,14.902118,45.762699,22.774463
43,187771.199999,G20,0,40.688000,True,True,True,False,-0.116232,5.918800,-29.469290,-20.810291
43,187771.199999,G29,0,35.938000,True,True,True,False,41.474332,-4.214738,-41.358556,-45.558640
43,187771.199999,G30,0,39.625000,True,True,False,False,-5.424457,26.004013,76.453486,111.379458
44,187771.399999,G05,0,38.875000,True,True,True,False,29.663421,-2.652411,-43.187118,-59.407737
44,187771.399999,G06,0,40.875000,True,True,True,False,-61.989773,-38.711509,4.943630,28.069466
44,187771.399999,G07,0,22.750000,True,True,False,False,-9.517808,17.522760,54.778316,106.702664
44,187771.399999,G11,0,44.438000,True,True,True,False,-18.766886,4.540462,-12.055590,-2.189097
44,187771.399999,G13,0,22.875000,True,True,True,False,50.022731,23.939290,42.705213,16.625207
44,187771.399999,G20,0,40.313000,True,True,True,False,0.060065,4.202769,-34.608990,-28.760050
44,187771.399999,G29,0,35.313000,True,True,True,False,41.904316,-8.972855,-46.243787,-54.323829
44,187771.399999,G30,0,38.938000,True,True,False,False,-5.015640,17.588332,72.905084,106.431543
45,187771.600000,G05,0,39.938000,True,True,True,False,28.771578,-3.336484,-44.589903,-62.920899
45,187771.600000,G06,0,41.375000,True,True,True,False,-62.882998,-40.062435,4.802390,28.213530
45,187771.600000,G07,0,26.813000,True,True,False,False,-10.723260,17.479994,53.946186,105.621128
45,187771.600000,G11,0,45.875000,True,True,True,False,-19.680843,4.438159,-13.191669,-3.525445
45,187771.600000,G13,0,28.938000,True,True,True,False,49.387428,21.152668,42.738988,15.745345
45,187771.600000,G20,0,41.438000,True,True,True,False,-0.820174,4.614373,-36.110896,-31.400017
45,187771.600000,G29,0,36.188000,True,True,True,False,41.040348,-9.366078,-47.666360,-58.704913
45,187771.600000,G30,0,40.000000,True,True,False,False,-5.931723,16.353937,72.854703,106.572452
46,187771.800000,G05,0,41.125000,True,True,True,False,26.791271,-3.966520,-48.393019,-66.378536
46,187771.800000,G06,0,39.000000,True,True,True,False,-64.897802,-41.858676,2.868065,28.554355
46,187771.800000,G07,0,27.000000,True,True,True,False,-12.612193,18.496974,51.917997,105.447339
46,187771.800000,G11,0,47.563000,True,True,True,False,-21.621972,3.882959,-15.842743,-5.019800
46,187771.800000,G13,0,37.188000,True,True,True,False,47.328260,17.135803,39.888012,14.668462
46,187771.800000,G20,0,42.875000,True,True,True,False,-2.751354,5.034186,-39.370977,-34.132970
46,187771.800000,G29,0,37.625000,True,True,True,False,39.056795,-8.970166,-51.790223,-62.710648
46,187771.800000,G30,0,39.563000,True,True,True,False,-7.922368,15.062648,71.034026,107.148013
47,187772.000000,G05,0,41.563000,True,True,True,False,26.717709,-4.259872,-46.647159,-63.492270
47,187772.000000,G06,0,40.438000,True,True,True,False,-64.873039,-40.953307,6.099525,35.592638
47,187772.000000,G07,0,26.875000,True,True,False,False,-12.925222,19.372100,54.244939,111.393240
47,187772.000000,G11,0,48.438000,True,True,True,False,-21.650832,4.020215,-13.492887,-0.004094
47,187772.000000,G13,0,39.500000,True,True,True,False,46.656321,16.631065,42.306375,19.592794
47,187772.000000,G20,0,43.750000,True,True,True,False,-2.853522,4.904750,-37.616389,-30.541056
47,187772.000000,G29,0,37.875000,True,True,True,False,39.116738,-8.940117,-50.188430,-60.336239
47,187772.000000,G30,0,36.313000,True,True,True,False,-8.004665,16.106178,74.176405,114.266865
48,187772.200000,G05,0,41.875000,True,True,True,False,30.449500,-3.958524,-47.162321,-67.962600
48,187772.200000,G06,0,42.438000,True,True,True,False,-61.183079,-39.473741,7.094905,34.487986
48,187772.200000,G07,0,26.125000,True,True,False,False,-9.918406,28.788561,55.409730,108.905019
48,187772.200000,G09,0,20.438000,True,True,True,False,-48.603333,-20.375280,-22.445219,31.314685
48,187772.200000,G11,0,48.500000,True,True,True,False,-17.919939,2.487180,-13.544901,-2.611405
48,187772.200000,G13,0,39.438000,True,True,True,False,49.369539,10.554923,40.996772,16.304781
48,187772.200000,G20,0,43.563000,True,True,True,False,0.900146,5.875956,-37.786968,-34.297874
48,187772.200000,G29,0,37.875000,True,True,True,False,42.820583,-2.924908,-50.200482,-65.479285
48,187772.200000,G30,0,39.375000,True,True,True,False,-4.192342,20.906462,75.774800,113.393973
49,187772.399999,G05,0,42.375000,True,True,True,False,27.474044,-4.009268,-48.902053,-69.582741
49,187772.399999,G06,0,43.625000,True,True,True,False,-64.168640,-40.190106,6.568792,36.326025
49,187772.399999,G07,0,26.000000,True,True,False,False,-12.726857,18.900360,55.233579,110.657046
49,187772.399999,G11,0,49.063000,True,True,True,False,-20.911055,4.374625,-14.942403,-2.409194
49,187772.399999,G13,0,40.938000,True,True,True,False,45.491051,15.990180,38.972680,15.665737
49,187772.399999,G20,0,44.313000,True,True,True,False,-2.137198,4.901817,-39.480068,-35.199378
49,187772.399999,G29,0,38.188000,True,True,True,False,39.817180,-9.045645,-51.793318,-67.522538
49,187772.399999,G30,0,41.000000,True,True,True,False,-7.223019,16.847789,75.444195,115.440225
50,187772.600000,G05,0,42.938000,True,True,True,False,27.436448,-3.876713,-49.564328,-70.394500
50,187772.600000,G06,0,44.500000,True,True,True,False,-64.308046,-40.035451,7.498422,39.195665
50,187772.600000,G07,0,25.250000,True,True,False,False,-12.858413,19.222885,56.194568,113.094900
50,187772.600000,G11,0,49.625000,True,True,True,False,-20.959744,4.395906,-14.674873,-1.142607
50,187772.600000,G13,0,42.000000,True,True,True,False,44.904108,15.602619,38.517875,16.438768
50,187772.600000,G20,0,44.813000,True,True,True,False,-2.250749,4.895780,-39.758449,-35.208188
50,187772.600000,G29,0,39.563000,True,True,True,False,39.686607,-8.835252,-52.691015,-68.986623
50,187772.600000,G30,0,41.938000,True,True,True,False,-7.315249,17.152837,76.575091,118.567947
51,187772.799999,G05,0,42.563000,True,True,True,False,30.765512,-3.545226,-48.019656,-75.836434
51,187772.799999,G06,0,44.438000,True,True,True,False,-61.038227,-38.900099,10.662886,37.372772
51,187772.799999,G07,0,24.875000,True,True,False,False,-9.548664,28.192680,59.624890,110.801720
51,187772.799999,G09,0,21.000000,False,True,True,False,-44.725507,-18.245711,-15.531870,33.385916
51,187772.799999,G11,0,49.313000,True,True,True,False,-17.689310,2.808648,-12.583215,-4.949582
51,187772.799999,G13,0,40.063000,True,True,True,False,47.730689,10.519554,40.345239,12.861239
51,187772.799999,G20,0,44.500000,True,True,True,False,0.992460,5.606422,-38.058931,-40.185282
51,187772.799999,G29,0,38.938000,True,True,True,False,42.853280,-3.411153,-51.145828,-74.966131
51,187772.799999,G30,0,41.938000,True,True,True,False,-4.125239,21.097692,79.956391,116.936869
52,187773.000000,G05,0,42.688000,True,True,True,False,31.071867,-3.373207,-49.861051,-74.752390
52,187773.000000,G06,0,44.813000,True,True,True,False,-60.730457,-38.546541,9.656254,42.176289
52,187773.000000,G07,0,24.063000,True,True,True,False,-9.246910,28.514590,58.520394,115.125492
52,187773.000000,G09,0,22.250000,False,True,True,False,-43.935539,-17.446256,-16.401308,37.013639
52,187773.000000,G11,0,49.188000,True,True,True,False,-17.426629,2.794214,-14.028750,-1.908739
52,187773.000000,G13,0,38.813000,True,True,True,False,47.539434,10.459570,38.482589,15.615524
52,187773.000000,G20,0,44.438000,True,True,True,False,1.279095,5.598021,-39.741663,-38.312758
52,187773.000000,G29,0,39.688000,True,True,True,False,43.067489,-3.212733,-53.185969,-74.511567
52,187773.000000,G30,0,42.125000,True,True,True,False,-3.771577,21.572635,79.048223,121.995788
53,187773.200000,G05,0,43.000000,True,True,True,False,31.242699,-3.116610,-49.040959,-77.843573
53,187773.200000,G06,0,45.313000,True,True,True,False,-60.620188,-38.535126,11.466300,43.033413
53,187773.200000,G07,0,25.313000,True,True,True,False,-9.002573,27.635139,60.262975,115.796847
53,187773.200000,G09,0,21.125000,False,True,True,False,-42.974834,-18.086624,-14.264168,37.259560
53,187773.200000,G11,0,49.813000,True,True,True,False,-17.277626,2.857598,-12.880191,-3.030736
53,187773.200000,G13,0,37.000000,True,True,True,False,47.460158,11.326420,39.861519,14.552134
53,187773.200000,G20,0,44.875000,True,True,True,False,1.366405,5.378243,-38.973737,-40.700620
53,187773.200000,G29,0,40.375000,True,True,True,False,43.128009,-3.520302,-52.526907,-78.094013
53,187773.200000,G30,0,42.500000,True,True,True,False,-3.736805,21.225140,80.879297,123.100975
54,187773.399999,G05,0,43.313000,True,True,True,False,31.089521,-3.014489,-47.318631,-77.421521
54,187773.399999,G06,0,45.750000,True,True,True,False,-60.832685,-38.372038,13.088029,46.983309
54,187773.399999,G07,0,24.375000,True,True,True,False,-9.025910,27.245824,61.554329,119.746088
54,187773.399999,G09,0,19.500000,False,True,True,False,-42.072966,-17.976927,-12.289699,41.115906
54,187773.399999,G11,0,50.063000,True,True,True,False,-17.465004,3.014222,-11.288737,-0.636904
54,187773.399999,G13,0,36.500000,True,True,True,False,46.898153,11.713225,41.655722,16.372721
54,187773.399999,G20,0,45.313000,True,True,True,False,1.138758,5.249043,-37.542486,-39.435367
54,187773.399999,G29,0,40.875000,True,True,True,False,42.945813,-3.843995,-51.041800,-78.133286
54,187773.399999,G30,0,43.000000,True,True,True,False,-3.895312,21.240934,82.424241,127.361738
55,187773.600000,G05,0,43.000000,True,True,True,False,31.034339,-3.044292,-49.257275,-81.009798
55,187773.600000,G06,0,45.750000,True,True,True,False,-60.922616,-38.265962,11.037775,46.782743
55,187773.600000,G07,0,23.688000,True,True,True,False,-8.931231,27.498720,59.583797,119.536559
55,187773.600000,G09,0,19.938000,False,True,True,False,-41.300016,-17.105019,-13.583189,40.598085
55,187773.600000,G11,0,50.000000,True,True,True,False,-17.512542,3.055690,-13.404801,-2.261061
55,187773.600000,G13,0,37.500000,True,True,True,False,46.437379,11.412035,39.456836,14.086150
55,187773.600000,G20,0,45.125000,True,True,True,False,1.096031,5.240938,-39.635903,-42.103637
55,187773.600000,G29,0,40.625000,True,True,True,False,42.864767,-3.917564,-52.962060,-82.192558
55,187773.600000,G30,0,42.688000,True,True,True,False,-3.956109,21.391033,80.403906,127.420526
56,187773.799999,G05,0,43.188000,True,True,True,False,30.772102,-3.106373,-48.055260,-82.660106
56,187773.799999,G06,0,46.000000,True,True,True,False,-61.211662,-38.265423,12.850376,48.628887
56,187773.799999,G07,0,23.563000,True,True,True,False,-9.506265,27.150680,61.366622,120.706468
56,187773.799999,G09,0,20.375000,False,True,True,False,-40.335016,-15.992125,-10.253717,42.247668
56,187773.799999,G11,0,50.188000,True,True,True,False,-17.796298,3.121144,-12.021073,-2.179077
56,187773.799999,G13,0,39.750000,True,True,True,False,45.804892,11.013442,40.452078,14.159564
56,187773.799999,G20,0,45.250000,True,True,True,False,0.823907,5.258044,-38.326301,-43.099205
56,187773.799999,G29,0,41.000000,True,True,True,False,42.613123,-4.072974,-51.585481,-84.223755
56,187773.799999,G30,0,42.750000,True,True,True,False,-4.197209,21.405677,82.431396,129.567034
57,187774.000000,G05,0,42.938000,True,True,True,False,30.606122,-3.271066,-49.667388,-84.335306
57,187774.000000,G06,0,46.063000,True,True,True,False,-61.436686,-38.102368,11.602387,50.009620
57,187774.000000,G07,0,22.063000,True,True,True,False,-9.946067,27.536963,60.104289,121.674308
57,187774.000000,G09,0,20.438000,False,True,True,False,-40.325915,-15.045999,-11.010034,42.771425
57,187774.000000,G11,0,49.813000,True,True,True,False,-18.008280,3.205145,-13.711510,-2.193630
57,187774.000000,G13,0,42.500000,True,True,True,False,45.326651,10.281170,38.716929,13.792625
57,187774.000000,G20,0,45.000000,True,True,True,False,0.627308,5.354951,-40.021196,-44.046458
57,187774.000000,G29,0,39.938000,True,True,True,False,42.358769,-4.195854,-53.057762,-86.357335
57,187774.000000,G30,0,42.688000,True,True,True,False,-4.447998,21.680990,81.321072,131.144924
58,187774.200000,G05,0,42.625000,True,True,True,False,35.030532,-1.821476,-50.308392,-84.766744
58,187774.200000,G06,0,45.813000,True,True,True,False,-56.978962,-28.627902,11.898534,52.861553
58,187774.200000,G07,0,23.063000,True,True,True,False,-5.597205,29.664157,60.675213,124.323719
58,187774.200000,G09,0,20.625000,False,True,True,False,-34.641905,-13.016826,-9.110478,45.869421
58,187774.200000,G11,0,49.688000,True,True,True,False,-13.557645,-11.628999,-13.919990,-0.752083
58,187774.200000,G13,0,43.375000,True,True,True,False,49.473781,34.951536,37.937338,14.632721
58,187774.200000,G19,0,28.313000,True,True,True,False,-52.071751,-42.502679,-3.696980,1.943434
58,187774.200000,G20,0,44.938000,True,True,True,False,5.065351,-10.309271,-40.378509,-43.586309
58,187774.200000,G29,0,37.125000,True,True,True,False,46.823771,5.854792,-53.489400,-87.118942
58,187774.200000,G30,0,42.125000,True,True,True,False,-0.074691,35.242590,81.744188,134.159223
59,187774.399999,G05,0,42.813000,True,True,True,False,35.639569,-1.802567,-51.158906,-86.280398
59,187774.399999,G06,0,46.063000,True,True,True,False,-56.330270,-27.947821,12.347545,54.386036
59,187774.399999,G07,0,21.563000,True,True,True,False,-5.561007,29.485072,60.946077,125.510598
59,187774.399999,G09,0,19.688000,False,True,True,False,-32.729990,-11.383412,-7.016979,48.246778
59,187774.399999,G11,0,49.875000,True,True,True,False,-12.885149,-12.256100,-14.187992,-0.230592
59,187774.399999,G13,0,44.000000,True,True,True,False,49.876971,35.950647,37.194407,13.851149
59,187774.399999,G19,0,33.000000,True,True,True,False,-50.138839,-38.377374,-2.027899,3.534262
59,187774.399999,G20,0,45.063000,True,True,True,False,5.710769,-11.032724,-40.883903,-43.929867
59,187774.399999,G29,0,34.875000,True,True,True,False,47.455172,6.371602,-54.103303,-88.939098
59,187774.399999,G30,0,42.125000,True,True,True,False,0.557926,36.171387,82.456433,135.925764
60,187774.600000,G05,0,43.188000,True,True,True,False,35.973553,-1.447147,-52.695692,-89.650552
60,187774.600000,G06,0,46.438000,True,True,True,False,-56.019080,-28.644566,11.886916,54.173931
60,187774.600000,G07,0,26.375000,True,True,True,False,-5.539244,27.350657,60.915617,125.270457
60,187774.600000,G09,0,20.063000,False,True,True,False,-30.754173,-11.949015,-4.925741,49.298499
60,187774.600000,G11,0,50.063000,True,True,True,False,-12.572381,-12.263107,-15.457695,-1.910055
60,187774.600000,G13,0,44.375000,True,True,True,False,50.079274,36.555679,35.606815,11.617335
60,187774.600000,G19,0,33.625000,True,True,True,False,-48.794587,-37.720842,-1.367142,3.842896
60,187774.600000,G20,0,45.375000,True,True,True,False,5.993807,-11.132252,-42.243540,-46.472250
60,187774.600000,G29,0,32.500000,True,True,True,False,47.704284,6.021309,-55.266242,-92.521969
60,187774.600000,G30,0,42.313000,True,True,True,False,0.860490,34.992120,82.370014,136.071073
61,187774.799999,G05,0,43.250000,True,True,True,False,35.310472,-1.540868,-54.480601,-91.683682
61,187774.799999,G06,0,46.438000,True,True,True,False,-56.650179,-29.150554,11.148630,55.432245
61,187774.799999,G07,0,30.500000,True,True,True,False,-6.971719,25.163176,60.480758,125.443647
61,187774.799999,G09,0,19.750000,False,True,True,False,-30.621872,-13.110731,-3.408288,50.050793
61,187774.799999,G11,0,50.125000,True,True,True,False,-13.255156,-11.715315,-17.004518,-2.122220
61,187774.799999,G13,0,44.313000,True,True,True,False,49.230609,36.252944,33.330021,11.125335
61,187774.799999,G19,0,31.938000,True,True,True,False,-48.649229,-38.726612,-1.471314,5.480546
61,187774.799999,G20,0,45.750000,True,True,True,False,5.289667,-10.877049,-43.742633,-47.728417
61,187774.799999,G29,0,36.125000,True,True,True,False,47.281956,5.206311,-56.162579,-94.773434
61,187774.799999,G30,0,42.438000,True,True,True,False,0.177136,33.907041,82.058829,137.474264
62,187775.000000,G05,0,42.938000,True,True,True,False,35.826191,-1.265756,-54.740907,-95.896747
62,187775.000000,G06,0,46.438000,True,True,True,False,-56.094507,-28.693866,11.591550,54.331646
62,187775.000000,G07,0,33.625000,True,True,True,False,-7.053492,23.669301,60.896371,123.845426
62,187775.000000,G09,0,20.375000,False,True,True,False,-29.367447,-13.773476,-1.511108,49.077581
62,187775.000000,G11,0,50.125000,True,True,True,False,-12.772174,-12.415733,-16.890745,-4.653232
62,187775.000000,G13,0,43.125000,True,True,True,False,49.564341,38.223639,32.629764,8.013734
62,187775.000000,G19,0,36.938000,True,True,True,False,-47.648168,-35.074810,-1.093576,4.269156
62,187775.000000,G20,0,45.938000,True,True,True,False,5.799542,-11.785286,-43.628091,-51.079068
62,187775.000000,G29,0,39.063000,True,True,True,False,47.857322,5.509994,-56.143472,-99.144434
62,187775.000000,G30,0,42.875000,True,True,True,False,0.677510,34.222326,82.664842,136.623995
63,187775.200000,G05,0,39.813000,True,True,True,False,36.154941,-1.013551,-55.754415,-98.564509
63,187775.200000,G06,0,46.500000,True,True,True,False,-55.921569,-28.848895,10.493871,54.494353
63,187775.200000,G07,0,37.188000,True,True,True,False,-7.688557,22.113120,59.487634,123.830584
63,187775.200000,G09,0,20.625000,False,True,True,False,-28.961222,-14.643687,-1.594318,49.630797
63,187775.200000,G11,0,50.188000,True,True,True,False,-12.619821,-11.961186,-18.221052,-5.637691
63,187775.200000,G13,0,42.000000,True,True,True,False,49.589441,38.238880,31.022986,5.730871
63,187775.200000,G19,0,35.375000,True,True,True,False,-47.109326,-35.543235,-1.745327,3.598877
63,187775.200000,G20,0,46.188000,True,True,True,False,5.965648,-11.497699,-44.794817,-52.766842
63,187775.200000,G29,0,40.625000,True,True,True,False,48.061038,5.042686,-56.928596,-102.022899
63,187775.200000,G30,0,42.750000,True,True,True,False,0.777591,33.668375,81.687036,137.098768
64,187775.399999,G05,0,41.375000,True,True,True,False,35.097049,-0.918849,-56.004593,-100.727517
64,187775.399999,G06,0,46.563000,True,True,True,False,-57.027152,-30.392706,10.931696,54.961595
64,187775.399999,G07,0,40.813000,True,True,True,False,-10.137818,20.124409,59.078490,123.577071
64,187775.399999,G09,0,21.375000,False,True,True,False,-30.480411,-15.596509,-1.003085,49.933072
64,187775.399999,G11,0,50.125000,True,True,True,False,-13.784042,-9.230581,-18.143962,-6.330488
64,187775.399999,G13,0,40.000000,True,True,True,False,48.391676,34.321434,30.516455,4.053550
64,187775.399999,G19,0,22.563000,True,True,True,False,-48.777070,-45.186964,-2.302127,2.580672
64,187775.399999,G20,0,45.938000,True,True,True,False,4.846836,-8.625119,-44.748725,-54.025517
64,187775.399999,G29,0,40.938000,True,True,True,False,46.881678,3.352640,-57.135313,-104.299116
64,187775.399999,G30,0,42.750000,True,True,True,False,-0.411522,31.194857,82.237757,137.867969
65,187775.600000,G05,0,42.625000,True,True,True,False,35.296330,-0.774517,-56.557735,-102.758403
65,187775.600000,G06,0,46.438000,True,True,True,False,-56.862811,-30.337576,11.015912,55.749335
65,187775.600000,G07,0,41.063000,True,True,True,False,-10.917932,19.486160,58.759913,123.906595
65,187775.600000,G09,0,23.750000,True,True,True,False,-30.116122,-15.020096,-0.083565,50.954085
65,187775.600000,G11,0,49.750000,True,True,True,False,-13.617205,-8.794344,-18.254430,-6.896940
65,187775.600000,G13,0,38.000000,True,True,True,False,48.399611,33.799034,29.537139,2.772354
65,187775.600000,G19,0,21.375000,True,True,True,False,-47.609485,-44.969742,-1.816340,3.852729
65,187775.600000,G20,0,44.250000,True,True,True,False,5.049034,-8.127344,-44.882360,-55.226704
65,187775.600000,G29,0,41.375000,True,True,True,False,47.033030,3.357764,-57.591138,-106.343518
65,187775.600000,G30,0,42.813000,True,True,True,False,-0.322748,31.146806,82.429641,138.989463
66,187775.799999,G05,0,42.750000,True,True,True,False,35.480370,-1.070147,-55.876762,-104.386221
66,187775.799999,G06,0,46.438000,True,True,True,False,-56.606761,-30.567353,11.890043,57.263245
66,187775.799999,G07,0,41.375000,True,True,True,False,-11.525592,20.035902,59.088314,125.060693
66,187775.799999,G09,0,29.500000,True,True,True,False,-30.414061,-13.283774,0.711631,51.898539
66,187775.799999,G11,0,47.438000,True,True,True,False,-13.419060,-9.148291,-17.574569,-6.797838
66,187775.799999,G13,0,39.688000,True,True,True,False,48.583727,32.104685,30.044857,2.107490
66,187775.799999,G19,0,21.313000,True,True,True,False,-46.508401,-45.112989,-0.123098,5.457780
66,187775.799999,G20,0,45.563000,True,True,True,False,5.360799,-7.894315,-44.019861,-55.757641
66,187775.799999,G29,0,41.188000,True,True,True,False,47.263510,3.968117,-56.664755,-107.961162
66,187775.799999,G30,0,42.938000,True,True,True,False,-0.123959,31.339845,83.367412,140.853920
67,187776.000000,G05,0,42.938000,True,True,True,False,34.330864,-3.340365,-51.097659,-95.620781
67,187776.000000,G06,0,45.000000,True,True,True,False,-57.689904,-25.941957,17.833959,68.475334
67,187776.000000,G09,0,36.063000,True,True,True,False,-32.790566,-0.403422,6.280188,63.414611
67,187776.000000,G11,0,48.500000,True,True,True,False,-14.520004,-7.845922,-11.914412,3.681591
67,187776.000000,G13,0,41.625000,True,True,True,False,47.386962,26.641336,34.419793,10.385963
67,187776.000000,G19,0,21.688000,True,True,True,False,-46.143581,-43.563656,6.210367,16.252552
67,187776.000000,G20,0,45.938000,True,True,True,False,4.288110,-6.423120,-38.456568,-45.574788
67,187776.000000,G29,0,41.063000,True,True,True,False,46.120385,4.912706,-51.712042,-98.879649
67,187776.000000,G30,0,42.313000,True,True,True,False,-1.272788,38.642741,89.511367,152.537435
68,187776.200000,G05,0,43.125000,True,True,True,False,33.919379,-3.314244,-50.814710,-95.011829
68,187776.200000,G06,0,42.875000,True,True,True,False,-58.073301,-26.204685,18.801874,71.576800
68,187776.200000,G09,0,35.750000,True,False,True,False,-33.789516,-0.666796,7.572814,67.180018
68,187776.200000,G11,0,49.188000,True,True,True,False,-15.018864,-7.983986,-11.324954,5.889454
68,187776.200000,G13,0,41.875000,True,True,True,False,46.882049,26.044184,34.250245,10.690948
68,187776.200000,G19,0,21.875000,True,True,True,False,-45.389499,-43.039098,7.760010,18.773860
68,187776.200000,G20,0,46.188000,True,True,True,False,3.905932,-6.267641,-37.739729,-43.650303
68,187776.200000,G29,0,41.500000,True,True,True,False,45.717061,5.093741,-51.136261,-98.043138
68,187776.200000,G30,0,42.063000,True,True,True,False,-1.761955,38.323147,90.627405,156.028841
69,187776.399999,G05,0,43.125000,True,True,True,False,33.957374,-3.628332,-51.912318,-95.927467
69,187776.399999,G06,0,44.313000,True,True,True,False,-57.987837,-25.749962,18.849837,72.341078
69,187776.399999,G09,0,35.688000,True,False,True,False,-34.049507,-0.293304,7.215516,69.960199
69,187776.399999,G11,0,49.500000,True,True,True,False,-14.964567,-7.441750,-11.638348,6.271740
69,187776.399999,G13,0,42.438000,True,True,True,False,46.961214,25.506420,33.448959,8.678568
69,187776.399999,G19,0,21.250000,True,True,True,False,-44.438282,-42.904818,8.100706,18.380202
69,187776.399999,G20,0,46.375000,True,True,True,False,4.015000,-5.852909,-38.294490,-43.221333
69,187776.399999,G29,0,41.500000,True,True,True,False,45.862646,4.723395,-52.242576,-98.304440
69,187776.399999,G30,0,40.938000,True,True,True,False,-1.881229,38.620784,90.570395,157.158936
70,187776.600000,G05,0,43.125000,True,True,True,False,33.978947,-3.561922,-52.726499,-98.935936
70,187776.600000,G06,0,44.875000,True,True,True,False,-57.919500,-26.047944,18.593573,70.650195
70,187776.600000,G09,0,35.125000,True,True,True,False,-34.600126,-0.763795,6.948561,71.046683
70,187776.600000,G11,0,49.875000,True,True,True,False,-14.906285,-7.497795,-11.934994,4.443221
70,187776.600000,G13,0,42.938000,True,True,True,False,46.941907,25.092680,32.250789,3.734450
70,187776.600000,G19,0,21.563000,True,True,True,False,-43.491703,-42.528794,7.971235,15.129849
70,187776.600000,G20,0,46.625000,True,True,True,False,4.095430,-5.714211,-38.605885,-44.766536
70,187776.600000,G29,0,41.375000,True,True,True,False,45.890747,4.905368,-52.965634,-100.454220
70,187776.600000,G30,0,42.375000,True,True,True,False,-1.767155,38.380522,90.495202,156.212844
71,187776.799999,G05,0,42.938000,True,True,True,True,33.794965,-3.652130,-50.824977,-98.158945
71,187776.799999,G06,0,45.563000,True,True,True,False,-58.050708,-26.118877,21.102218,71.926894
71,187776.799999,G09,0,32.875000,True,True,True,False,-35.379245,-1.036656,9.276333,75.941058
71,187776.799999,G11,0,49.938000,True,True,True,True,-15.032063,-7.231955,-9.272994,5.891638
71,187776.799999,G13,0,43.063000,True,True,True,False,46.784196,24.517587,33.778130,1.940536
71,187776.799999,G19,0,21.375000,True,True,True,False,-42.077487,-41.865970,10.902075,15.553396
71,187776.799999,G20,0,46.688000,True,True,True,False,4.037378,-5.331401,-35.975074,-42.621302
71,187776.799999,G29,0,41.125000,True,True,True,False,45.752132,4.829708,-51.089767,-98.450218
71,187776.799999,G30,0,42.500000,True,True,True,True,-1.827648,38.387623,93.145394,158.325309
72,187777.000000,G05,0,43.063000,True,True,True,False,33.632273,-3.639384,-52.435317,-96.467056
72,187777.000000,G06,0,45.875000,True,True,True,False,-58.233663,-26.353289,20.100225,73.868453
72,187777.000000,G09,0,30.813000,True,True,True,False,-36.350898,-1.512306,8.301703,81.188317
72,187777.000000,G11,0,49.813000,True,True,True,False,-15.199946,-7.139982,-10.401059,8.011575
72,187777.000000,G13,0,43.125000,True,True,True,False,46.635010,23.995417,31.800633,1.154747
72,187777.000000,G19,0,20.563000,True,True,True,False,-42.364650,-42.784559,9.063553,15.266948
72,187777.000000,G20,0,46.500000,True,True,True,False,3.955353,-5.025226,-37.036684,-39.764420
72,187777.000000,G29,0,40.875000,True,True,True,False,45.543005,4.858338,-52.562962,-95.632840
72,187777.000000,G30,0,43.125000,True,True,True,False,-1.973029,38.214666,92.383797,161.032590
73,187777.200000,G05,0,43.063000,True,True,True,False,33.645443,-3.654693,-55.085768,-99.090129
73,187777.200000,G06,0,45.938000,True,True,True,False,-58.249410,-25.951907,17.978950,70.509119
73,187777.200000,G09,0,29.250000,True,True,True,False,-37.163795,-1.729287,5.923939,81.818471
73,187777.200000,G11,0,49.813000,True,True,True,False,-15.272162,-7.454667,-12.617415,5.378808
73,187777.200000,G13,0,43.188000,True,True,True,False,46.567193,24.291200,28.770047,-4.887625
73,187777.200000,G19,0,22.500000,True,True,True,False,-40.893433,-40.105212,7.664385,10.873038
73,187777.200000,G20,0,46.438000,True,True,True,False,3.935299,-5.301967,-39.263081,-41.355015
73,187777.200000,G29,0,41.438000,True,True,True,False,45.517340,5.112426,-55.197314,-96.992333
73,187777.200000,G30,0,42.750000,True,True,True,False,-1.991947,38.809933,90.385917,158.353134
74,187777.399999,G05,0,43.375000,True,True,True,False,30.344399,-3.555688,-51.907898,-88.774817
74,187777.399999,G06,0,45.750000,True,True,True,False,-61.548991,-26.247171,21.683019,81.061994
74,187777.399999,G11,0,49.875000,True,True,True,False,-18.639256,-7.406946,-8.831549,16.026446
74,187777.399999,G13,0,43.313000,True,True,True,False,43.169240,25.569405,31.458052,3.158913
74,187777.399999,G19,0,23.250000,True,True,True,False,-43.782099,-39.395847,10.692625,19.952715
74,187777.399999,G20,0,46.500000,True,True,True,False,0.620097,-5.641742,-35.517918,-30.095287
74,187777.399999,G29,0,42.000000,True,True,True,False,42.239429,4.211036,-52.065210,-85.653520
74,187777.399999,G30,0,42.688000,True,True,True,False,-5.280995,37.912313,94.167840,169.542277
75,187777.600000,G05,0,43.563000,True,True,True,False,30.717704,-3.470520,-52.662169,-90.316773
75,187777.600000,G06,0,45.688000,True,True,True,False,-61.176595,-25.894405,20.679386,80.229845
75,187777.600000,G11,0,49.938000,True,True,True,False,-18.286280,-7.989785,-9.909381,14.934293
75,187777.600000,G13,0,43.125000,True,True,True,False,43.511490,26.605490,30.359554,0.595315
75,187777.600000,G19,0,26.313000,True,True,True,False,-42.781705,-36.639783,10.498658,18.701532
75,187777.600000,G20,0,46.563000,True,True,True,False,1.007997,-6.241205,-36.363712,-30.964282
75,187777.600000,G29,0,41.750000,True,True,True,False,42.693418,4.652872,-52.442063,-86.513515
75,187777.600000,G30,0,42.875000,True,True,True,False,-4.898948,38.398517,93.291923,169.168506
76,187777.799999,G05,0,43.375000,True,True,True,False,31.701284,-3.321260,-52.440605,-93.307271
76,187777.799999,G06,0,45.750000,True,True,True,False,-60.331346,-25.051642,20.833518,77.657775
76,187777.799999,G11,0,49.875000,True,True,True,False,-17.410411,-9.171858,-9.643760,12.141382
76,187777.799999,G13,0,43.125000,True,True,True,False,44.378429,28.364065,30.016924,-3.355630
76,187777.799999,G19,0,33.375000,True,True,True,False,-41.217968,-31.658388,10.883274,16.087363
76,187777.799999,G20,0,46.500000,True,True,True,False,1.937859,-7.403836,-35.953537,-33.510222
76,187777.799999,G29,0,41.250000,True,True,True,False,43.548703,5.503171,-52.196530,-89.061987
76,187777.799999,G30,0,42.750000,True,True,True,False,-4.004782,39.726073,93.600512,167.048175
77,187778.000000,G05,0,43.313000,True,True,True,False,32.083456,-3.266648,-53.278105,-94.665728
77,187778.000000,G06,0,45.938000,True,True,True,False,-59.960319,-24.780255,19.457193,77.271412
77,187778.000000,G11,0,49.813000,True,True,True,False,-17.059753,-9.553726,-10.629242,11.324152
77,187778.000000,G13,0,43.188000,True,True,True,False,44.723946,28.914994,28.084210,-4.737575
77,187778.000000,G19,0,36.188000,True,True,True,False,-40.582248,-30.035100,9.061555,15.503834
77,187778.000000,G20,0,46.563000,True,True,True,False,2.305654,-7.770863,-36.575813,-34.462663
77,187778.000000,G29,0,41.063000,True,True,True,False,43.885910,5.773861,-52.745798,-90.338421
77,187778.000000,G30,0,42.875000,True,True,True,False,-3.679739,40.084327,92.308933,166.829443
78,187778.200000,G05,0,42.813000,True,True,True,False,32.204679,-3.289246,-52.253985,-93.709213
78,187778.200000,G06,0,45.625000,True,True,True,False,-59.819096,-24.635906,20.007655,79.304820
78,187778.200000,G11,0,49.563000,True,True,True,False,-16.950415,-9.730099,-9.539365,12.928282
78,187778.200000,G13,0,43.188000,True,True,True,False,44.881846,28.972252,28.255106,-3.833683
78,187778.200000,G19,0,37.625000,True,True,True,False,-39.906778,-29.034111,9.245055,17.439794
78,187778.200000,G20,0,46.375000,True,True,True,False,2.437295,-7.875216,-35.242061,-32.983473
78,187778.200000,G29,0,40.750000,True,True,True,False,43.935169,5.899218,-51.723535,-89.301855
78,187778.200000,G30,0,42.438000,True,True,True,False,-3.526829,40.366261,92.873261,169.116808
79,187778.399999,G05,0,42.750000,True,True,True,False,32.211885,-3.260753,-50.832444,-92.466821
79,187778.399999,G06,0,45.438000,True,True,True,False,-59.829239,-24.622680,20.687609,81.511318
79,187778.399999,G11,0,49.563000,True,True,True,False,-16.953588,-9.709336,-8.412665,14.550291
79,187778.399999,G13,0,42.688000,True,True,True,False,44.920348,29.236245,28.810857,-2.391903
79,187778.399999,G19,0,38.625000,True,True,True,False,-39.253933,-28.232876,10.159172,20.236834
79,187778.399999,G20,0,46.250000,True,True,True,False,2.432893,-7.921529,-33.772154,-31.495909
79,187778.399999,G29,0,41.375000,True,True,True,False,43.941284,5.808372,-50.036560,-87.841998
79,187778.399999,G30,0,42.375000,True,True,True,False,-3.545370,40.305220,93.605356,171.563919
80,187778.600000,G05,0,43.125000,True,True,True,False,32.051591,-3.305869,-52.087488,-95.829199
80,187778.600000,G06,0,45.188000,True,True,True,False,-59.933276,-24.660066,19.777133,79.626585
80,187778.600000,G11,0,49.438000,True,True,True,False,-17.093096,-9.698615,-9.172673,12.008417
80,187778.600000,G13,0,42.813000,True,True,True,False,44.844663,29.059088,26.975300,-5.297927
80,187778.600000,G19,0,38.813000,True,True,True,False,-38.852429,-27.977334,8.711032,18.453907
80,187778.600000,G20,0,46.188000,True,True,True,False,2.295635,-7.855594,-34.476269,-34.358059
80,187778.600000,G29,0,41.250000,True,True,True,False,43.803504,5.837281,-51.156736,-91.167727
80,187778.600000,G30,0,42.188000,True,True,True,False,-3.645398,40.300764,92.830834,169.892423
81,187778.799999,G05,0,42.938000,True,True,True,False,36.160159,-3.613925,-52.438024,-103.891172
81,187778.799999,G06,0,45.188000,True,True,True,False,-55.780947,-23.785011,20.038635,73.702089
81,187778.799999,G09,0,35.500000,True,False,True,False,-41.656943,-3.432602,7.498192,86.802097
81,187778.799999,G11,0,49.375000,True,True,True,False,-12.926804,-10.032843,-8.970430,5.166772
81,187778.799999,G13,0,42.875000,True,True,True,False,49.039612,26.004731,26.336157,-12.488084
81,187778.799999,G19,0,38.500000,True,True,True,False,-34.209970,-27.727094,8.694129,12.596288
81,187778.799999,G20,0,46.313000,True,True,True,False,6.494947,-7.143183,-34.268887,-41.712282
81,187778.799999,G29,0,41.188000,True,True,True,False,48.009279,8.128713,-51.281423,-99.228343
81,187778.799999,G30,0,42.063000,True,True,True,False,0.508066,42.692103,93.261569,164.208515
82,187779.000000,G05,0,42.813000,True,True,True,False,36.524427,-3.635665,-54.384477,-105.044066
82,187779.000000,G06,0,45.188000,True,True,True,False,-55.432352,-23.764847,18.110231,74.429770
82,187779.000000,G09,0,38.063000,True,False,True,False,-42.032712,-3.499837,5.556335,86.886051
82,187779.000000,G11,0,49.500000,True,True,True,False,-12.535088,-10.049017,-10.764075,5.109678
82,187779.000000,G13,0,42.938000,True,True,True,False,49.423831,25.695522,23.927682,-13.087053
82,187779.000000,G19,0,38.875000,True,True,True,False,-33.437773,-27.412974,6.705197,13.229224
82,187779.000000,G20,0,46.250000,True,True,True,False,6.865720,-7.069696,-35.974342,-42.233518
82,187779.000000,G29,0,41.063000,True,True,True,False,48.373025,8.341418,-53.057747,-100.384082
82,187779.000000,G30,0,42.188000,True,True,True,False,0.838784,42.831967,91.426293,165.184803
83,187779.200000,G05,0,42.688000,True,True,True,False,36.593142,-3.714882,-51.151916,-101.939602
83,187779.200000,G06,0,45.063000,True,True,True,False,-55.303613,-23.758574,21.153931,80.073796
83,187779.200000,G09,0,38.813000,True,False,True,False,-42.895200,-3.757905,7.882378,91.235456
83,187779.200000,G11,0,49.500000,True,True,True,False,-12.419775,-10.120230,-7.695174,9.543277
83,187779.200000,G13,0,43.188000,True,True,True,False,49.545055,25.298735,27.031398,-8.907992
83,187779.200000,G19,0,39.250000,True,True,True,False,-32.899406,-27.153555,10.272796,18.989940
83,187779.200000,G20,0,46.188000,True,True,True,False,6.992121,-6.995077,-32.774194,-38.429014
83,187779.200000,G29,0,41.188000,True,True,True,False,48.491852,8.576114,-49.645648,-97.300845
83,187779.200000,G30,0,42.313000,True,True,True,False,0.970016,42.990366,94.504471,171.129802
84,187779.399999,G05,0,42.875000,True,True,True,False,36.545544,-3.811385,-54.244168,-109.922614
84,187779.399999,G06,0,45.125000,True,True,True,False,-55.320603,-23.785397,17.929952,74.057517
84,187779.399999,G09,0,39.313000,True,False,True,False,-43.843010,-4.085037,3.909307,84.251153
84,187779.399999,G11,0,49.688000,True,True,True,False,-12.456233,-10.159531,-11.068322,2.640170
84,187779.399999,G13,0,43.625000,True,True,True,False,49.524269,24.859318,23.964499,-16.233282
84,187779.399999,G19,0,39.438000,True,True,True,False,-32.558896,-27.108955,7.803513,12.890880
84,187779.399999,G20,0,46.375000,True,True,True,False,6.982346,-6.903946,-36.021383,-45.777049
84,187779.399999,G29,0,41.813000,True,True,True,False,48.548538,8.773500,-52.462932,-105.208655
84,187779.399999,G30,0,42.688000,True,True,True,False,0.978560,43.105564,91.361597,165.393915
85,187779.600000,G05,0,42.500000,True,True,True,False,31.686221,-3.564652,-51.711990,-102.547769
85,187779.600000,G06,0,45.063000,True,True,True,False,-60.143948,-24.987491,20.802447,83.726922
85,187779.600000,G11,0,49.438000,True,True,True,False,-17.245536,-9.505321,-8.130887,11.282497
85,187779.600000,G13,0,43.313000,True,True,True,False,44.709217,28.504664,25.993119,-8.012281
85,187779.600000,G19,0,39.563000,True,True,True,False,-36.984736,-27.035472,10.333967,22.563944
85,187779.600000,G20,0,46.125000,True,True,True,False,2.180581,-7.560840,-33.026770,-37.699984
85,187779.600000,G29,0,41.250000,True,True,True,False,43.721068,5.753991,-49.704358,-97.823493
85,187779.600000,G30,0,42.375000,True,True,True,False,-3.802935,39.971837,94.443866,175.404601
86,187779.799999,G05,0,42.625000,True,True,True,False,31.905461,-3.485690,-54.403220,-101.797214
86,187779.799999,G06,0,45.375000,True,True,True,False,-59.915165,-24.961353,18.393392,86.509320
86,187779.799999,G11,0,49.625000,True,True,True,False,-17.065845,-9.495985,-10.684847,12.889084
86,187779.799999,G13,0,43.563000,True,True,True,False,44.899631,28.360992,23.002349,-6.523755
86,187779.799999,G19,0,40.000000,True,True,True,False,-36.392003,-26.745472,7.962338,25.672300
86,187779.799999,G20,0,46.375000,True,True,True,False,2.347126,-7.495397,-35.555356,-36.550654
86,187779.799999,G29,0,39.875000,True,True,True,False,43.895077,5.880655,-52.269197,-96.991176
86,187779.799999,G30,0,42.500000,True,True,True,False,-3.620559,39.997037,92.126036,178.475823
87,187780.000000,G05,0,43.063000,True,True,True,False,32.263737,-3.268113,-54.564927,-99.771490
87,187780.000000,G06,0,45.438000,True,True,True,False,-59.602513,-25.109953,18.627921,90.318903
87,187780.000000,G11,0,49.688000,True,True,True,False,-16.709732,-9.482077,-10.360250,15.926156
87,187780.000000,G13,0,43.188000,True,True,True,False,45.224647,28.509049,22.641583,-3.911233
87,187780.000000,G19,0,40.063000,True,True,True,False,-35.939079,-26.597409,7.652270,29.215649
87,187780.000000,G20,0,46.438000,True,True,True,False,2.691100,-7.427747,-35.343561,-33.980304
87,187780.000000,G29,0,37.313000,True,True,True,False,44.259817,6.092678,-52.498756,-95.004123
87,187780.000000,G30,0,42.813000,True,True,True,False,-3.285257,39.818350,92.424730,182.539293
88,187780.200000,G05,0,43.188000,True,True,True,False,32.533703,-3.116499,-55.001452,-104.747925
88,187780.200000,G06,0,45.500000,True,True,True,False,-59.335106,-25.186763,18.493551,87.978076
88,187780.200000,G11,0,49.813000,True,True,True,False,-16.432738,-9.388246,-10.258172,12.307385
88,187780.200000,G13,0,43.063000,True,True,True,False,45.417866,28.315463,21.551005,-7.917667
88,187780.200000,G19,0,39.438000,True,True,True,False,-35.528146,-26.695832,6.588162,26.703869
88,187780.200000,G20,0,46.438000,True,True,True,False,2.964605,-7.242294,-35.239585,-38.265500
88,187780.200000,G29,0,34.813000,True,True,True,False,44.501208,6.267787,-52.946720,-100.048251
88,187780.200000,G30,0,42.750000,True,True,True,False,-3.001537,39.762536,92.392260,180.551698
89,187780.399999,G05,0,43.125000,True,True,True,False,32.755438,-3.049861,-54.258071,-106.572189
89,187780.399999,G06,0,45.625000,True,True,True,False,-59.171884,-25.340418,18.615826,88.483485
89,187780.399999,G11,0,49.625000,True,True,True,False,-16.183771,-9.145364,-9.681167,11.839996
89,187780.399999,G13,0,42.813000,True,True,True,False,45.615577,28.046756,21.104844,-8.841342
89,187780.399999,G19,0,37.875000,True,True,True,False,-35.245738,-27.236643,6.160354,26.858040
89,187780.399999,G20,0,46.500000,True,True,True,False,3.157405,-7.022772,-34.311482,-39.421979
89,187780.399999,G29,0,32.063000,True,True,True,False,44.985197,6.507613,-51.497397,-101.739112
89,187780.399999,G30,0,42.625000,True,True,True,False,-2.743189,39.653910,92.794707,181.414188
90,187780.600000,G05,0,43.250000,True,True,True,False,28.557189,-5.087617,-53.753174,-108.324197
90,187780.600000,G06,0,45.375000,True,True,True,False,-63.322472,-34.251897,19.015560,88.960834
90,187780.600000,G11,0,49.563000,True,True,True,False,-20.356097,4.100262,-9.037364,11.388210
90,187780.600000,G13,0,42.688000,True,True,True,False,41.461339,8.308144,20.738996,-9.784697
90,187780.600000,G20,0,46.438000,True,True,True,False,-0.976183,5.732036,-33.389276,-40.409989
90,187780.600000,G29,0,29.438000,True,True,True,False,41.329434,-5.010014,-50.157080,-103.080664
90,187780.600000,G30,0,42.500000,True,True,True,False,-6.921354,25.826832,93.330720,182.100864
91,187780.799999,G05,0,43.563000,True,True,True,False,36.305512,-2.581006,-62.590185,-128.651236
91,187780.799999,G06,0,45.563000,True,True,True,False,-55.607729,-28.313623,9.150734,71.100861
91,187780.799999,G07,0,41.625000,True,True,True,False,-26.859937,6.676953,52.641556,148.221476
91,187780.799999,G11,0,49.750000,True,True,True,False,-12.615959,-8.497578,-18.294850,-7.605236
91,187780.799999,G13,0,43.375000,True,True,True,False,49.170681,31.241665,11.167657,-29.091137
91,187780.799999,G19,0,33.750000,True,True,True,False,-31.187127,-29.844442,-3.850182,9.040366
91,187780.799999,G20,0,46.688000,True,True,True,False,6.824744,-7.438933,-42.275924,-60.015657
91,187780.799999,G29,0,25.563000,True,True,True,False,49.401781,3.663759,-58.585812,-123.220213
91,187780.799999,G30,0,42.688000,True,True,True,False,0.844797,34.040273,83.439928,164.560843
92,187781.000000,G05,0,41.625000,True,True,True,False,36.584201,-2.420872,-60.181429,-133.003843
92,187781.000000,G06,0,45.563000,True,True,True,False,-55.332473,-28.485269,10.522738,68.590332
92,187781.000000,G07,0,42.625000,True,True,True,False,-26.664261,6.092473,53.799597,146.025660
92,187781.000000,G11,0,49.938000,True,True,True,False,-12.331718,-7.853033,-16.249431,-11.002116
92,187781.000000,G13,0,41.688000,True,True,True,False,49.383848,31.050507,13.017813,-32.962107
92,187781.000000,G19,0,31.063000,True,True,True,False,-30.532675,-30.733152,-2.280914,6.566421
92,187781.000000,G20,0,46.750000,True,True,True,False,7.112558,-6.901393,-40.000471,-63.815353
92,187781.000000,G29,0,25.500000,True,True,True,False,49.364856,2.959836,-56.593581,-127.818677
92,187781.000000,G30,0,42.813000,True,True,True,False,1.146574,33.599861,84.656374,162.368954
93,187781.200000,G05,0,39.563000,True,True,True,False,36.528647,-2.508742,-62.756212,-134.410189
93,187781.200000,G06,0,45.688000,True,True,True,False,-55.379326,-28.451581,7.480752,69.791783
93,187781.200000,G07,0,42.813000,True,True,True,False,-26.699221,5.318309,50.566873,147.337489
93,187781.200000,G11,0,49.875000,True,True,True,False,-12.363262,-7.110360,-18.814849,-10.856669
93,187781.200000,G13,0,39.375000,True,True,True,False,49.335253,31.259900,10.244486,-33.311084
93,187781.200000,G19,0,28.813000,True,True,True,False,-30.297253,-31.480002,-5.359057,7.436001
93,187781.200000,G20,0,46.813000,True,True,True,False,7.097681,-6.530034,-42.510080,-64.386550
93,187781.200000,G29,0,27.938000,True,True,True,False,49.896709,2.578413,-58.794394,-128.882293
93,187781.200000,G30,0,43.188000,True,True,True,False,1.129490,33.248013,81.479886,163.833116
94,187781.399999,G05,0,39.563000,True,True,True,False,35.978742,-2.485638,-60.042443,-133.386302
94,187781.399999,G06,0,45.500000,True,True,True,False,-56.073789,-28.558288,9.028372,72.791487
94,187781.399999,G07,0,42.688000,True,True,True,False,-27.362853,4.716673,51.745897,150.513622
94,187781.399999,G11,0,49.938000,True,True,True,False,-12.986757,-6.126137,-16.745959,-8.747973
94,187781.399999,G13,0,36.938000,True,True,True,False,48.823695,31.127147,12.875804,-31.393384
94,187781.399999,G19,0,25.563000,True,True,True,False,-30.363525,-32.735068,-2.802342,10.704175
94,187781.399999,G20,0,46.875000,True,True,True,False,6.449252,-5.896184,-40.281823,-62.867371
94,187781.399999,G29,0,32.188000,True,True,True,False,49.501956,1.853547,-56.028093,-127.816321
94,187781.399999,G30,0,42.875000,True,True,True,False,0.503419,32.794792,82.894939,167.132705
95,187781.600000,G05,0,38.063000,True,True,True,False,36.753409,-2.239311,-59.399431,-136.666580
95,187781.600000,G06,0,45.313000,True,True,True,False,-55.352078,-28.244453,9.444055,71.492392
95,187781.600000,G07,0,43.063000,True,True,True,False,-26.686769,4.057146,52.439383,149.347669
95,187781.600000,G11,0,49.750000,True,True,True,False,-12.268586,-5.989736,-16.060673,-10.901915
95,187781.600000,G13,0,34.375000,True,True,True,False,49.594449,32.314776,13.022309,-33.937509
95,187781.600000,G19,0,26.313000,True,True,True,False,-29.089121,-31.137342,-2.376903,9.447635
95,187781.600000,G20,0,44.813000,True,True,True,False,7.108621,-6.092320,-39.546627,-65.622817
95,187781.600000,G29,0,30.813000,True,True,True,False,50.497741,1.925664,-55.111048,-131.009456
95,187781.600000,G30,0,42.813000,True,True,True,False,1.281517,32.946264,83.391477,166.104364
96,187781.799999,G05,0,39.625000,True,True,True,False,37.957451,-0.869904,-58.363668,-136.338609
96,187781.799999,G06,0,45.250000,True,True,True,False,-54.124874,-26.643984,10.098353,74.001134
96,187781.799999,G07,0,43.250000,True,True,True,False,-25.453518,1.976180,52.821633,152.053769
96,187781.799999,G11,0,49.813000,True,True,True,False,-11.009890,-5.700659,-15.315628,-9.303921
96,187781.799999,G13,0,26.625000,True,True,True,False,50.909441,37.925101,14.301014,-32.689580
96,187781.799999,G19,0,32.438000,True,True,True,False,-27.456138,-24.634066,-0.860824,11.898946
96,187781.799999,G20,0,45.125000,True,True,True,False,8.481873,-6.568489,-38.626704,-64.478880
96,187781.799999,G29,0,31.625000,True,True,True,False,51.783723,2.315568,-54.019315,-130.716101
96,187781.799999,G30,0,42.813000,True,True,True,False,2.549235,33.894017,84.003925,168.891723
97,187782.000000,G05,0,39.375000,True,True,True,False,37.532575,-1.585979,-58.808405,-138.520350
97,187782.000000,G06,0,45.438000,True,True,True,False,-54.508304,-27.044985,8.874828,73.825994
97,187782.000000,G07,0,43.313000,True,True,True,False,-25.798983,3.437224,51.506757,151.956719
97,187782.000000,G11,0,47.500000,True,True,True,False,-11.464015,-7.133668,-16.228605,-10.353939
97,187782.000000,G13,0,31.563000,True,True,True,False,50.525690,36.318327,13.619578,-34.011181
97,187782.000000,G19,0,36.688000,True,True,True,False,-27.811964,-24.358895,-1.895020,11.294456
97,187782.000000,G20,0,45.563000,True,True,True,False,8.140643,-7.313700,-39.228380,-65.980394
97,187782.000000,G29,0,31.625000,True,True,True,False,51.294927,2.936384,-54.528141,-133.168285
97,187782.000000,G30,0,42.875000,True,True,True,False,2.178054,34.262983,82.680027,168.893801
98,187782.200000,G05,0,40.250000,True,True,True,False,37.779741,-1.723955,-57.857693,-140.835922
98,187782.200000,G06,0,45.000000,True,True,True,False,-54.238842,-26.898273,8.444906,73.529062
98,187782.200000,G07,0,42.875000,True,True,True,False,-25.513019,3.343304,51.637628,151.794843
98,187782.200000,G11,0,47.375000,True,True,True,False,-11.177314,-7.534354,-15.996175,-11.433666
98,187782.200000,G13,0,30.875000,True,True,True,False,51.345502,37.386522,14.004089,-35.001096
98,187782.200000,G19,0,38.125000,True,True,True,False,-28.079935,-23.748364,-2.990661,9.919382
98,187782.200000,G20,0,42.750000,True,True,True,False,8.553463,-7.659440,-38.315737,-67.488450
98,187782.200000,G29,0,30.000000,True,True,True,False,51.966074,3.350894,-52.770584,-135.241748
98,187782.200000,G30,0,42.688000,True,True,True,False,2.439132,34.469151,82.266794,168.773566
99,187782.399999,G05,0,37.750000,True,True,True,False,37.456494,-1.925533,-57.710820,-143.194075
99,187782.399999,G06,0,44.875000,True,True,True,False,-54.771230,-26.905419,7.910025,73.119319
99,187782.399999,G07,0,41.938000,True,True,True,False,-25.971354,3.673186,51.108870,151.640117
99,187782.399999,G11,0,46.688000,True,True,True,False,-11.617681,-7.454943,-16.123208,-12.659796
99,187782.399999,G13,0,31.375000,True,True,True,False,51.080546,37.085933,13.980313,-36.504914
99,187782.399999,G19,0,37.438000,True,True,True,False,-28.624531,-24.321475,-3.641095,8.972019
99,187782.399999,G20,0,43.938000,True,True,True,False,7.943436,-7.821528,-38.512144,-69.461392
99,187782.399999,G29,0,33.125000,True,True,True,False,51.706578,3.197148,-52.617250,-137.678981
99,187782.399999,G30,0,42.188000,True,True,True,False,1.959400,34.578858,81.696339,168.642809
