epoch,gps_tow,satellite_count,gt_x,gt_y,gt_z,error_2d_wls,est_x_wls,est_y_wls,est_z_wls,error_2d_ekf,est_x_ekf,est_y_ekf,est_z_ekf,error_2d_pf_10k,est_x_pf_10k,est_y_pf_10k,est_z_pf_10k,error_2d_pf3d_10k,est_x_pf3d_10k,est_y_pf3d_10k,est_z_pf3d_10k,error_2d_pf3d_bvh_10k,est_x_pf3d_bvh_10k,est_y_pf3d_bvh_10k,est_z_pf3d_bvh_10k
0,187470.000000,9,-3961767.630000,3349008.712000,3698309.780000,53.852061,-3961781.538621,3348953.268437,3698311.796883,53.852061,-3961781.538621,3348953.268437,3698311.796883,54.496165,-3961781.358145,3348951.507651,3698308.569133,54.496165,-3961781.358145,3348951.507651,3698308.569133,54.496165,-3961781.358145,3348951.507651,3698308.569133
1,187470.199999,9,-3961767.630000,3349008.712000,3698309.780000,53.958920,-3961781.813853,3348953.346871,3698311.962086,53.959075,-3961781.815233,3348953.347691,3698311.962827,52.629566,-3961780.848475,3348953.453085,3698308.648864,52.629566,-3961780.848475,3348953.453085,3698308.648864,52.629566,-3961780.848475,3348953.453085,3698308.648864
2,187470.399999,8,-3961767.630000,3349008.712000,3698309.780000,47.301391,-3961808.840269,3348981.734051,3698316.197860,47.710490,-3961802.475150,3348975.705266,3698314.673490,50.727465,-3961783.254364,3348957.119172,3698308.157793,50.727465,-3961783.254364,3348957.119172,3698308.157793,50.727465,-3961783.254364,3348957.119172,3698308.157793
3,187470.600000,9,-3961767.630000,3349008.712000,3698309.780000,53.470434,-3961783.367995,3348954.899826,3698312.216942,52.802002,-3961789.128399,3348959.685716,3698314.138062,50.913968,-3961781.567254,3348955.740276,3698307.786378,50.913968,-3961781.567254,3348955.740276,3698307.786378,50.913968,-3961781.567254,3348955.740276,3698307.786378
4,187470.800000,9,-3961767.630000,3349008.712000,3698309.780000,53.576468,-3961783.549235,3348955.023973,3698312.737061,53.536743,-3961785.857384,3348956.684982,3698313.668316,52.390916,-3961783.576935,3348955.525369,3698309.084620,52.390916,-3961783.576935,3348955.525369,3698309.084620,52.390916,-3961783.576935,3348955.525369,3698309.084620
5,187471.000000,9,-3961767.630000,3349008.712000,3698309.780000,53.601183,-3961782.827554,3348954.441106,3698312.259950,53.655941,-3961784.069563,3348955.272881,3698312.879963,52.402283,-3961784.034345,3348955.966943,3698309.809510,52.402283,-3961784.034345,3348955.966943,3698309.809510,52.402283,-3961784.034345,3348955.966943,3698309.809510
6,187471.199999,9,-3961767.630000,3349008.712000,3698309.780000,53.553223,-3961782.821722,3348954.450437,3698312.102491,53.594552,-3961783.297938,3348954.753899,3698312.371671,52.156438,-3961784.027411,3348956.320759,3698310.075327,52.156438,-3961784.027411,3348956.320759,3698310.075327,52.156438,-3961784.027411,3348956.320759,3698310.075327
7,187471.399999,9,-3961767.630000,3349008.712000,3698309.780000,53.672160,-3961782.764948,3348954.283902,3698312.130926,53.662902,-3961782.921518,3348954.406000,3698312.202523,52.581936,-3961786.058788,3348957.183411,3698310.484722,52.581936,-3961786.058788,3348957.183411,3698310.484722,52.581936,-3961786.058788,3348957.183411,3698310.484722
8,187471.600000,9,-3961767.630000,3349008.712000,3698309.780000,53.700699,-3961782.776072,3348954.277836,3698312.206840,53.687698,-3961782.752624,3348954.271734,3698312.178618,52.651213,-3961784.644027,3348956.137600,3698310.188266,52.651213,-3961784.644027,3348956.137600,3698310.188266,52.651213,-3961784.644027,3348956.137600,3698310.188266
9,187471.800000,9,-3961767.630000,3349008.712000,3698309.780000,53.323647,-3961782.246219,3348954.128070,3698311.168566,53.399800,-3961782.421681,3348954.199478,3698311.383582,53.844294,-3961785.131836,3348954.918051,3698309.794523,53.844294,-3961785.131836,3348954.918051,3698309.794523,53.844294,-3961785.131836,3348954.918051,3698309.794523
10,187472.000000,9,-3961767.630000,3349008.712000,3698309.780000,53.452213,-3961782.132635,3348953.952101,3698311.325934,53.434635,-3961782.159772,3348953.984714,3698311.311031,54.428774,-3961785.042676,3348954.212891,3698310.031877,54.428774,-3961785.042676,3348954.212891,3698310.031877,54.428774,-3961785.042676,3348954.212891,3698310.031877
11,187472.200000,9,-3961767.630000,3349008.712000,3698309.780000,53.465666,-3961782.520460,3348954.247865,3698311.632769,53.433691,-3961782.252122,3348954.081030,3698311.459255,53.302301,-3961783.533572,3348954.432841,3698309.216124,53.302301,-3961783.533572,3348954.432841,3698309.216124,53.302301,-3961783.533572,3348954.432841,3698309.216124
12,187472.399999,9,-3961767.630000,3349008.712000,3698309.780000,53.571513,-3961782.211876,3348953.892017,3698311.454003,53.538430,-3961782.162395,3348953.891697,3698311.415078,53.577504,-3961783.768951,3348954.420732,3698309.935245,53.577504,-3961783.768951,3348954.420732,3698309.935245,53.577504,-3961783.768951,3348954.420732,3698309.935245
13,187472.600000,9,-3961767.630000,3349008.712000,3698309.780000,53.566141,-3961782.151223,3348953.877337,3698311.504643,53.549881,-3961782.068113,3348953.829485,3698311.437383,53.955934,-3961784.704139,3348954.544221,3698309.923087,53.955934,-3961784.704139,3348954.544221,3698309.923087,53.955934,-3961784.704139,3348954.544221,3698309.923087
14,187472.799999,9,-3961767.630000,3349008.712000,3698309.780000,53.694507,-3961782.006340,3348953.648633,3698311.533268,53.661840,-3961781.960473,3348953.645864,3698311.480063,54.961122,-3961785.211114,3348953.753701,3698310.353907,54.961122,-3961785.211114,3348953.753701,3698310.353907,54.961122,-3961785.211114,3348953.753701,3698310.353907
15,187473.000000,9,-3961767.630000,3349008.712000,3698309.780000,53.682129,-3961781.908973,3348953.604600,3698311.524682,53.671688,-3961781.851708,3348953.570816,3698311.478613,54.487440,-3961783.978473,3348953.569130,3698310.384602,54.487440,-3961783.978473,3348953.569130,3698310.384602,54.487440,-3961783.978473,3348953.569130,3698310.384602
16,187473.200000,9,-3961767.630000,3349008.712000,3698309.780000,53.754831,-3961782.539935,3348954.067850,3698312.175046,53.706407,-3961782.123427,3348953.805020,3698311.894364,54.309918,-3961784.315633,3348954.043680,3698310.608214,54.309918,-3961784.315633,3348954.043680,3698310.608214,54.309918,-3961784.315633,3348954.043680,3698310.608214
17,187473.399999,9,-3961767.630000,3349008.712000,3698309.780000,53.676306,-3961782.367207,3348954.039127,3698312.096363,53.667208,-3961782.186804,3348953.915500,3698311.989836,54.299721,-3961784.783653,3348954.426716,3698310.947632,54.299721,-3961784.783653,3348954.426716,3698310.947632,54.299721,-3961784.783653,3348954.426716,3698310.947632
18,187473.600000,9,-3961767.630000,3349008.712000,3698309.780000,53.766815,-3961782.311371,3348953.945559,3698312.256834,53.737873,-3961782.192448,3348953.883611,3698312.159537,54.566190,-3961784.760490,3348954.228597,3698311.487566,54.566190,-3961784.760490,3348954.228597,3698311.487566,54.566190,-3961784.760490,3348954.228597,3698311.487566
19,187473.799999,9,-3961767.630000,3349008.712000,3698309.780000,53.704594,-3961782.306834,3348953.979706,3698312.127684,53.705413,-3961782.216235,3348953.918462,3698312.099260,54.420362,-3961785.380507,3348954.868609,3698311.837870,54.420362,-3961785.380507,3348954.868609,3698311.837870,54.420362,-3961785.380507,3348954.868609,3698311.837870
20,187474.000000,9,-3961767.630000,3349008.712000,3698309.780000,53.610030,-3961782.323363,3348954.056918,3698311.971228,53.623077,-3961782.242304,3348953.992522,3698311.963875,53.993111,-3961784.825043,3348955.022713,3698311.759288,53.993111,-3961784.825043,3348955.022713,3698311.759288,53.993111,-3961784.825043,3348955.022713,3698311.759288
21,187474.200000,9,-3961767.630000,3349008.712000,3698309.780000,53.777895,-3961782.399504,3348953.968491,3698312.206412,53.740421,-3961782.287106,3348953.922879,3698312.117650,54.590488,-3961785.188486,3348954.524076,3698311.742850,54.590488,-3961785.188486,3348954.524076,3698311.742850,54.590488,-3961785.188486,3348954.524076,3698311.742850
22,187474.399999,9,-3961767.630000,3349008.712000,3698309.780000,53.732121,-3961782.555202,3348954.151428,3698312.341940,53.720842,-3961782.383006,3348954.036128,3698312.238731,55.058939,-3961785.510272,3348954.121518,3698311.592415,55.058939,-3961785.510272,3348954.121518,3698311.592415,55.058939,-3961785.510272,3348954.121518,3698311.592415
23,187474.600000,9,-3961767.630000,3349008.712000,3698309.780000,53.800567,-3961782.538265,3348954.090479,3698312.446651,53.777641,-3961782.429696,3348954.032849,3698312.368494,55.423345,-3961785.271168,3348953.544234,3698311.612315,55.423345,-3961785.271168,3348953.544234,3698311.612315,55.423345,-3961785.271168,3348953.544234,3698311.612315
24,187474.799999,9,-3961767.630000,3349008.712000,3698309.780000,53.804918,-3961782.364433,3348953.971922,3698312.399222,53.799471,-3961782.362730,3348953.974778,3698312.390117,55.860675,-3961784.348589,3348952.605081,3698312.134152,55.860675,-3961784.348589,3348952.605081,3698312.134152,55.860675,-3961784.348589,3348952.605081,3698312.134152
25,187475.000000,9,-3961767.630000,3349008.712000,3698309.780000,53.987489,-3961782.001463,3348953.536541,3698312.360367,53.963176,-3961782.146054,3348953.662381,3698312.410241,56.120734,-3961784.906733,3348952.590168,3698311.998071,56.120734,-3961784.906733,3348952.590168,3698311.998071,56.120734,-3961784.906733,3348952.590168,3698311.998071
26,187475.200000,9,-3961767.630000,3349008.712000,3698309.780000,54.147118,-3961782.059450,3348953.455343,3698312.615442,54.114084,-3961782.059763,3348953.482487,3698312.574178,56.359609,-3961785.706671,3348952.864658,3698312.304681,56.359609,-3961785.706671,3348952.864658,3698312.304681,56.359609,-3961785.706671,3348952.864658,3698312.304681
27,187475.399999,9,-3961767.630000,3349008.712000,3698309.780000,54.437037,-3961782.848341,3348953.864780,3698313.646271,54.345373,-3961782.403465,3348953.617338,3698313.294224,56.691148,-3961786.002592,3348952.554834,3698311.944103,56.691148,-3961786.002592,3348952.554834,3698311.944103,56.691148,-3961786.002592,3348952.554834,3698311.944103
28,187475.600000,9,-3961767.630000,3349008.712000,3698309.780000,54.336869,-3961783.344652,3348954.373422,3698314.013726,54.309257,-3961782.850255,3348954.040287,3698313.722163,57.319320,-3961785.745818,3348951.635495,3698311.897109,57.319320,-3961785.745818,3348951.635495,3698311.897109,57.319320,-3961785.745818,3348951.635495,3698311.897109
29,187475.799999,9,-3961767.630000,3349008.712000,3698309.780000,54.426284,-3961782.913620,3348953.983636,3698313.876178,54.407545,-3961782.876668,3348953.976018,3698313.846066,57.062266,-3961786.137935,3348952.175516,3698311.875440,57.062266,-3961786.137935,3348952.175516,3698311.875440,57.062266,-3961786.137935,3348952.175516,3698311.875440
30,187476.000000,8,-3961767.630000,3349008.712000,3698309.780000,67.985603,-3961811.103226,3348966.784867,3698353.336302,62.343666,-3961793.443674,3348957.837504,3698335.270859,57.558998,-3961786.995434,3348952.371686,3698312.941048,57.558998,-3961786.995434,3348952.371686,3698312.941048,57.558998,-3961786.995434,3348952.371686,3698312.941048
31,187476.200000,8,-3961767.630000,3349008.712000,3698309.780000,67.990404,-3961811.132818,3348966.803621,3698353.362725,65.829205,-3961801.871123,3348961.830411,3698345.360955,57.980721,-3961787.223634,3348952.297969,3698314.062428,57.980721,-3961787.223634,3348952.297969,3698314.062428,57.980721,-3961787.223634,3348952.297969,3698314.062428
32,187476.399999,9,-3961767.630000,3349008.712000,3698309.780000,54.225877,-3961782.988309,3348954.206005,3698313.685943,56.888083,-3961792.685304,3348959.181593,3698322.586822,58.313281,-3961787.538943,3348952.158856,3698314.325974,58.313281,-3961787.538943,3348952.158856,3698314.325974,58.313281,-3961787.538943,3348952.158856,3698314.325974
33,187476.600000,9,-3961767.630000,3349008.712000,3698309.780000,54.089382,-3961783.415141,3348954.615111,3698313.704336,54.962159,-3961788.095967,3348957.210398,3698316.981799,58.578832,-3961787.358730,3348951.750497,3698314.382058,58.578832,-3961787.358730,3348951.750497,3698314.382058,58.578832,-3961787.358730,3348951.750497,3698314.382058
34,187476.799999,9,-3961767.630000,3349008.712000,3698309.780000,54.245763,-3961783.623621,3348954.643181,3698314.027089,54.528969,-3961785.818983,3348955.939924,3698315.328728,57.885379,-3961787.014235,3348952.260188,3698313.960681,57.885379,-3961787.014235,3348952.260188,3698313.960681,57.885379,-3961787.014235,3348952.260188,3698313.960681
35,187477.000000,8,-3961767.630000,3349008.712000,3698309.780000,67.795115,-3961811.474113,3348967.176585,3698353.357753,62.345133,-3961795.273486,3348959.090070,3698336.311470,58.318649,-3961786.945137,3348952.201743,3698315.743878,58.318649,-3961786.945137,3348952.201743,3698315.743878,58.318649,-3961786.945137,3348952.201743,3698315.743878
36,187477.200000,8,-3961767.630000,3349008.712000,3698309.780000,67.880110,-3961811.348529,3348967.045390,3698353.408086,65.783782,-3961802.886168,3348962.566472,3698345.927127,58.305692,-3961787.681793,3348953.032849,3698317.093556,58.305692,-3961787.681793,3348953.032849,3698317.093556,58.305692,-3961787.681793,3348953.032849,3698317.093556
37,187477.399999,9,-3961767.630000,3349008.712000,3698309.780000,53.641010,-3961782.403839,3348954.254003,3698312.621854,56.451654,-3961792.817602,3348959.606814,3698322.026381,58.113942,-3961787.929709,3348953.296930,3698316.736856,58.113942,-3961787.929709,3348953.296930,3698316.736856,58.113942,-3961787.929709,3348953.296930,3698316.736856
38,187477.600000,9,-3961767.630000,3349008.712000,3698309.780000,53.555816,-3961782.150092,3348954.127076,3698312.336614,54.475144,-3961787.391945,3348957.073720,3698315.887450,57.803185,-3961787.129103,3348953.019632,3698316.088495,57.803185,-3961787.129103,3348953.019632,3698316.088495,57.803185,-3961787.129103,3348953.019632,3698316.088495
39,187477.799999,8,-3961767.630000,3349008.712000,3698309.780000,67.764257,-3961811.384981,3348967.169612,3698353.346322,62.335945,-3961795.960910,3348959.580117,3698336.718534,57.726750,-3961787.528470,3348953.416809,3698316.356048,57.726750,-3961787.528470,3348953.416809,3698316.356048,57.726750,-3961787.528470,3348953.416809,3698316.356048
40,187478.000000,8,-3961767.630000,3349008.712000,3698309.780000,67.715440,-3961811.308829,3348967.187001,3698353.329646,65.675216,-3961803.144151,3348962.860808,3698346.055501,58.297994,-3961787.836422,3348953.168917,3698317.226143,58.297994,-3961787.836422,3348953.168917,3698317.226143,58.297994,-3961787.836422,3348953.168917,3698317.226143
41,187478.200000,9,-3961767.630000,3349008.712000,3698309.780000,53.993533,-3961782.673707,3348954.187515,3698313.295723,56.751231,-3961793.151218,3348959.637742,3698322.692296,58.386064,-3961787.697941,3348952.800780,3698316.598397,58.386064,-3961787.697941,3348952.800780,3698316.598397,58.386064,-3961787.697941,3348952.800780,3698316.598397
42,187478.399999,9,-3961767.630000,3349008.712000,3698309.780000,54.176890,-3961782.922397,3348954.229716,3698313.695065,55.035235,-3961787.989379,3348957.098967,3698317.111764,58.474838,-3961787.935124,3348952.844655,3698316.645474,58.474838,-3961787.935124,3348952.844655,3698316.645474,58.474838,-3961787.935124,3348952.844655,3698316.645474
43,187478.600000,9,-3961767.630000,3349008.712000,3698309.780000,54.115316,-3961782.962805,3348954.279677,3698313.541586,54.443921,-3961785.347214,3348955.670642,3698314.983842,58.654097,-3961787.788902,3348952.492916,3698316.455954,58.654097,-3961787.788902,3348952.492916,3698316.455954,58.654097,-3961787.788902,3348952.492916,3698316.455954
44,187478.799999,9,-3961767.630000,3349008.712000,3698309.780000,54.832724,-3961784.565645,3348955.039515,3698315.889421,54.738598,-3961784.762859,3348955.210327,3698315.725040,58.587250,-3961787.754718,3348952.666912,3698316.846573,58.587250,-3961787.754718,3348952.666912,3698316.846573,58.587250,-3961787.754718,3348952.666912,3698316.846573
45,187479.000000,9,-3961767.630000,3349008.712000,3698309.780000,54.834484,-3961784.201981,3348954.746065,3698315.599492,54.819250,-3961784.403208,3348954.895134,3698315.662210,58.578329,-3961786.930534,3348952.242418,3698316.946596,58.578329,-3961786.930534,3348952.242418,3698316.946596,58.578329,-3961786.930534,3348952.242418,3698316.946596
46,187479.200000,9,-3961767.630000,3349008.712000,3698309.780000,54.763029,-3961784.040543,3348954.686738,3698315.423560,54.773044,-3961784.151453,3348954.754082,3698315.480756,58.142980,-3961786.211338,3348952.083500,3698316.048230,58.142980,-3961786.211338,3348952.083500,3698316.048230,58.142980,-3961786.211338,3348952.083500,3698316.048230
47,187479.399999,9,-3961767.630000,3349008.712000,3698309.780000,54.531208,-3961784.095727,3348954.928954,3698315.218374,54.566150,-3961784.059803,3348954.871781,3698315.232293,57.614319,-3961786.033141,3348952.694390,3698316.325751,57.614319,-3961786.033141,3348952.694390,3698316.325751,57.614319,-3961786.033141,3348952.694390,3698316.325751
48,187479.600000,9,-3961767.630000,3349008.712000,3698309.780000,54.491125,-3961783.715975,3348954.685067,3698314.958133,54.503532,-3961783.819556,3348954.746702,3698315.018909,57.516235,-3961785.539203,3348952.576345,3698316.457347,57.516235,-3961785.539203,3348952.576345,3698316.457347,57.516235,-3961785.539203,3348952.576345,3698316.457347
49,187479.799999,9,-3961767.630000,3349008.712000,3698309.780000,54.205985,-3961783.782904,3348954.943252,3698314.572380,54.252680,-3961783.754499,3348954.887626,3698314.624469,57.557073,-3961785.581924,3348952.579675,3698316.547569,57.557073,-3961785.581924,3348952.579675,3698316.547569,57.557073,-3961785.581924,3348952.579675,3698316.547569
50,187480.000000,9,-3961767.630000,3349008.712000,3698309.780000,54.296506,-3961784.713391,3348955.612318,3698315.413180,54.233199,-3961784.161181,3348955.265590,3698315.043309,57.172004,-3961785.719449,3348952.899315,3698315.851400,57.172004,-3961785.719449,3348952.899315,3698315.851400,57.172004,-3961785.719449,3348952.899315,3698315.851400
51,187480.200000,9,-3961767.630000,3349008.712000,3698309.780000,54.347625,-3961785.285995,3348956.045587,3698315.984050,54.267554,-3961784.669232,3348955.668788,3698315.568523,56.382109,-3961785.277680,3348953.324564,3698314.970680,56.382109,-3961785.277680,3348953.324564,3698314.970680,56.382109,-3961785.277680,3348953.324564,3698314.970680
52,187480.399999,9,-3961767.630000,3349008.712000,3698309.780000,54.225159,-3961785.053668,3348955.976216,3698315.705100,54.208970,-3961784.838778,3348955.839877,3698315.589907,55.937256,-3961785.429561,3348953.792246,3698314.460859,55.937256,-3961785.429561,3348953.792246,3698314.460859,55.937256,-3961785.429561,3348953.792246,3698314.460859
53,187480.600000,9,-3961767.630000,3349008.712000,3698309.780000,54.337816,-3961785.180862,3348955.978448,3698315.918728,54.289579,-3961784.984706,3348955.881137,3698315.771798,55.662538,-3961785.351952,3348953.979679,3698314.128143,55.662538,-3961785.351952,3348953.979679,3698314.128143,55.662538,-3961785.351952,3348953.979679,3698314.128143
54,187480.799999,9,-3961767.630000,3349008.712000,3698309.780000,54.082372,-3961785.247729,3348956.226053,3698315.607399,54.105103,-3961785.108489,3348956.112211,3698315.580227,55.470170,-3961785.381614,3348954.100559,3698313.678574,55.470170,-3961785.381614,3348954.100559,3698313.678574,55.470170,-3961785.381614,3348954.100559,3698313.678574
55,187481.000000,9,-3961767.630000,3349008.712000,3698309.780000,54.209590,-3961785.293645,3348956.196394,3698315.926797,54.167991,-3961785.162887,3348956.133286,3698315.797510,55.344832,-3961785.933882,3348954.650965,3698313.957777,55.344832,-3961785.933882,3348954.650965,3698313.957777,55.344832,-3961785.933882,3348954.650965,3698313.957777
56,187481.200000,9,-3961767.630000,3349008.712000,3698309.780000,54.203546,-3961784.903974,3348955.873127,3698315.557142,54.199055,-3961785.023598,3348955.967865,3698315.630531,54.771768,-3961785.065757,3348954.832197,3698313.980952,54.771768,-3961785.065757,3348954.832197,3698313.980952,54.771768,-3961785.065757,3348954.832197,3698313.980952
57,187481.399999,9,-3961767.630000,3349008.712000,3698309.780000,54.338309,-3961785.143253,3348955.972873,3698315.972026,54.293993,-3961785.044185,3348955.934618,3698315.855597,53.814817,-3961784.888288,3348955.942905,3698314.245935,53.814817,-3961784.888288,3348955.942905,3698314.245935,53.814817,-3961784.888288,3348955.942905,3698314.245935
58,187481.600000,9,-3961767.630000,3349008.713000,3698309.779000,54.762179,-3961785.568423,3348955.924643,3698316.677988,54.644983,-3961785.286303,3348955.823626,3698316.408277,53.461808,-3961785.326340,3348956.608692,3698314.208727,53.461808,-3961785.326340,3348956.608692,3698314.208727,53.461808,-3961785.326340,3348956.608692,3698314.208727
59,187481.799999,9,-3961767.630000,3349008.715000,3698309.777000,54.851170,-3961785.558846,3348955.875021,3698316.867529,54.795060,-3961785.398838,3348955.805636,3698316.715256,53.319201,-3961784.933824,3348956.514411,3698314.073573,53.319201,-3961784.933824,3348956.514411,3698314.073573,53.319201,-3961784.933824,3348956.514411,3698314.073573
60,187482.000000,9,-3961767.629000,3349008.718000,3698309.775000,54.838612,-3961785.337334,3348955.705911,3698316.656422,54.831759,-3961785.363339,3348955.733618,3698316.673139,53.395191,-3961785.198685,3348956.482885,3698313.710877,53.395191,-3961785.198685,3348956.482885,3698313.710877,53.395191,-3961785.198685,3348956.482885,3698313.710877
61,187482.200000,9,-3961767.617000,3349008.725000,3698309.780000,54.456171,-3961784.295334,3348955.151880,3698315.225442,54.573909,-3961784.852201,3348955.464936,3698315.689187,53.800986,-3961785.468454,3348956.263083,3698314.048991,53.800986,-3961785.468454,3348956.263083,3698314.048991,53.800986,-3961785.468454,3348956.263083,3698314.048991
62,187482.399999,9,-3961767.594000,3349008.737000,3698309.794000,54.789011,-3961784.640345,3348955.215749,3698316.026443,54.744859,-3961784.681490,3348955.269385,3698315.956781,53.743841,-3961785.442030,3348956.332166,3698314.030164,53.743841,-3961785.442030,3348956.332166,3698314.030164,53.743841,-3961785.442030,3348956.332166,3698314.030164
63,187482.600000,9,-3961767.560000,3349008.753000,3698309.815000,55.636864,-3961785.437914,3348955.201410,3698317.685923,55.423787,-3961784.980778,3348955.038417,3698317.167114,53.937560,-3961785.166018,3348956.109754,3698314.529912,53.937560,-3961785.166018,3348956.109754,3698314.529912,53.937560,-3961785.166018,3348956.109754,3698314.529912
64,187482.799999,9,-3961767.513000,3349008.774000,3698309.845000,56.095975,-3961784.875915,3348954.160193,3698316.969914,56.001568,-3961785.009549,3348954.375010,3698317.064652,54.086509,-3961785.249890,3348956.072388,3698314.711854,54.086509,-3961785.249890,3348956.072388,3698314.711854,54.086509,-3961785.249890,3348956.072388,3698314.711854
65,187483.000000,9,-3961767.456000,3349008.799000,3698309.883000,56.095005,-3961784.420280,3348953.710705,3698316.195081,56.126477,-3961784.761957,3348953.953429,3698316.487986,54.433515,-3961785.534723,3348955.765231,3698314.328307,54.433515,-3961785.534723,3348955.765231,3698314.328307,54.433515,-3961785.534723,3348955.765231,3698314.328307
66,187483.200000,9,-3961767.386000,3349008.827000,3698309.929000,55.887705,-3961782.388287,3348952.066029,3698313.556462,56.055051,-3961783.657458,3348952.878643,3698314.545125,54.465707,-3961785.110519,3348955.403097,3698313.851026,54.465707,-3961785.110519,3348955.403097,3698313.851026,54.465707,-3961785.110519,3348955.403097,3698313.851026
67,187483.399999,8,-3961767.308000,3349008.859000,3698309.982000,65.483644,-3961779.218406,3348938.304321,3698311.262571,63.599172,-3961782.471005,3348942.871924,3698313.030645,54.446525,-3961784.980513,3348955.361872,3698313.663978,54.446525,-3961784.980513,3348955.361872,3698313.663978,54.446525,-3961784.980513,3348955.361872,3698313.663978
68,187483.600000,9,-3961767.218000,3349008.894000,3698310.043000,55.622576,-3961779.145272,3348949.681476,3698310.225816,57.086594,-3961779.731277,3348948.445866,3698310.797392,54.809043,-3961784.721877,3348954.665425,3698312.984338,54.809043,-3961784.721877,3348954.665425,3698312.984338,54.809043,-3961784.721877,3348954.665425,3698312.984338
69,187483.799999,9,-3961767.119000,3349008.932000,3698310.112000,54.935200,-3961777.987247,3348949.687511,3698309.459130,55.353988,-3961778.441138,3348949.540707,3698309.773165,55.018094,-3961785.076887,3348954.842898,3698313.499754,55.018094,-3961785.076887,3348954.842898,3698313.499754,55.018094,-3961785.076887,3348954.842898,3698313.499754
70,187484.000000,9,-3961767.009000,3349008.970000,3698310.191000,54.539219,-3961778.080790,3348950.230816,3698309.263388,54.681413,-3961778.032501,3348950.038305,3698309.277230,55.028943,-3961785.233969,3348955.039034,3698313.623586,55.028943,-3961785.233969,3348955.039034,3698313.623586,55.028943,-3961785.233969,3348955.039034,3698313.623586
71,187484.200000,9,-3961766.890000,3349009.006000,3698310.282000,54.687462,-3961778.107117,3348950.243318,3698309.593085,54.666070,-3961777.884417,3348950.086385,3698309.404010,55.000639,-3961785.274555,3348955.091955,3698313.281798,55.000639,-3961785.274555,3348955.091955,3698313.281798,55.000639,-3961785.274555,3348955.091955,3698313.281798
72,187484.399999,9,-3961766.765000,3349009.047000,3698310.375000,54.883613,-3961778.162204,3348950.266501,3698310.069392,54.816480,-3961777.845182,3348950.083182,3698309.788269,54.746086,-3961784.766927,3348955.317669,3698313.795932,54.746086,-3961784.766927,3348955.317669,3698313.795932,54.746086,-3961784.766927,3348955.317669,3698313.795932
73,187484.600000,9,-3961766.630000,3349009.088000,3698310.477000,55.604498,-3961778.695551,3348949.974709,3698310.657670,55.426812,-3961778.194640,3348949.792504,3698310.289328,54.409880,-3961784.268394,3348955.521686,3698313.815110,54.409880,-3961784.268394,3348955.521686,3698313.815110,54.409880,-3961784.268394,3348955.521686,3698313.815110
74,187484.799999,9,-3961766.477000,3349009.133000,3698310.592000,56.185412,-3961779.744435,3348950.278049,3698311.671853,55.985467,-3961778.908914,3348949.870594,3698311.094902,54.841318,-3961784.576299,3348955.333706,3698313.958841,54.841318,-3961784.576299,3348955.333706,3698313.958841,54.841318,-3961784.576299,3348955.333706,3698313.958841
75,187485.000000,9,-3961766.297000,3349009.179000,3698310.731000,55.834846,-3961779.065994,3348950.458218,3698311.812752,55.839237,-3961778.779933,3348950.208594,3698311.535218,55.425621,-3961784.209161,3348954.514700,3698313.887671,55.425621,-3961784.209161,3348954.514700,3698313.887671,55.425621,-3961784.209161,3348954.514700,3698313.887671
76,187485.200000,9,-3961766.092000,3349009.218000,3698310.906000,55.297739,-3961777.630215,3348950.300111,3698311.514285,55.415865,-3961777.913223,3348950.333882,3698311.565214,55.449772,-3961783.974808,3348954.494958,3698314.015887,55.449772,-3961783.974808,3348954.494958,3698314.015887,55.449772,-3961783.974808,3348954.494958,3698314.015887
77,187485.399999,9,-3961765.861000,3349009.273000,3698311.108000,55.032225,-3961776.385345,3348949.743245,3698310.534275,55.158940,-3961776.952277,3348950.015748,3698310.879648,55.716995,-3961783.881471,3348954.224028,3698313.879062,55.716995,-3961783.881471,3348954.224028,3698313.879062,55.716995,-3961783.881471,3348954.224028,3698313.879062
78,187485.600000,9,-3961765.600000,3349009.337000,3698311.332000,54.874598,-3961775.576816,3348949.623388,3698310.546964,54.964935,-3961775.992727,3348949.796474,3698310.703003,55.783312,-3961784.182590,3348954.482794,3698313.845817,55.783312,-3961784.182590,3348954.482794,3698313.845817,55.783312,-3961784.182590,3348954.482794,3698313.845817
79,187485.799999,9,-3961765.309000,3349009.401000,3698311.578000,55.142590,-3961775.701765,3348949.864961,3698311.649245,55.098591,-3961775.570651,3348949.762776,3698311.386016,56.333436,-3961783.921288,3348954.010885,3698314.502133,56.333436,-3961783.921288,3348954.010885,3698314.502133,56.333436,-3961783.921288,3348954.010885,3698314.502133
80,187486.000000,9,-3961764.993000,3349009.474000,3698311.855000,54.881380,-3961775.643535,3348950.442968,3698312.096804,54.896671,-3961775.355980,3348950.183618,3698311.832506,56.105230,-3961783.574667,3348954.298237,3698314.622712,56.105230,-3961783.574667,3348954.298237,3698314.622712,56.105230,-3961783.574667,3348954.298237,3698314.622712
81,187486.200000,9,-3961764.658000,3349009.554000,3698312.137000,54.584700,-3961775.717254,3348951.228227,3698312.789807,54.601304,-3961775.278063,3348950.854352,3698312.432087,56.346576,-3961783.824795,3348954.448909,3698314.920300,56.346576,-3961783.824795,3348954.448909,3698314.920300,56.346576,-3961783.824795,3348954.448909,3698314.920300
82,187486.399999,9,-3961764.305000,3349009.644000,3698312.427000,53.883395,-3961775.479325,3348951.999083,3698312.372680,53.992328,-3961775.188476,3348951.673564,3698312.264893,56.433940,-3961783.431632,3348954.380385,3698315.092799,56.433940,-3961783.431632,3348954.380385,3698315.092799,56.433940,-3961783.431632,3348954.380385,3698315.092799
83,187486.600000,9,-3961763.941000,3349009.741000,3698312.728000,53.409504,-3961775.364434,3348952.623448,3698312.067290,53.500751,-3961775.116587,3348952.354350,3698312.003929,55.921469,-3961782.370581,3348954.526102,3698314.834729,55.921469,-3961782.370581,3348954.526102,3698314.834729,55.921469,-3961782.370581,3348954.526102,3698314.834729
84,187486.799999,9,-3961763.551000,3349009.842000,3698313.043000,52.660003,-3961775.099770,3348953.548221,3698311.883601,52.792250,-3961774.888533,3348953.247490,3698311.811890,56.030109,-3961781.985933,3348954.340309,3698314.497608,56.030109,-3961781.985933,3348954.340309,3698314.497608,56.030109,-3961781.985933,3348954.340309,3698314.497608
85,187487.000000,9,-3961763.138000,3349009.945000,3698313.393000,52.386579,-3961774.997196,3348954.274509,3698312.652083,52.423583,-3961774.673976,3348953.962238,3698312.366359,56.171899,-3961781.272723,3348954.093456,3698314.869727,56.171899,-3961781.272723,3348954.093456,3698314.869727,56.171899,-3961781.272723,3348954.093456,3698314.869727
86,187487.200000,9,-3961762.701000,3349010.038000,3698313.785000,51.976728,-3961774.300332,3348954.531752,3698312.420631,52.046652,-3961774.269754,3348954.419768,3698312.381734,55.800689,-3961780.504168,3348954.228285,3698314.439532,55.800689,-3961780.504168,3348954.228285,3698314.439532,55.800689,-3961780.504168,3348954.228285,3698314.439532
87,187487.399999,9,-3961762.236000,3349010.137000,3698314.202000,51.634547,-3961772.994788,3348954.324506,3698312.034003,51.728642,-3961773.377630,3348954.482701,3698312.196885,55.798725,-3961780.507179,3348954.589338,3698314.716937,55.798725,-3961780.507179,3348954.589338,3698314.716937,55.798725,-3961780.507179,3348954.589338,3698314.716937
88,187487.600000,9,-3961761.742000,3349010.247000,3698314.643000,51.199977,-3961773.362952,3348955.486782,3698312.550664,51.269561,-3961773.123979,3348955.218788,3698312.391852,55.894632,-3961780.580705,3348955.067393,3698315.707309,55.894632,-3961780.580705,3348955.067393,3698315.707309,55.894632,-3961780.580705,3348955.067393,3698315.707309
89,187487.799999,9,-3961761.219000,3349010.365000,3698315.108000,51.148112,-3961772.185526,3348955.136262,3698312.487632,51.179555,-3961772.406204,3348955.240374,3698312.522800,55.343787,-3961779.210549,3348955.085331,3698315.171073,55.343787,-3961779.210549,3348955.085331,3698315.171073,55.343787,-3961779.210549,3348955.085331,3698315.171073
90,187488.000000,9,-3961760.663000,3349010.481000,3698315.585000,51.218343,-3961771.821058,3348955.394532,3698313.388792,51.200592,-3961771.820255,3348955.369373,3698313.214808,55.519025,-3961778.709922,3348954.932333,3698315.234558,55.519025,-3961778.709922,3348954.932333,3698315.234558,55.519025,-3961778.709922,3348954.932333,3698315.234558
91,187488.200000,8,-3961760.084000,3349010.625000,3698316.083000,45.939556,-3961798.201851,3348983.010427,3698318.379437,46.265403,-3961781.897148,3348968.724230,3698313.697646,55.588323,-3961778.450422,3348955.109492,3698315.329880,55.588323,-3961778.450422,3348955.109492,3698315.329880,55.588323,-3961778.450422,3348955.109492,3698315.329880
92,187488.399999,8,-3961759.492000,3349010.773000,3698316.593000,46.076623,-3961797.486634,3348982.871240,3698318.712654,45.631643,-3961788.852592,3348975.846672,3698315.754734,55.455481,-3961778.130199,3348955.500560,3698315.390791,55.455481,-3961778.130199,3348955.500560,3698315.390791,55.455481,-3961778.130199,3348955.500560,3698315.390791
93,187488.600000,8,-3961758.898000,3349010.920000,3698317.107000,46.199492,-3961796.006346,3348982.094393,3698318.432920,45.912461,-3961792.357607,3348979.211161,3698317.105514,54.967241,-3961777.758031,3348956.251132,3698315.221365,54.967241,-3961777.758031,3348956.251132,3698315.221365,54.967241,-3961777.758031,3348956.251132,3698315.221365
94,187488.799999,8,-3961758.303000,3349011.056000,3698317.618000,46.171552,-3961793.990537,3348981.086485,3698317.446785,46.120840,-3961793.423596,3348980.635853,3698317.284534,54.925670,-3961777.738981,3348956.682029,3698314.947115,54.925670,-3961777.738981,3348956.682029,3698314.947115,54.925670,-3961777.738981,3348956.682029,3698314.947115
95,187489.000000,8,-3961757.710000,3349011.192000,3698318.123000,46.163615,-3961793.091402,3348980.954170,3698317.844170,46.183997,-3961793.503958,3348981.319128,3698317.848860,55.090169,-3961777.966880,3348956.994950,3698314.281824,55.090169,-3961777.966880,3348956.994950,3698314.281824,55.090169,-3961777.966880,3348956.994950,3698314.281824
96,187489.200000,8,-3961757.119000,3349011.329000,3698318.634000,46.012836,-3961792.514418,3348981.350805,3698318.038896,46.098283,-3961793.236131,3348981.908821,3698318.188926,54.753630,-3961778.335657,3348958.126177,3698314.002106,54.753630,-3961778.335657,3348958.126177,3698314.002106,54.753630,-3961778.335657,3348958.126177,3698314.002106
97,187489.399999,9,-3961756.527000,3349011.466000,3698319.139000,52.335784,-3961764.689683,3348952.557186,3698314.289700,52.068717,-3961775.781236,3348960.831547,3698318.540902,55.138795,-3961777.689798,3348957.738669,3698314.452719,55.138795,-3961777.689798,3348957.738669,3698314.452719,55.138795,-3961777.689798,3348957.738669,3698314.452719
98,187489.600000,9,-3961755.934000,3349011.610000,3698319.645000,52.401466,-3961764.270641,3348952.663769,3698314.563271,52.740110,-3961769.137413,3348955.782277,3698316.790379,55.356267,-3961777.737312,3348958.035162,3698314.591777,55.356267,-3961777.737312,3348958.035162,3698314.591777,55.356267,-3961777.737312,3348958.035162,3698314.591777
99,187489.799999,9,-3961755.332000,3349011.758000,3698320.147000,52.782290,-3961764.033585,3348952.650694,3698315.352110,52.948780,-3961766.003172,3348953.863373,3698316.229952,56.043889,-3961777.947524,3348957.934748,3698315.183642,56.043889,-3961777.947524,3348957.934748,3698315.183642,56.043889,-3961777.947524,3348957.934748,3698315.183642
