method,particle_index,posterior_weight,uniform_weights,x,y,z,cb,position_error_m,n_blocked,weighted_mean_residual,sum_mixed_minus_los
pf,0,0.007812,True,-3810135.563190,3567766.668294,3653082.764556,113408.471737,75.986644,0,58.081801,50920.872429
pf,78,0.007812,True,-3810158.657324,3567787.620459,3653088.148674,113484.628587,70.324089,0,2.772584,11627.920974
pf,157,0.007812,True,-3810187.493355,3567779.386742,3653090.506227,113482.195596,93.594960,0,19.108748,12031.490037
pf,236,0.007812,True,-3810175.340729,3567763.025105,3653103.767717,113512.319019,103.574211,0,-18.693765,17617.795323
pf,314,0.007812,True,-3810166.455967,3567786.625172,3653101.069746,113515.390481,83.007187,0,-20.054652,19755.198970
pf,393,0.007812,True,-3810162.897948,3567757.735857,3653104.118726,113490.146475,102.049526,0,-4.870067,13570.476196
pf,472,0.007812,True,-3810164.631177,3567771.195984,3653094.215310,113458.956675,87.595480,0,28.431542,18243.689306
pf,551,0.007812,True,-3810157.795495,3567772.659289,3653095.959740,113459.902971,84.645335,0,24.746714,16755.715653
pf,629,0.007812,True,-3810160.471269,3567781.678098,3653093.714549,113496.970047,78.353499,0,-8.723690,13911.680837
pf,708,0.007812,True,-3810175.494427,3567780.750825,3653085.708682,113433.637192,82.716022,0,60.058435,52979.137310
pf,787,0.007812,True,-3810175.895986,3567802.087262,3653099.439467,113500.310348,80.173555,0,4.527703,10616.399754
pf,866,0.007812,True,-3810160.953485,3567761.542896,3653077.867009,113411.957963,85.713409,0,65.352552,61800.105785
pf,944,0.007812,True,-3810162.120255,3567767.887978,3653072.007410,113476.508507,78.975436,0,1.621228,10134.333246
pf,1023,0.007812,True,-3810160.088287,3567767.555524,3653077.891505,113523.597281,80.454527,0,-44.867277,44344.272075
pf,1102,0.007812,True,-3810157.010577,3567784.598739,3653086.652798,113483.611702,70.634641,0,1.481083,11731.682766
pf,1180,0.007812,True,-3810180.319737,3567766.155926,3653080.046098,113532.582801,93.019707,0,-42.571846,37983.441933
pf,1259,0.007812,True,-3810180.857733,3567775.983907,3653079.856974,113468.208322,86.600979,0,25.118941,15491.698386
pf,1338,0.007812,True,-3810162.230289,3567767.010540,3653080.836268,113512.440007,83.057122,0,-31.802128,28511.585061
pf,1417,0.007812,True,-3810180.319737,3567766.155926,3653080.046098,113532.582801,93.019707,0,-42.571846,37983.441933
pf,1495,0.007812,True,-3810183.268227,3567779.340252,3653084.653954,113479.534263,88.097658,0,17.641763,11527.909758
pf,1574,0.007812,True,-3810162.120255,3567767.887978,3653072.007410,113476.508507,78.975436,0,1.621228,10134.333246
pf,1653,0.007812,True,-3810140.489627,3567777.834529,3653099.579526,113445.808176,78.066776,0,32.123657,24344.716746
pf,1732,0.007812,True,-3810173.181957,3567781.684485,3653096.547773,113434.814281,86.584793,0,61.253461,54618.401998
pf,1810,0.007812,True,-3810142.959823,3567765.239718,3653079.803852,113431.938868,77.288971,0,37.295481,26239.479476
pf,1889,0.007812,True,-3810182.466701,3567785.439051,3653107.580014,113531.926305,96.770526,0,-26.205543,21890.813641
pf,1968,0.007812,True,-3810171.811386,3567772.297914,3653103.527463,113490.341665,95.690348,0,4.187577,10284.520333
pf,2047,0.007812,True,-3810139.691275,3567774.097084,3653083.932399,113456.217550,71.086207,0,15.280520,14962.326765
pf,2125,0.007812,True,-3810186.873650,3567789.914321,3653095.038228,113498.370957,90.040362,0,7.292498,8762.168689
pf,2204,0.007812,True,-3810156.985559,3567761.177839,3653071.187513,113484.722894,82.104098,0,-11.755153,14280.102445
pf,2283,0.007812,True,-3810175.022275,3567769.033776,3653091.012987,113532.877271,92.662797,0,-41.476456,37831.139131
pf,2361,0.007812,True,-3810179.639177,3567775.561774,3653083.703977,113497.227101,87.678206,0,-3.511499,9455.812902
pf,2440,0.007812,True,-3810156.985559,3567761.177839,3653071.187513,113484.722894,82.104098,0,-11.755153,14280.102445
pf,2519,0.007812,True,-3810174.542091,3567787.305772,3653096.511137,113433.308014,84.214605,0,65.253686,61181.344819
pf,2598,0.007812,True,-3810180.896553,3567771.281898,3653075.331453,113497.621169,88.131882,0,-7.142368,10405.345262
pf,2676,0.007812,True,-3810155.352332,3567778.340521,3653079.153879,113525.009024,70.445866,0,-45.096912,46373.921776
pf,2755,0.007812,True,-3810169.841415,3567783.805277,3653093.898849,113498.235257,81.920624,0,-4.145117,10998.020827
pf,2834,0.007812,True,-3810160.162953,3567762.230540,3653079.611057,113454.986505,85.484567,0,22.645495,14949.061730
pf,2913,0.007812,True,-3810184.305926,3567776.494356,3653075.824639,113454.581094,87.098869,0,39.546698,27612.769246
pf,2991,0.007812,True,-3810170.258574,3567790.965139,3653094.106560,113462.804861,78.282278,0,33.821604,22065.349682
pf,3070,0.007812,True,-3810159.475624,3567762.804660,3653095.943803,113489.202638,92.455014,0,-6.728803,13456.234815
pf,3149,0.007812,True,-3810172.866036,3567777.165569,3653088.209172,113550.743584,84.658232,0,-58.836805,64225.486705
pf,3228,0.007812,True,-3810144.424778,3567766.012728,3653080.448225,113478.906800,77.275400,0,-8.430902,15398.136150
pf,3306,0.007812,True,-3810174.202960,3567776.656851,3653075.889786,113537.689370,80.393968,0,-49.011143,47656.211496
pf,3385,0.007812,True,-3810161.364510,3567767.058786,3653075.971961,113407.831491,80.689987,0,70.848138,71270.550307
pf,3464,0.007812,True,-3810173.297424,3567755.023375,3653081.736740,113460.181349,98.121994,0,23.024232,15428.761061
pf,3542,0.007812,True,-3810172.099333,3567799.294057,3653099.614301,113502.206270,79.028459,0,-0.264462,11267.741448
pf,3621,0.007812,True,-3810168.125568,3567793.157114,3653096.086834,113436.202420,77.176208,0,60.556359,53760.317073
pf,3700,0.007812,True,-3810139.990374,3567774.611979,3653102.955367,113516.114145,82.541231,0,-38.424057,44812.735789
pf,3779,0.007812,True,-3810189.377869,3567784.641821,3653083.728816,113532.417022,88.968682,0,-30.526007,23824.003241
pf,3857,0.007812,True,-3810179.777425,3567779.777743,3653085.554144,113513.532676,85.946768,0,-17.849362,15090.851087
pf,3936,0.007812,True,-3810156.985559,3567761.177839,3653071.187513,113484.722894,82.104098,0,-11.755153,14280.102445
pf,4015,0.007812,True,-3810181.306327,3567793.639939,3653100.421682,113514.822335,87.749416,0,-9.372827,11786.834883
pf,4094,0.007812,True,-3810147.147759,3567787.171483,3653085.280249,113427.904179,63.989651,0,52.182346,42729.134958
pf,4172,0.007812,True,-3810147.301685,3567790.967504,3653083.363400,113400.750151,60.226596,0,80.019168,89239.056588
pf,4251,0.007812,True,-3810174.202960,3567776.656851,3653075.889786,113537.689370,80.393968,0,-49.011143,47656.211496
pf,4330,0.007812,True,-3810158.629044,3567769.471348,3653068.740354,113468.523513,74.997686,0,7.187180,10454.056828
pf,4409,0.007812,True,-3810150.419010,3567774.393839,3653079.940954,113497.724670,71.934916,0,-21.502654,21959.283846
pf,4487,0.007812,True,-3810176.768578,3567788.914523,3653101.339792,113492.056614,87.699196,0,9.715271,10043.954746
pf,4566,0.007812,True,-3810168.125568,3567793.157114,3653096.086834,113436.202420,77.176208,0,60.556359,53760.317073
pf,4645,0.007812,True,-3810185.251419,3567778.455891,3653077.050547,113508.826744,86.953453,0,-13.189341,12292.357880
pf,4723,0.007812,True,-3810188.365011,3567796.630493,3653094.627925,113493.941394,87.940583,0,14.515676,10488.617171
pf,4802,0.007812,True,-3810150.286630,3567785.257404,3653080.993102,113504.445521,64.060657,0,-24.566064,25370.212935
pf,4881,0.007812,True,-3810166.578906,3567770.375663,3653087.684704,113500.436878,85.705426,0,-14.255705,14761.375947
pf,4960,0.007812,True,-3810187.799045,3567779.704402,3653081.149265,113493.391655,89.540361,0,5.293364,8656.263790
pf,5038,0.007812,True,-3810195.017667,3567790.891985,3653094.895378,113511.361525,95.372455,0,-0.985515,8335.614137
pf,5117,0.007812,True,-3810166.455967,3567786.625172,3653101.069746,113515.390481,83.007187,0,-20.054652,19755.198970
pf,5196,0.007812,True,-3810174.015403,3567783.992985,3653097.038423,113571.974527,86.030760,0,-74.576416,95997.717249
pf,5275,0.007812,True,-3810177.652877,3567765.839334,3653103.007517,113501.779974,102.469784,0,-6.243608,11409.492448
pf,5353,0.007812,True,-3810162.125787,3567774.999065,3653099.748105,113492.798895,87.143552,0,-3.881141,12376.524872
pf,5432,0.007812,True,-3810181.382676,3567774.124080,3653077.636944,113518.472490,87.325175,0,-26.126075,20662.415352
pf,5511,0.007812,True,-3810186.873650,3567789.914321,3653095.038228,113498.370957,90.040362,0,7.292498,8762.168689
pf,5589,0.007812,True,-3810152.897647,3567767.972396,3653087.976873,113552.524801,81.884194,0,-74.482734,100515.894916
pf,5668,0.007812,True,-3810189.059018,3567793.627809,3653099.797971,113554.222166,92.607033,0,-44.732503,40666.161512
pf,5747,0.007812,True,-3810179.830617,3567776.164160,3653097.942943,113524.238529,94.451536,0,-25.837821,21200.791250
pf,5826,0.007812,True,-3810175.280173,3567777.639000,3653091.766788,113487.138663,87.573145,0,7.332944,9341.103897
pf,5904,0.007812,True,-3810186.873650,3567789.914321,3653095.038228,113498.370957,90.040362,0,7.292498,8762.168689
pf,5983,0.007812,True,-3810148.962185,3567787.937090,3653087.069920,113428.962486,65.242585,0,52.907470,43586.368660
pf,6062,0.007812,True,-3810185.667442,3567783.577122,3653098.090735,113500.895188,94.036631,0,3.064187,8564.825559
pf,6141,0.007812,True,-3810161.103570,3567791.223357,3653085.295109,113452.988761,67.662071,0,35.998360,24505.363941
pf,6219,0.007812,True,-3810151.285878,3567770.689297,3653080.246021,113488.232125,75.385934,0,-12.603549,16052.663748
pf,6298,0.007812,True,-3810164.829008,3567789.759906,3653083.371908,113533.444509,69.567627,0,-43.473581,43048.267334
pf,6377,0.007812,True,-3810168.742731,3567772.093623,3653095.107685,113501.704010,89.439150,0,-11.512499,13587.633231
pf,6456,0.007812,True,-3810181.867334,3567774.007240,3653091.159168,113467.023559,93.470718,0,29.721680,18446.803095
pf,6534,0.007812,True,-3810171.634735,3567787.290636,3653091.596105,113504.877155,79.602394,0,-9.424801,12469.286637
pf,6613,0.007812,True,-3810158.839981,3567778.795792,3653085.686858,113469.778499,74.964383,0,14.197034,12004.243829
pf,6692,0.007812,True,-3810170.598684,3567788.688729,3653091.843423,113521.948546,78.351116,0,-26.547803,23447.984141
pf,6770,0.007812,True,-3810148.030879,3567780.688513,3653103.873038,113465.191264,81.068573,0,19.080197,16682.648221
pf,6849,0.007812,True,-3810165.968949,3567777.097711,3653100.935157,113479.786284,88.276778,0,12.255456,11510.650307
pf,6928,0.007812,True,-3810148.954826,3567785.483884,3653088.486375,113535.557638,67.807750,0,-54.023806,63482.826595
pf,7007,0.007812,True,-3810168.648505,3567780.177784,3653097.293910,113483.386039,85.472091,0,9.962316,10561.798489
pf,7085,0.007812,True,-3810175.725510,3567800.081047,3653101.189797,113490.468454,82.009138,0,14.187430,11785.933898
pf,7164,0.007812,True,-3810152.663948,3567776.147114,3653103.118078,113515.394493,84.933895,0,-30.247752,31601.827977
pf,7243,0.007812,True,-3810143.098900,3567770.420811,3653090.828349,113493.093380,78.626347,0,-18.758732,22537.263045
pf,7322,0.007812,True,-3810181.189016,3567773.026432,3653094.576117,113492.271377,95.370021,0,4.849641,8948.225499
pf,7400,0.007812,True,-3810150.685982,3567769.499628,3653091.721498,113466.540584,81.972261,0,11.926619,12858.384637
pf,7479,0.007812,True,-3810178.835389,3567781.157431,3653103.700717,113439.429443,94.394832,0,61.768468,55677.895561
pf,7558,0.007812,True,-3810179.639177,3567775.561774,3653083.703977,113497.227101,87.678206,0,-3.511499,9455.812902
pf,7637,0.007812,True,-3810150.737516,3567773.742432,3653080.639103,113503.765892,72.904408,0,-27.358694,26787.532912
pf,7715,0.007812,True,-3810150.416612,3567773.903635,3653071.019150,113494.340469,68.578301,0,-21.025146,21145.409335
pf,7794,0.007812,True,-3810161.099904,3567790.215763,3653096.992219,113414.685798,75.634380,0,77.591180,83977.653531
pf,7873,0.007812,True,-3810155.936072,3567770.196740,3653098.784701,113468.370094,87.373051,0,15.362927,13456.337637
pf,7951,0.007812,True,-3810173.320891,3567784.975963,3653093.951150,113462.555088,83.262828,0,33.819445,21663.666064
pf,8030,0.007812,True,-3810180.348951,3567791.723149,3653090.027810,113482.433645,81.958207,0,18.686145,12205.924857
pf,8109,0.007812,True,-3810158.052721,3567787.946022,3653084.812155,113495.693568,67.856430,0,-9.549793,14628.668021
pf,8188,0.007812,True,-3810140.111424,3567779.366774,3653087.564902,113446.864843,69.079573,0,27.634996,20522.163153
pf,8266,0.007812,True,-3810158.908383,3567784.114212,3653084.218603,113506.477756,70.501085,0,-21.250596,20841.068050
pf,8345,0.007812,True,-3810160.157968,3567773.077168,3653083.092628,113500.854775,78.455511,0,-18.751727,18220.327248
pf,8424,0.007812,True,-3810187.247254,3567788.609251,3653087.671362,113500.132550,87.154181,0,3.053833,8530.900732
pf,8503,0.007812,True,-3810151.073549,3567762.534785,3653083.943704,113520.215214,83.716061,0,-46.118295,48668.036094
pf,8581,0.007812,True,-3810162.455021,3567764.995047,3653100.423349,113474.468128,94.528740,0,11.701952,12066.780498
pf,8660,0.007812,True,-3810170.079812,3567788.793774,3653093.658570,113514.636688,79.071355,0,-18.926707,17865.555166
pf,8739,0.007812,True,-3810159.759227,3567783.641357,3653084.823601,113463.041258,71.570308,0,22.689209,15219.855652
pf,8818,0.007812,True,-3810155.881659,3567768.212232,3653078.086779,113515.368125,78.219632,0,-38.670685,37270.604761
pf,8896,0.007812,True,-3810158.417559,3567794.821351,3653094.705031,113472.819679,70.264411,0,18.729802,14915.649187
pf,8975,0.007812,True,-3810158.629044,3567769.471348,3653068.740354,113468.523513,74.997686,0,7.187180,10454.056828
pf,9054,0.007812,True,-3810162.007062,3567767.223541,3653086.003108,113481.458305,85.099819,0,0.717954,10590.580948
pf,9132,0.007812,True,-3810159.750514,3567761.888705,3653099.530286,113461.181558,95.221979,0,22.261537,15945.272220
pf,9211,0.007812,True,-3810157.010577,3567784.598739,3653086.652798,113483.611702,70.634641,0,1.481083,11731.682766
pf,9290,0.007812,True,-3810203.806245,3567792.946761,3653100.722652,113509.616319,104.186638,0,8.003427,8360.038225
pf,9369,0.007812,True,-3810154.065024,3567771.440850,3653081.995102,113512.083649,76.627948,0,-34.161412,32851.422517
pf,9447,0.007812,True,-3810183.364248,3567776.541404,3653086.588902,113488.404689,90.718176,0,8.543275,9015.154894
pf,9526,0.007812,True,-3810166.455244,3567797.959478,3653120.612651,113530.848320,92.337492,0,-25.932529,27690.399352
pf,9605,0.007812,True,-3810164.983603,3567770.737057,3653098.656163,113541.880318,90.591107,0,-53.073702,57365.281107
pf,9684,0.007812,True,-3810155.329639,3567769.452867,3653076.177055,113450.616986,76.205780,0,25.578689,16637.578655
pf,9762,0.007812,True,-3810180.348951,3567791.723149,3653090.027810,113482.433645,81.958207,0,18.686145,12205.924857
pf,9841,0.007812,True,-3810176.768578,3567788.914523,3653101.339792,113492.056614,87.699196,0,9.715271,10043.954746
pf,9920,0.007812,True,-3810155.216343,3567786.200737,3653099.545946,113481.487053,77.094148,0,7.104048,12831.145960
pf,9999,0.007812,True,-3810185.352077,3567786.996944,3653107.949741,113512.414384,98.034444,0,-4.514591,9968.831816
pf3d_bvh,0,0.007812,True,-3810149.847959,3567781.987848,3653072.833703,113559.715125,62.385177,0,-83.616818,122633.372810
pf3d_bvh,78,0.007812,True,-3810162.986349,3567791.006234,3653109.225309,113492.671013,84.837906,0,4.657565,12552.212060
pf3d_bvh,157,0.007812,True,-3810179.715634,3567790.431611,3653086.205739,113466.715528,80.185921,0,32.474527,20609.352593
pf3d_bvh,236,0.007812,True,-3810166.107201,3567777.941361,3653084.740758,113427.293316,78.681864,0,60.093637,52765.382837
pf3d_bvh,314,0.007812,True,-3810155.393001,3567760.124682,3653075.178925,113458.722582,83.716181,0,14.275870,12058.438647
pf3d_bvh,393,0.007812,True,-3810183.446357,3567793.835765,3653073.408771,113488.668374,75.601270,0,9.680397,10190.172421
pf3d_bvh,472,0.007812,True,-3810159.396530,3567786.011347,3653062.297949,113462.674830,60.206970,0,16.652818,13341.810481
pf3d_bvh,551,0.007812,True,-3810164.593574,3567785.191507,3653088.655528,113462.134696,75.186729,0,27.905195,17843.971693
pf3d_bvh,629,0.007812,True,-3810155.421837,3567779.245879,3653052.280849,113496.778893,61.672500,0,-24.833387,23744.643631
pf3d_bvh,708,0.007812,True,-3810173.916454,3567778.391525,3653076.256712,113451.593765,79.166796,0,37.584824,25187.339906
pf3d_bvh,787,0.007812,True,-3810160.929698,3567772.813003,3653079.912003,113499.967359,77.560881,0,-18.506406,17772.565564
pf3d_bvh,866,0.007812,True,-3810171.366684,3567780.627456,3653076.611306,113501.181900,76.207209,0,-12.586354,13239.328712
pf3d_bvh,944,0.007812,True,-3810162.008912,3567785.362615,3653083.412396,113477.336449,70.813816,0,9.727610,11027.477092
pf3d_bvh,1023,0.007812,True,-3810179.968933,3567788.935132,3653074.749183,113520.951495,76.104943,0,-25.625623,21002.440784
pf3d_bvh,1102,0.007812,True,-3810167.007579,3567782.332201,3653083.261563,113471.101549,75.480092,0,17.697521,12333.077314
pf3d_bvh,1180,0.007812,True,-3810161.097410,3567792.788560,3653077.180955,113508.914526,62.273991,0,-21.942771,21539.277409
pf3d_bvh,1259,0.007812,True,-3810148.311280,3567780.825082,3653071.162560,113438.064346,62.021381,0,36.314364,25202.980952
pf3d_bvh,1338,0.007812,True,-3810144.150196,3567758.181851,3653082.301403,113445.937934,84.789474,0,22.504840,16565.477737
pf3d_bvh,1417,0.007812,True,-3810168.728563,3567773.903829,3653108.385868,113440.957222,96.269936,0,53.889308,44491.543793
pf3d_bvh,1495,0.007812,True,-3810151.597620,3567795.039033,3653100.525006,113480.748549,71.452124,0,8.937555,14572.991663
pf3d_bvh,1574,0.007812,True,-3810153.304041,3567776.008261,3653068.560650,113446.539126,67.106974,0,28.255428,18579.016816
pf3d_bvh,1653,0.007812,True,-3810161.436242,3567804.514523,3653072.766190,113453.685455,53.483903,0,35.785401,26115.228340
pf3d_bvh,1732,0.007812,True,-3810149.843537,3567774.414660,3653076.029811,113490.179458,69.938211,0,-15.471674,17826.403204
pf3d_bvh,1810,0.007812,True,-3810152.953193,3567756.796738,3653080.718126,113451.969257,87.800052,0,20.361270,14693.376214
pf3d_bvh,1889,0.007812,True,-3810150.456046,3567781.744860,3653099.895285,113438.979016,78.354911,0,45.721916,35151.234192
pf3d_bvh,1968,0.007812,True,-3810155.839253,3567766.852164,3653074.239448,113451.760879,77.835024,0,23.300444,15361.696720
pf3d_bvh,2047,0.007812,True,-3810170.645398,3567779.557093,3653067.181950,113489.480181,73.217758,0,-4.522553,10713.056847
pf3d_bvh,2125,0.007812,True,-3810161.952703,3567792.475749,3653096.067355,113492.919897,74.201024,0,0.246236,12149.399283
pf3d_bvh,2204,0.007812,True,-3810158.610761,3567773.521151,3653118.931632,113473.266821,99.736169,0,19.183635,16707.002590
pf3d_bvh,2283,0.007812,True,-3810163.711137,3567783.778477,3653070.960859,113500.001426,67.204305,0,-16.344164,16434.989321
pf3d_bvh,2361,0.007812,True,-3810174.533169,3567774.710260,3653077.638501,113475.259376,82.608022,0,13.528466,10494.366680
pf3d_bvh,2440,0.007812,True,-3810136.878500,3567772.863533,3653052.854331,113437.283988,60.988940,0,22.705100,17279.338862
pf3d_bvh,2519,0.007812,True,-3810175.442877,3567807.523093,3653088.391462,113477.192859,70.868946,0,25.694000,17488.594355
pf3d_bvh,2598,0.007812,True,-3810169.686849,3567792.215586,3653069.907783,113479.620144,65.003861,0,9.622321,10991.140000
pf3d_bvh,2676,0.007812,True,-3810172.397521,3567801.117096,3653094.596232,113530.978045,75.122314,0,-29.849557,27473.572485
pf3d_bvh,2755,0.007812,True,-3810179.715634,3567790.431611,3653086.205739,113466.715528,80.185921,0,32.474527,20609.352593
pf3d_bvh,2834,0.007812,True,-3810164.659630,3567781.635614,3653079.146016,113445.502486,72.674599,0,40.525890,28045.334211
pf3d_bvh,2913,0.007812,True,-3810162.356749,3567786.381390,3653082.837447,113479.233905,70.026911,0,8.162236,10863.711014
pf3d_bvh,2991,0.007812,True,-3810150.189590,3567780.652202,3653071.694183,113449.620326,63.127232,0,25.894533,17639.374918
pf3d_bvh,3070,0.007812,True,-3810162.963337,3567779.726318,3653084.989596,113459.835001,75.943464,0,26.470297,16833.743506
pf3d_bvh,3149,0.007812,True,-3810157.546916,3567795.189032,3653091.642313,113478.154918,67.538795,0,12.089444,13165.458095
pf3d_bvh,3228,0.007812,True,-3810171.625645,3567802.274006,3653116.494593,113555.881154,90.072417,0,-48.057779,52137.380546
pf3d_bvh,3306,0.007812,True,-3810181.732713,3567798.482987,3653074.495052,113438.329982,72.405569,0,60.874141,55929.661034
pf3d_bvh,3385,0.007812,True,-3810158.608542,3567778.487686,3653057.923156,113459.951182,64.780519,0,15.238228,12654.046982
pf3d_bvh,3464,0.007812,True,-3810159.921459,3567782.024514,3653102.761577,113498.723737,83.741402,0,-7.878887,14534.173430
pf3d_bvh,3542,0.007812,True,-3810171.323991,3567778.742840,3653088.199956,113438.883655,82.753325,0,52.672064,42073.635788
pf3d_bvh,3621,0.007812,True,-3810153.716947,3567782.026844,3653074.790428,113474.194921,64.880105,0,4.633262,11516.092636
pf3d_bvh,3700,0.007812,True,-3810156.644173,3567778.517651,3653080.146060,113485.473674,71.360546,0,-4.494119,12281.831314
pf3d_bvh,3779,0.007812,True,-3810172.625995,3567788.216610,3653071.103700,113493.452886,69.962717,0,-3.489029,10680.990221
pf3d_bvh,3857,0.007812,True,-3810150.535252,3567785.502494,3653102.956605,113552.966797,78.224838,0,-66.100535,87141.315522
pf3d_bvh,3936,0.007812,True,-3810153.091903,3567779.744653,3653096.081014,113492.005304,78.050982,0,-7.667453,15131.737861
pf3d_bvh,4015,0.007812,True,-3810179.733044,3567796.137275,3653077.921286,113477.319893,73.406510,0,21.113008,14007.919361
pf3d_bvh,4094,0.007812,True,-3810152.389653,3567781.212600,3653050.126776,113442.226318,58.285633,0,28.014409,19769.032054
pf3d_bvh,4172,0.007812,True,-3810179.593644,3567794.580866,3653070.335213,113460.503490,71.125573,0,35.025619,23945.469430
pf3d_bvh,4251,0.007812,True,-3810181.732713,3567798.482987,3653074.495052,113438.329982,72.405569,0,60.874141,55929.661034
pf3d_bvh,4330,0.007812,True,-3810176.445576,3567792.199768,3653091.851159,113482.912382,80.134094,0,16.786244,11757.688853
pf3d_bvh,4409,0.007812,True,-3810154.373971,3567765.196761,3653074.287974,113404.322429,78.675966,0,69.434283,68496.633171
pf3d_bvh,4487,0.007812,True,-3810186.515320,3567782.409901,3653091.862345,113490.715823,91.926894,0,11.419985,9382.453759
pf3d_bvh,4566,0.007812,True,-3810170.016720,3567789.967237,3653091.547006,113496.438510,77.128331,0,-1.046436,10594.155127
pf3d_bvh,4645,0.007812,True,-3810186.869236,3567782.344793,3653098.189526,113512.260679,95.515478,0,-8.000417,10264.842042
pf3d_bvh,4723,0.007812,True,-3810186.247099,3567786.305611,3653091.892125,113476.133309,89.708895,0,27.086260,16394.525872
pf3d_bvh,4802,0.007812,True,-3810164.396687,3567779.458314,3653099.495649,113428.749255,85.168526,0,62.729315,57058.564250
pf3d_bvh,4881,0.007812,True,-3810161.806170,3567785.171002,3653109.185520,113416.851945,87.274683,0,77.990375,85107.960686
pf3d_bvh,4960,0.007812,True,-3810163.069576,3567779.153039,3653114.798948,113501.191568,95.168421,0,-5.813932,14565.439376
pf3d_bvh,5038,0.007812,True,-3810158.942490,3567786.801818,3653101.350208,113469.830429,79.556918,0,21.541658,15776.659293
pf3d_bvh,5117,0.007812,True,-3810155.393001,3567760.124682,3653075.178925,113458.722582,83.716181,0,14.275870,12058.438647
pf3d_bvh,5196,0.007812,True,-3810168.298562,3567788.174632,3653076.839543,113475.157925,69.440601,0,14.197211,11489.305632
pf3d_bvh,5275,0.007812,True,-3810174.286407,3567791.529215,3653097.209881,113474.043236,82.321576,0,25.918130,16300.765164
pf3d_bvh,5353,0.007812,True,-3810128.925254,3567785.220556,3653070.558728,113445.300419,53.220475,0,19.676668,18691.803756
pf3d_bvh,5432,0.007812,True,-3810148.836223,3567778.965255,3653068.942530,113488.328514,62.920859,0,-14.930651,17800.814936
pf3d_bvh,5511,0.007812,True,-3810152.188106,3567787.411665,3653062.215966,113463.351439,55.154505,0,12.450939,13081.528947
pf3d_bvh,5589,0.007812,True,-3810165.123184,3567797.442308,3653073.479806,113495.373026,60.225913,0,-5.884237,13050.791625
pf3d_bvh,5668,0.007812,True,-3810165.556917,3567772.215508,3653059.582048,113470.872971,73.998154,0,6.658848,10323.314054
pf3d_bvh,5747,0.007812,True,-3810179.593644,3567794.580866,3653070.335213,113460.503490,71.125573,0,35.025619,23945.469430
pf3d_bvh,5826,0.007812,True,-3810160.114765,3567771.557301,3653094.505550,113469.370353,85.521824,0,15.752721,12649.871998
pf3d_bvh,5904,0.007812,True,-3810140.602407,3567770.203831,3653063.618279,113471.786678,66.447911,0,-7.276527,15029.241615
pf3d_bvh,5983,0.007812,True,-3810189.735960,3567785.617965,3653092.729687,113496.065767,92.913364,0,9.103009,8817.952165
pf3d_bvh,6062,0.007812,True,-3810184.012281,3567816.041131,3653084.199376,113484.946133,72.699240,0,24.000416,17299.369816
pf3d_bvh,6141,0.007812,True,-3810166.108849,3567784.188041,3653105.994662,113433.388916,87.503759,0,62.512272,56936.910638
pf3d_bvh,6219,0.007812,True,-3810169.157065,3567785.423405,3653081.727970,113508.052194,73.989024,0,-17.582614,16514.788823
pf3d_bvh,6298,0.007812,True,-3810169.686849,3567792.215586,3653069.907783,113479.620144,65.003861,0,9.622321,10991.140000
pf3d_bvh,6377,0.007812,True,-3810141.074107,3567783.219300,3653047.036135,113455.763036,51.711809,0,7.970272,14194.110846
pf3d_bvh,6456,0.007812,True,-3810166.801649,3567785.640468,3653081.409809,113453.776795,72.291171,0,35.375618,23295.890767
pf3d_bvh,6534,0.007812,True,-3810163.541766,3567789.011197,3653104.711257,113409.421496,82.808113,0,86.192970,102352.233994
pf3d_bvh,6613,0.007812,True,-3810152.098035,3567794.188821,3653073.671016,113464.997649,54.610825,0,16.412909,14617.740184
pf3d_bvh,6692,0.007812,True,-3810143.972308,3567784.215179,3653043.401996,113447.474306,51.841643,0,17.033971,15990.809791
pf3d_bvh,6770,0.007812,True,-3810163.187182,3567807.317123,3653096.711953,113510.228107,68.614417,0,-11.536470,17463.785953
pf3d_bvh,6849,0.007812,True,-3810165.519204,3567785.925902,3653080.605838,113470.969883,70.963868,0,17.323264,12495.183127
pf3d_bvh,6928,0.007812,True,-3810155.504301,3567766.397767,3653057.622523,113406.719031,73.689223,0,62.891716,58191.283393
pf3d_bvh,7007,0.007812,True,-3810148.256505,3567782.358321,3653079.733031,113484.835396,64.776781,0,-7.362646,15012.489076
pf3d_bvh,7085,0.007812,True,-3810158.942490,3567786.801818,3653101.350208,113469.830429,79.556918,0,21.541658,15776.659293
pf3d_bvh,7164,0.007812,True,-3810184.122625,3567779.569028,3653089.173835,113502.073387,90.606278,0,-2.964727,9072.501999
pf3d_bvh,7243,0.007812,True,-3810157.494406,3567774.526136,3653078.670258,113478.746682,74.114647,0,0.991121,10898.698501
pf3d_bvh,7322,0.007812,True,-3810170.512932,3567775.115482,3653094.900104,113501.894912,88.234674,0,-9.852903,12610.405174
pf3d_bvh,7400,0.007812,True,-3810171.428311,3567804.582324,3653079.587299,113476.956835,64.114916,0,20.099089,14878.471464
pf3d_bvh,7479,0.007812,True,-3810166.817351,3567806.044778,3653093.397861,113533.387571,68.859872,0,-34.133266,33893.358322
pf3d_bvh,7558,0.007812,True,-3810174.533169,3567774.710260,3653077.638501,113475.259376,82.608022,0,13.528466,10494.366680
pf3d_bvh,7637,0.007812,True,-3810160.426248,3567763.717796,3653093.904073,113464.175346,91.047464,0,18.475066,13707.156095
pf3d_bvh,7715,0.007812,True,-3810162.895902,3567799.648769,3653077.911243,113477.507290,59.721749,0,12.822843,12844.083091
pf3d_bvh,7794,0.007812,True,-3810141.162035,3567781.617605,3653081.780163,113401.588388,64.223627,0,72.406912,74168.786535
pf3d_bvh,7873,0.007812,True,-3810179.545866,3567816.416107,3653090.745033,113486.538817,72.836276,0,22.103530,16390.845226
pf3d_bvh,7951,0.007812,True,-3810153.716947,3567782.026844,3653074.790428,113474.194921,64.880105,0,4.633262,11516.092636
pf3d_bvh,8030,0.007812,True,-3810142.534171,3567758.299997,3653080.770255,113449.678856,83.673571,0,17.445655,14691.417595
pf3d_bvh,8109,0.007812,True,-3810155.436757,3567781.442157,3653101.274066,113467.311255,81.274743,0,20.441672,15617.771637
pf3d_bvh,8188,0.007812,True,-3810150.987851,3567783.370317,3653109.637950,113469.749886,84.581097,0,18.756044,16804.587038
pf3d_bvh,8266,0.007812,True,-3810184.224777,3567790.904664,3653091.747841,113507.063648,85.952116,0,-3.552036,9444.678142
pf3d_bvh,8345,0.007812,True,-3810151.597620,3567795.039033,3653100.525006,113480.748549,71.452124,0,8.937555,14572.991663
pf3d_bvh,8424,0.007812,True,-3810145.433058,3567757.800005,3653084.095384,113471.674241,86.210256,0,-2.096849,13572.201605
pf3d_bvh,8503,0.007812,True,-3810162.718285,3567799.438806,3653088.030712,113427.025861,65.708836,0,66.262518,63655.379363
pf3d_bvh,8581,0.007812,True,-3810192.823375,3567780.773358,3653095.313516,113495.447472,98.839027,0,10.686710,9107.450071
pf3d_bvh,8660,0.007812,True,-3810168.795237,3567790.063350,3653095.950811,113474.573796,79.072057,0,21.539196,14369.275119
pf3d_bvh,8739,0.007812,True,-3810159.475855,3567778.520434,3653055.066132,113446.131931,64.748853,0,28.660488,19352.664794
pf3d_bvh,8818,0.007812,True,-3810148.186120,3567760.211437,3653063.445278,113461.036168,77.785653,0,4.432423,11375.843871
pf3d_bvh,8896,0.007812,True,-3810181.365895,3567780.083598,3653076.257926,113480.217435,82.957781,0,13.562541,10415.753481
pf3d_bvh,8975,0.007812,True,-3810176.445576,3567792.199768,3653091.851159,113482.912382,80.134094,0,16.786244,11757.688853
pf3d_bvh,9054,0.007812,True,-3810162.963337,3567779.726318,3653084.989596,113459.835001,75.943464,0,26.470297,16833.743506
pf3d_bvh,9132,0.007812,True,-3810143.534989,3567784.481975,3653103.498361,113461.958519,77.202850,0,20.929766,18480.992941
pf3d_bvh,9211,0.007812,True,-3810161.234865,3567786.838348,3653116.658369,113496.079251,91.775412,0,1.278349,13877.622577
pf3d_bvh,9290,0.007812,True,-3810163.730179,3567783.598609,3653086.435602,113465.383926,74.507906,0,23.000187,15009.227190
pf3d_bvh,9369,0.007812,True,-3810165.280020,3567792.841226,3653109.161083,113539.763028,84.994689,0,-40.625729,41798.784209
pf3d_bvh,9447,0.007812,True,-3810168.298562,3567788.174632,3653076.839543,113475.157925,69.440601,0,14.197211,11489.305632
pf3d_bvh,9526,0.007812,True,-3810184.402904,3567797.685948,3653075.436887,113594.815649,75.266941,0,-94.111796,141036.644089
pf3d_bvh,9605,0.007812,True,-3810170.771805,3567780.970803,3653078.947776,113498.680226,76.588808,0,-9.581487,12062.247071
pf3d_bvh,9684,0.007812,True,-3810148.388600,3567787.311016,3653089.218608,113522.627394,66.829228,0,-40.604400,44021.440673
pf3d_bvh,9762,0.007812,True,-3810142.534171,3567758.299997,3653080.770255,113449.678856,83.673571,0,17.445655,14691.417595
pf3d_bvh,9841,0.007812,True,-3810153.768129,3567787.532100,3653068.767762,113429.890756,58.127322,0,48.833504,38285.544001
pf3d_bvh,9920,0.007812,True,-3810154.965801,3567786.559158,3653091.762193,113464.833523,71.556021,0,21.332309,15643.636745
pf3d_bvh,9999,0.007812,True,-3810174.362480,3567797.240894,3653086.207225,113495.319241,73.104976,0,3.080550,10166.509624
