epoch,tow,dt,used,dx,dy,dz,cov_00,cov_01,cov_02,cov_10,cov_11,cov_12,cov_20,cov_21,cov_22,postfit_rms_m,n_input,n_used,n_rejected
1,179460.20000004768,0.20000004768371582,1,-0.0009546372358740802,-0.0014607898052254598,0.0008788119191471822,4.454288836329665e-05,-3.077793875481433e-05,-1.655362108710283e-05,-3.077793875481433e-05,6.0199051630416235e-05,2.9816926312983228e-05,-1.655362108710283e-05,2.9816926312983228e-05,3.471981202658905e-05,0.0018257335357275942,22,21,1
2,179460.40000009537,0.20000004768371582,1,-0.00118678052670907,0.0009430828901990651,0.0010383414597239238,4.4542525939107866e-05,-3.0776612207283205e-05,-1.6552821145065613e-05,-3.0776612207283205e-05,6.0197014024949936e-05,2.981571668058162e-05,-1.6552821145065613e-05,2.981571668058162e-05,3.47188252926041e-05,0.0014593396663649168,22,21,1
3,179460.59999990463,0.19999980926513672,1,0.0007592166253927066,-0.00021677602526537498,-0.0006521901556455489,4.45421651723888e-05,-3.077528703439468e-05,-1.6552021807065824e-05,-3.077528703439468e-05,6.019497755198456e-05,2.981450734927627e-05,-1.6552021807065824e-05,2.981450734927627e-05,3.471783881820115e-05,0.002133069173968725,22,21,1
4,179460.79999995232,0.20000004768371582,1,-0.004069039871591479,0.003722013141398861,0.0020236092989485144,5.12584403198042e-05,-4.424211275836882e-05,-1.9893278824354563e-05,-4.424211275836882e-05,8.719917890924844e-05,3.6514765569958064e-05,-1.9893278824354563e-05,3.6514765569958064e-05,3.637978865443199e-05,0.001876962957283191,21,20,1
5,179461.0,0.20000004768371582,1,0.0008326505896017822,-0.004930335008840103,-0.0003555465482394382,5.125807870790291e-05,-4.424054056273135e-05,-1.9892333239509316e-05,-4.424054056273135e-05,8.719614887044726e-05,3.651313981767305e-05,-1.9892333239509316e-05,3.651313981767305e-05,3.637865562672261e-05,0.002036824863289427,21,20,1
6,179461.199999094,0.19999909400939941,1,0.00030685254662522987,0.0015248374939140774,0.00135294380911688,5.125772179359053e-05,-4.4238974012487546e-05,-1.9891389517792163e-05,-4.4238974012487546e-05,8.719312874753985e-05,3.651151759316203e-05,-1.9891389517792163e-05,3.651151759316203e-05,3.6377524797221787e-05,0.0023127478278348397,21,20,1
7,179461.39999890327,0.19999980926513672,1,-0.002091664714940607,0.0013266175953994264,0.0011975284096985561,5.12573615703541e-05,-4.4237403191382316e-05,-1.9890444459535657e-05,-4.4237403191382316e-05,8.71901004861628e-05,3.650989239820264e-05,-1.9890444459535657e-05,3.650989239820264e-05,3.63763921247406e-05,0.0026233176656135543,21,20,1
8,179461.59999990463,0.20000100135803223,1,0.0011152284622264975,-0.0019632336283201823,0.00047182512943599875,4.454035131763818e-05,-3.0768652100288265e-05,-1.6548020476532004e-05,-3.0768652100288265e-05,6.018478560924252e-05,2.980845592921316e-05,-1.6548020476532004e-05,2.980845592921316e-05,3.471290227170915e-05,0.002174959823964864,22,21,1
9,179461.79999995232,0.20000004768371582,1,-0.0028606739806145724,0.0018188940608965254,0.0021849484282023823,4.453998906548243e-05,-3.07673254598716e-05,-1.654722033143302e-05,-3.07673254598716e-05,6.018274744341337e-05,2.9807245564543913e-05,-1.654722033143302e-05,2.9807245564543913e-05,3.471191487667194e-05,0.0018609886513554306,22,21,1
10,179462.0,0.20000004768371582,1,-0.0028795481215392335,0.0017978999699685971,0.00068239950410387,4.453962698287267e-05,-3.076599906245755e-05,-1.6546420230762433e-05,-3.076599906245755e-05,6.018071018705569e-05,2.98060356453818e-05,-1.6546420230762433e-05,2.98060356453818e-05,3.471092779343179e-05,0.0021351575036740716,22,21,1
11,179462.20000004768,0.20000004768371582,1,0.002013541567187667,-0.003764694103100652,-0.0013574760516341655,4.453926378284139e-05,-3.076467148583982e-05,-1.6545619546066222e-05,-3.076467148583982e-05,6.017867051479982e-05,2.9804824356739258e-05,-1.6545619546066222e-05,2.9804824356739258e-05,3.4709939623432564e-05,0.0025237842177793395,22,21,1
12,179462.39999890327,0.1999988555908203,1,-0.0009570592272011418,0.002355159724491074,0.003907715112722698,4.453890075575921e-05,-3.0763344119126156e-05,-1.6544819006217937e-05,-3.0763344119126156e-05,6.017663170163199e-05,2.9803613614934582e-05,-1.6544819006217937e-05,2.9803613614934582e-05,3.4708951873663184e-05,0.0020820209099487834,22,21,1
13,179462.59999990463,0.20000100135803223,1,-0.001261083855558269,0.002221383050343917,0.0027838403073010554,4.453853717196169e-05,-3.0762016210533636e-05,-1.6544018238918567e-05,-3.0762016210533636e-05,6.0174592211640326e-05,2.9802402568299907e-05,-1.6544018238918567e-05,2.9802402568299907e-05,3.4707963873241216e-05,0.0019623971423359237,22,21,1
14,179462.79999899864,0.19999909400939941,1,-0.000930180398126206,-0.0010878632869690819,-0.0012896507063206997,4.4538174724941634e-05,-3.076068931018945e-05,-1.6543217831318644e-05,-3.076068931018945e-05,6.0172553889828655e-05,2.980119187448579e-05,-1.6543217831318644e-05,2.980119187448579e-05,3.470697613437806e-05,0.0019114380082945986,22,21,1
15,179463.0,0.20000100135803223,1,-0.0005202214368477828,-0.00023666307851399893,0.0002468439168383796,4.4537812183691094e-05,-3.07593622753231e-05,-1.654241731602156e-05,-3.07593622753231e-05,6.0170515203558955e-05,2.9799980893437567e-05,-1.654241731602156e-05,2.9799980893437567e-05,3.4705988153623896e-05,0.0020460700010863156,22,21,1
16,179463.20000004768,0.20000004768371582,1,0.0013794070786636375,-0.0013810489103569523,-5.908841952884103e-05,4.4537449678826474e-05,-3.075803523002609e-05,-1.6541616818757546e-05,-3.075803523002609e-05,6.016847649043042e-05,2.979876989297385e-05,-1.6541616818757546e-05,2.979876989297385e-05,3.470500015557167e-05,0.0019746114546768025,22,21,1
17,179463.39999890327,0.1999988555908203,1,-0.0003298347239067074,0.002375636104986256,0.0020577173667950532,4.453708732506699e-05,-3.0756708321001314e-05,-1.654081658661073e-05,-3.0756708321001314e-05,6.0166438488375255e-05,2.979755952806114e-05,-1.654081658661073e-05,2.979755952806114e-05,3.470401268659379e-05,0.002363330048642241,21,21,0
18,179463.59999990463,0.20000100135803223,1,-0.0039690763605712675,-0.0005589687111964281,0.0012529600709809685,4.45367248340157e-05,-3.0755381284428034e-05,-1.654001587454903e-05,-3.0755381284428034e-05,6.016439972244371e-05,2.979634819300949e-05,-1.654001587454903e-05,2.979634819300949e-05,3.470302435633753e-05,0.003050176778821083,21,21,0
19,179463.79999899864,0.19999909400939941,1,0.0006293722717951965,0.0011920529445745842,0.00250181151999751,4.453636370207682e-05,-3.075405547504552e-05,-1.6539216000615037e-05,-3.075405547504552e-05,6.016236322094443e-05,2.9795138303999765e-05,-1.6539216000615037e-05,2.9795138303999765e-05,3.470203722203477e-05,0.002255380162333582,22,21,1
20,179464.0,0.20000100135803223,1,-0.0013390351853544919,0.0004017155513054149,0.00020077825038899988,4.453600227696031e-05,-3.07527293405918e-05,-1.653841592099681e-05,-3.07527293405918e-05,6.016032602751983e-05,2.979392795016651e-05,-1.653841592099681e-05,2.979392795016651e-05,3.47010497031926e-05,0.0016216140312478463,22,21,1
21,179464.20000004768,0.20000004768371582,1,-0.0018419776373364083,0.002545670298978564,0.0018620875710055884,4.4535639819052855e-05,-3.0751402267546805e-05,-1.6537615274512336e-05,-3.0751402267546805e-05,6.015828756243439e-05,2.9792716833825936e-05,-1.6537615274512336e-05,2.9792716833825936e-05,3.470006153106808e-05,0.0017214958903802708,22,21,1
22,179464.40000009537,0.20000004768371582,1,0.0028845018857555343,-0.005157827326719655,8.066453613508884e-05,4.453527881510996e-05,-3.075007644734948e-05,-1.6536815376263712e-05,-3.075007644734948e-05,6.015625082014572e-05,2.9791506675703543e-05,-1.6536815376263712e-05,2.9791506675703543e-05,3.469907416251091e-05,0.002888845562768111,22,21,1
23,179464.59999895096,0.1999988555908203,1,-0.000419408199690504,0.0016584460944351065,0.002829304158781909,4.4534916805427126e-05,-3.0748749676624474e-05,-1.6536014901365663e-05,-3.0748749676624474e-05,6.015421252784448e-05,2.9790295564115054e-05,-1.6536014901365663e-05,2.9790295564115054e-05,3.4698085996646475e-05,0.00219386658559442,22,21,1
24,179464.79999899864,0.20000004768371582,1,0.0006494578376460181,-0.0007126606133915914,-0.0027304829489676052,4.453455378115271e-05,-3.074742194786286e-05,-1.6535213863943072e-05,-3.074742194786286e-05,6.015217272945299e-05,2.978908355036661e-05,-1.6535213863943072e-05,2.978908355036661e-05,3.469709707664065e-05,0.0025109459115223755,22,21,1
25,179465.0,0.20000100135803223,1,-0.0021242240146719564,-0.001954532516453611,0.0015637931145935369,4.4534190991816835e-05,-3.074609437756126e-05,-1.653441299838306e-05,-3.074609437756126e-05,6.015013321527725e-05,2.978787176163135e-05,-1.653441299838306e-05,2.978787176163135e-05,3.469610835046921e-05,0.002625954574056718,22,21,1
26,179465.20000004768,0.20000004768371582,1,-0.0032114271210783173,0.0031540409740529185,0.002099844957349717,4.453382806164842e-05,-3.074476671222478e-05,-1.6533612002200947e-05,-3.074476671222478e-05,6.014809380691882e-05,2.978665995008375e-05,-1.6533612002200947e-05,2.978665995008375e-05,3.4695119568615885e-05,0.0035482368010744873,22,21,1
27,179465.40000009537,0.20000004768371582,1,0.001927787212477015,0.00042271307455266083,-0.00018720397025528968,4.4533465947583673e-05,-3.074343971860048e-05,-1.653281122615422e-05,-3.074343971860048e-05,6.0146054864282974e-05,2.9785448129562172e-05,-1.653281122615422e-05,2.9785448129562172e-05,3.469413077048556e-05,0.0031502176618071684,22,21,1
28,179465.59999895096,0.1999988555908203,1,-0.001541926956914074,-0.001128232015652486,0.0008170532999551838,4.453310282331737e-05,-3.074211180678125e-05,-1.6532010015111228e-05,-3.074211180678125e-05,6.0144014870784114e-05,2.9784235824334346e-05,-1.6532010015111228e-05,2.9784235824334346e-05,3.4693141562823084e-05,0.002474294077307752,22,21,1
29,179465.79999899864,0.20000004768371582,1,0.0006418794455498117,-0.000432679802486291,0.0015893560649828942,4.4532742703935455e-05,-3.074078662339761e-05,-1.6531210430544593e-05,-3.074078662339761e-05,6.014197932201266e-05,2.978302610945497e-05,-1.6531210430544593e-05,2.978302610945497e-05,3.469215449025182e-05,0.0029505500395706555,22,21,1
30,179466.0,0.20000100135803223,1,-0.001466689718208219,0.002344820920566093,0.00048483503413976337,4.453238098018658e-05,-3.0739459968284976e-05,-1.65304099068026e-05,-3.0739459968284976e-05,6.013994149915044e-05,2.9781814969622703e-05,-1.65304099068026e-05,2.9781814969622703e-05,3.46911662129199e-05,0.0019177506800887982,22,21,1
31,179466.20000004768,0.20000004768371582,1,-0.0005660240611454495,-0.002466302383364649,0.0006815160288535793,4.45320186989657e-05,-3.0738132715486166e-05,-1.6529609152911798e-05,-3.0738132715486166e-05,6.013790261837117e-05,2.9780603306640634e-05,-1.6529609152911798e-05,2.9780603306640634e-05,3.469017752691662e-05,0.0016616880421414953,22,21,1
32,179466.40000009537,0.20000004768371582,1,9.01217025128724e-05,0.00035020970342003466,0.000935072196461384,4.453165709727866e-05,-3.073680610206201e-05,-1.652880866500457e-05,-3.073680610206201e-05,6.013586483264151e-05,2.97793921398192e-05,-1.652880866500457e-05,2.97793921398192e-05,3.468918921747215e-05,0.001843713950678222,21,21,0
33,179466.59999895096,0.1999988555908203,1,0.00037538032568498866,-0.0023999614762324484,0.0007363314562205403,4.453129603011138e-05,-3.073547997229699e-05,-1.6528008295677413e-05,-3.073547997229699e-05,6.0133827647243344e-05,2.9778181095884313e-05,-1.6528008295677413e-05,2.9778181095884313e-05,3.468820097820011e-05,0.001736795089225754,21,21,0
34,179466.79999899864,0.20000004768371582,1,-0.0004715964654076093,0.0025818730045905625,9.335735927873401e-05,4.453092993224673e-05,-3.0734149419771404e-05,-1.6527205757007697e-05,-3.0734149419771404e-05,6.0131785517386384e-05,2.977696782721373e-05,-1.6527205757007697e-05,2.977696782721373e-05,3.4687210861728504e-05,0.001917056488298414,22,21,1
35,179467.0,0.20000100135803223,1,-0.0016692101733990102,0.001547814428214167,0.0019059526930247372,4.45305679801343e-05,-3.073282237790185e-05,-1.6526405018066595e-05,-3.073282237790185e-05,6.012974699502277e-05,2.9775756140467062e-05,-1.6526405018066595e-05,2.9775756140467062e-05,3.4686222104844376e-05,0.0019830668728130713,22,21,1
36,179467.20000004768,0.20000004768371582,1,-0.0013834379113990525,-0.0012601282607427322,0.00241404981415716,4.4530205871340905e-05,-3.073149516484134e-05,-1.652560406040675e-05,-3.073149516484134e-05,6.0127708003667706e-05,2.9774544003875577e-05,-1.652560406040675e-05,2.9774544003875577e-05,3.4685232955694405e-05,0.0017362536060271689,22,21,1
37,179467.40000009537,0.20000004768371582,1,0.001313716499138177,-0.0011909042310200846,-8.171432117265454e-05,4.452984362415539e-05,-3.0730167785817506e-05,-1.6524803009766774e-05,-3.0730167785817506e-05,6.012566869775188e-05,2.9773331655327223e-05,-1.6524803009766774e-05,2.9773331655327223e-05,3.4684243628056614e-05,0.001155437683833631,22,21,1
38,179467.59999895096,0.1999988555908203,1,-0.001072193823670558,0.0032021933581170003,0.0023580156296869603,4.4529481181349485e-05,-3.0728840208819926e-05,-1.652400188801683e-05,-3.0728840208819926e-05,6.012362922181995e-05,2.9772119242816314e-05,-1.652400188801683e-05,2.9772119242816314e-05,3.468325424168823e-05,0.0020156583189135362,22,21,1
39,179467.79999899864,0.20000004768371582,1,0.00022962838266500545,-0.0010895019642518378,-0.000780883217365691,4.4529117828049435e-05,-3.072751173372444e-05,-1.6523200244574432e-05,-3.072751173372444e-05,6.0121588128736314e-05,2.9770905848873777e-05,-1.6523200244574432e-05,2.9770905848873777e-05,3.468226404833609e-05,0.0023229087598252156,22,21,1
40,179468.0,0.20000100135803223,1,-0.0024872931792955253,0.0007689679507159042,0.001744062622782927,4.452875429271753e-05,-3.072618312644095e-05,-1.652239847578438e-05,-3.072618312644095e-05,6.011954716834174e-05,2.976969248589553e-05,-1.652239847578438e-05,2.976969248589553e-05,3.468127384463346e-05,0.0020370794891189574,22,21,1
41,179468.199999094,0.19999909400939941,1,0.0010694257612515897,-0.0009469563446202756,0.0013341883238453534,4.452839202196377e-05,-3.0724855624776596e-05,-1.6521597295200177e-05,-3.0724855624776596e-05,6.011750771890841e-05,2.9768479880377714e-05,-1.6521597295200177e-05,2.9768479880377714e-05,3.468028426207414e-05,0.0024045019513481026,22,21,1
42,179468.40000009537,0.20000100135803223,1,-0.0008344153513740795,0.0021048557589402606,0.002019539124639813,4.4528027043850006e-05,-3.072352553756968e-05,-1.652079490489539e-05,-3.072352553756968e-05,6.011546427490136e-05,2.9767265272423888e-05,-1.652079490489539e-05,2.9767265272423888e-05,3.467929307288101e-05,0.0016650846776636702,22,21,1
43,179468.59999895096,0.1999988555908203,1,-0.00022770643624773077,-0.0028805967064542415,-0.0019865342327864965,4.452766453040993e-05,-3.0722197738788e-05,-1.6519993675037566e-05,-3.0722197738788e-05,6.011342451612596e-05,2.976605258185889e-05,-1.6519993675037566e-05,2.976605258185889e-05,3.4678303422753125e-05,0.002918436542885615,22,21,1
44,179468.79999995232,0.20000100135803223,1,-0.0009039743727258822,0.0027009504372372817,0.002164798996400208,4.452730128711314e-05,-3.072086924198868e-05,-1.6519191934709702e-05,-3.072086924198868e-05,6.011138346761016e-05,2.976483898555013e-05,-1.6519191934709702e-05,2.976483898555013e-05,3.467731300583023e-05,0.002778464996080861,22,21,1
45,179469.0,0.20000004768371582,1,-0.0016020029573926545,-0.0008807456838191285,0.0006985120738249861,4.452693877276625e-05,-3.0719541401083634e-05,-1.651839055919291e-05,-3.0719541401083634e-05,6.010934356820621e-05,2.9763626016473915e-05,-1.651839055919291e-05,2.9763626016473915e-05,3.467632309085348e-05,0.001336178732818709,22,21,1
46,179469.199999094,0.19999909400939941,1,-3.770205340912553e-05,-0.0002131311631288213,0.0022777702845466763,4.452657656165797e-05,-3.0718213856412965e-05,-1.6517589202608366e-05,-3.0718213856412965e-05,6.010730412528919e-05,2.9762413113780527e-05,-1.6517589202608366e-05,2.9762413113780527e-05,3.4675333192731776e-05,0.002299492692509707,22,21,1
47,179469.40000009537,0.20000100135803223,1,0.0004147631682597067,-0.004605364395764866,-0.0026810297269621586,4.4526214290209784e-05,-3.071688617026626e-05,-1.6516787835648786e-05,-3.071688617026626e-05,6.0105264280071285e-05,2.9761200009408126e-05,-1.6516787835648786e-05,2.9761200009408126e-05,3.467434314592364e-05,0.002379789514020251,22,21,1
48,179469.59999895096,0.1999988555908203,1,-0.000207626926950558,0.005577660261597117,0.0019181619806198924,4.4525851029948875e-05,-3.071555755792685e-05,-1.6515985929803667e-05,-3.071555755792685e-05,6.010322302891144e-05,2.975998607153644e-05,-1.6515985929803667e-05,2.975998607153644e-05,3.467335239986144e-05,0.0024976537574056697,22,21,1
49,179469.79999995232,0.20000100135803223,1,-0.003172415168843528,-0.003014668406706278,0.001592119410807058,4.4525488486180886e-05,-3.0714229587725104e-05,-1.6515184437007927e-05,-3.0714229587725104e-05,6.010118297882442e-05,2.975877285979745e-05,-1.6515184437007927e-05,2.975877285979745e-05,3.467236224493485e-05,0.0028948682460949665,22,21,1
50,179470.0,0.20000004768371582,1,0.0011367946302798936,0.0007663587151149898,0.0007852587972161373,4.452512564720291e-05,-3.071290130641525e-05,-1.651438272445434e-05,-3.071290130641525e-05,6.0099142326462365e-05,2.9757559218014943e-05,-1.651438272445434e-05,2.9757559218014943e-05,3.46713717258404e-05,0.0018096109316710681,22,21,1
51,179470.199999094,0.19999909400939941,1,-0.0020317848279644488,-0.0008268494223884204,0.0006734640859127339,4.452476631492871e-05,-3.071157597137977e-05,-1.651358257180614e-05,-3.071157597137977e-05,6.0097104624332355e-05,2.9756346900402333e-05,-1.651358257180614e-05,2.9756346900402333e-05,3.4670382358452766e-05,0.0018095544617558268,22,21,1
52,179470.40000009537,0.20000100135803223,1,0.0012921252274984286,1.8106078268687043e-05,0.0014337707166340863,4.4524403322417635e-05,-3.071024748842713e-05,-1.6512780788940278e-05,-3.071024748842713e-05,6.009506374198017e-05,2.9755133128594827e-05,-1.6512780788940278e-05,2.9755133128594827e-05,3.46693917227503e-05,0.002003088782851283,22,21,1
53,179470.59999895096,0.1999988555908203,1,-0.002741994176735856,0.0056028042990838856,0.0031848365125330957,4.452404065176779e-05,-3.070891925079631e-05,-1.651197911260491e-05,-3.070891925079631e-05,6.009302307105026e-05,2.9753919391787363e-05,-1.651197911260491e-05,2.9753919391787363e-05,3.466840111149621e-05,0.0024394516478024927,22,21,1
54,179470.79999995232,0.20000100135803223,1,0.0010204405065204253,-0.003680928601184519,-0.0017162725547592572,4.4523677583201055e-05,-3.070759067314031e-05,-1.6511177243849458e-05,-3.070759067314031e-05,6.0090982209568835e-05,2.9752705558726487e-05,-1.6511177243849458e-05,2.9752705558726487e-05,3.466741039540821e-05,0.0018781572332209966,22,21,1
55,179471.0,0.20000004768371582,1,-0.0035039496542593235,0.004772644685409944,0.003849385040695097,4.452331509340968e-05,-3.0706262610507817e-05,-1.651037547133438e-05,-3.0706262610507817e-05,6.008894190267267e-05,2.975149176808937e-05,-1.651037547133438e-05,2.975149176808937e-05,3.4666419680150525e-05,0.0023404938585628783,22,21,1
56,179471.199999094,0.19999909400939941,1,0.002245265206130568,-0.0031509120108239586,-0.0013382330337581294,4.4522953200792737e-05,-3.070493500993102e-05,-1.6509574100362007e-05,-3.070493500993102e-05,6.0086902230670186e-05,2.9750278448717627e-05,-1.6509574100362007e-05,2.9750278448717627e-05,3.466542938027325e-05,0.0017559344283058496,22,21,1
57,179471.40000009537,0.20000100135803223,1,-0.0019879685208872896,0.0004341168671686546,0.000996113715931557,4.452259049602355e-05,-3.0703606653370314e-05,-1.650877229721765e-05,-3.0703606653370314e-05,6.0084861504932154e-05,2.97490645160583e-05,-1.650877229721765e-05,2.97490645160583e-05,3.4664438560149404e-05,0.0015429389285340719,22,21,1
58,179471.59999895096,0.1999988555908203,1,0.00014476998732479993,0.003574099136130826,0.0021491140655340857,4.4522228335469386e-05,-3.070227875628833e-05,-1.650797069613737e-05,-3.070227875628833e-05,6.008282133978197e-05,2.9747850789303322e-05,-1.650797069613737e-05,2.9747850789303322e-05,3.46634478991914e-05,0.002096452872913714,22,21,1
59,179471.79999995232,0.20000100135803223,1,-0.002292193178461401,-0.0017055967352312962,0.000434294516484357,4.452186574282189e-05,-3.070095043172269e-05,-1.650716886723863e-05,-3.070095043172269e-05,6.0080780534754574e-05,2.974663669115051e-05,-1.650716886723863e-05,2.974663669115051e-05,3.46624569265648e-05,0.002501241711112474,22,21,1
60,179472.0,0.20000004768371582,1,0.0009603647742595842,-0.000848839870865703,0.0006782336613877504,4.4521503345932307e-05,-3.069962224634256e-05,-1.6506367126149655e-05,-3.069962224634256e-05,6.0078739932023784e-05,2.974542268622308e-05,-1.6506367126149655e-05,2.974542268622308e-05,3.466146602658646e-05,0.0017843959010171925,22,21,1
61,179472.199999094,0.19999909400939941,1,-0.0028216090555553425,0.001469718182796953,0.001574806462037337,4.452114069144559e-05,-3.0698293834809765e-05,-1.650556525389135e-05,-3.0698293834809765e-05,6.007669919215146e-05,2.9744208597094444e-05,-1.650556525389135e-05,2.9744208597094444e-05,3.466047503769645e-05,0.0025464692708345046,22,21,1
62,179472.40000009537,0.20000100135803223,1,0.0010369564614329807,-0.0012517486968732783,0.0007397746449688825,4.452077790972388e-05,-3.0696965280506675e-05,-1.6504763176039668e-05,-3.0696965280506675e-05,6.007465804204684e-05,2.9742994089895485e-05,-1.6504763176039668e-05,2.9742994089895485e-05,3.4659483681386726e-05,0.0015448997522648548,22,21,1
63,179472.59999895096,0.1999988555908203,1,-0.003088081128076959,0.003845034467143904,0.003518411715185188,4.4520415753516684e-05,-3.069563723965517e-05,-1.6503961435646822e-05,-3.069563723965517e-05,6.007261761093274e-05,2.974178000061697e-05,-1.6503961435646822e-05,2.974178000061697e-05,3.4658492676894845e-05,0.0020646569172893445,22,21,1
64,179472.79999995232,0.20000100135803223,1,0.0021307404933209365,-0.0029196650946481384,-0.002090285698405303,4.45200538715226e-05,-3.069430947625387e-05,-1.6503159764783896e-05,-3.069430947625387e-05,6.007057779880363e-05,2.9740566158618376e-05,-1.6503159764783896e-05,2.9740566158618376e-05,3.465750184088432e-05,0.0021155827811232897,22,21,1
65,179473.0,0.20000004768371582,1,-0.00028096043050973585,-0.000513634322409473,0.00021048217998309582,4.4519691520735916e-05,-3.069298122185009e-05,-1.65023578535162e-05,-3.069298122185009e-05,6.0068537128668964e-05,2.9739351833440902e-05,-1.65023578535162e-05,2.9739351833440902e-05,3.4656510612469734e-05,0.0015668732784068814,22,21,1
66,179473.199999094,0.19999909400939941,1,-0.0016534813977577669,0.0005697776510267261,0.001960417680045623,4.451932896593926e-05,-3.069165273537375e-05,-1.6501555806145283e-05,-3.069165273537375e-05,6.006649597638275e-05,2.9738137188034328e-05,-1.6501555806145283e-05,2.9738137188034328e-05,3.465551911852728e-05,0.001418789715479919,22,21,1
67,179473.40000009537,0.20000100135803223,1,-0.0011742686750473624,0.0014465186784278217,0.0002313319594833274,4.4518966552821534e-05,-3.069032436466903e-05,-1.6500753777853067e-05,-3.069032436466903e-05,6.006445503908962e-05,2.973692258861459e-05,-1.6500753777853067e-05,2.973692258861459e-05,3.465452764401134e-05,0.0016842350242261992,22,21,1
68,179473.59999895096,0.1999988555908203,1,0.001923126316578516,4.0926436110311215e-05,0.0014300302903400564,4.451860472980408e-05,-3.068899652126136e-05,-1.6499951961227057e-05,-3.068899652126136e-05,6.0062414870152625e-05,2.9735708293158092e-05,-1.6499951961227057e-05,2.9735708293158092e-05,3.4653536397968924e-05,0.0029851678929833513,22,21,1
69,179473.79999995232,0.20000100135803223,1,-0.0025518198701593255,0.00034581867377170283,0.0012208126662036634,4.4518242416101844e-05,-3.0687668172430836e-05,-1.6499149936736792e-05,-3.0687668172430836e-05,6.006037391265791e-05,2.973449360880455e-05,-1.6499149936736792e-05,2.973449360880455e-05,3.465254484065294e-05,0.0018373500356941054,22,21,1
70,179474.0,0.20000004768371582,1,5.4223957136495575e-05,-0.0005055498554717985,0.00198891563515069,4.4517880246966714e-05,-3.06863399404967e-05,-1.6498347920450883e-05,-3.06863399404967e-05,6.0058333144637656e-05,2.9733278940323867e-05,-1.6498347920450883e-05,2.9733278940323867e-05,3.4651553277039286e-05,0.0019472260326114158,22,21,1
71,179474.199999094,0.19999909400939941,1,-0.002952741756378468,0.005033868324119339,0.002863293357436625,4.451751870729921e-05,-3.068501225137795e-05,-1.649754617107518e-05,-3.068501225137795e-05,6.005629310739211e-05,2.9732064597809455e-05,-1.649754617107518e-05,2.9732064597809455e-05,3.465056197302459e-05,0.0019186278449948421,22,21,1
72,179474.40000009537,0.20000100135803223,1,0.0006246921982762849,-0.0027504685129251527,0.0002670407877403136,4.451715630813051e-05,-3.068368374675181e-05,-1.6496743980390965e-05,-3.068368374675181e-05,6.005425186927818e-05,2.9730849579288934e-05,-1.6496743980390965e-05,2.9730849579288934e-05,3.464957010507754e-05,0.0013310977551011266,22,21,1
73,179474.59999895096,0.1999988555908203,1,-0.0012575215289737972,0.0012873878547488005,0.0005795610788164041,4.45167938168734e-05,-3.068235514042481e-05,-1.6495941688269487e-05,-3.068235514042481e-05,6.005221047220605e-05,2.9729634394532904e-05,-1.6495941688269487e-05,2.9729634394532904e-05,3.464857808395192e-05,0.0014652514266704768,22,21,1
74,179474.79999995232,0.20000100135803223,1,-0.0022502595299000996,0.002463380043881358,0.0028060585440501384,4.451642991845699e-05,-3.068102517527295e-05,-1.6495138831048786e-05,-3.068102517527295e-05,6.005016710451177e-05,2.972841830816462e-05,-1.6495138831048786e-05,2.972841830816462e-05,3.464758534687803e-05,0.0026091948868999307,22,21,1
75,179475.0,0.20000004768371582,1,0.0013447701205990803,-0.002484197249707165,-0.002207560332082359,4.451606696909648e-05,-3.067969608305507e-05,-1.649433630501206e-05,-3.067969608305507e-05,6.004812502553567e-05,2.9727202734469656e-05,-1.649433630501206e-05,2.9727202734469656e-05,3.464659299560019e-05,0.0023807858611067704,22,21,1
76,179475.199999094,0.19999909400939941,1,-0.0024165643689186434,0.0012161171918130265,0.0023816673687724332,4.451570452793789e-05,-3.0678367427324304e-05,-1.6493533922532373e-05,-3.0678367427324304e-05,6.004608342013659e-05,2.9725987262284878e-05,-1.6493533922532373e-05,2.9725987262284878e-05,3.464560071067294e-05,0.003196295271115462,22,21,1
77,179475.40000009537,0.20000100135803223,1,-0.0009117275116005027,-0.00018089390148645634,5.753364554550444e-05,4.45153410354444e-05,-3.067703776843304e-05,-1.6492731242770455e-05,-3.067703776843304e-05,6.004404072020572e-05,2.972477149287868e-05,-1.6492731242770455e-05,2.972477149287868e-05,3.4644608204480407e-05,0.002041410774077812,22,21,1
78,179475.59999895096,0.1999988555908203,1,0.0009094709893791603,-0.0003318766740036949,0.0013454349328450022,4.4514979285272856e-05,-3.06757097062922e-05,-1.6491929178039668e-05,-3.06757097062922e-05,6.004200016508118e-05,2.9723556550347932e-05,-1.6491929178039668e-05,2.9723556550347932e-05,3.4643616331768594e-05,0.0019256437167551115,22,21,1
79,179475.79999995232,0.20000100135803223,1,0.0005833834547954565,-0.00047418292997392086,0.0003925081166675781,4.4514617379255996e-05,-3.067438149853983e-05,-1.6491127095776485e-05,-3.067438149853983e-05,6.0039959679267456e-05,2.9722341723496303e-05,-1.6491127095776485e-05,2.9722341723496303e-05,3.464262454481052e-05,0.0017903095027349803,22,21,1
80,179476.0,0.20000004768371582,1,-0.0024085112309867496,0.0008241099518073725,0.0017564296172265514,4.4514255348039386e-05,-3.0673053128628845e-05,-1.649032486990728e-05,-3.0673053128628845e-05,6.00379187643042e-05,2.972112654853779e-05,-1.649032486990728e-05,2.972112654853779e-05,3.464163246273953e-05,0.0018370154828288843,22,21,1
81,179476.199999094,0.19999909400939941,1,-0.0007361630097501177,-0.00019175714353281137,0.001579173870959849,4.4513891338440304e-05,-3.0671722896556e-05,-1.648952171236174e-05,-3.0671722896556e-05,6.0035875025262565e-05,2.9719909893773866e-05,-1.648952171236174e-05,2.9719909893773866e-05,3.4640639174504354e-05,0.0019047679118917903,22,21,1
82,179476.39999890327,0.19999980926513672,1,-0.0011865134214867085,0.0017017972796722347,0.0013175162280258945,4.451353062516701e-05,-3.0670395663960284e-05,-1.648872007425178e-05,-3.0670395663960284e-05,6.0033835711813356e-05,2.9718695483523832e-05,-1.648872007425178e-05,2.9718695483523832e-05,3.4639647706667094e-05,0.001662255877932562,22,21,1
83,179476.59999990463,0.20000100135803223,1,7.027348854272548e-05,0.0007084989171097789,0.000838116410511347,4.451316893595208e-05,-3.066906750852563e-05,-1.6487917893648404e-05,-3.066906750852563e-05,6.003179496151118e-05,2.9717480212137125e-05,-1.6487917893648404e-05,2.9717480212137125e-05,3.463865551757114e-05,0.0008849943251502298,22,21,1
84,179476.79999995232,0.20000004768371582,1,-0.0009003789467227386,-0.0002259038607839159,-0.0004461044801455927,4.451280575089976e-05,-3.066773796539819e-05,-1.6487115077057936e-05,-3.066773796539819e-05,6.0029752410115966e-05,2.971626410089576e-05,-1.6487115077057936e-05,2.971626410089576e-05,3.463766264028311e-05,0.0018068297357285755,22,21,1
85,179477.0,0.20000004768371582,1,-0.0008163821507714266,-0.00024004382614961628,0.0012541147829736587,4.45124436886219e-05,-3.0666409415890344e-05,-1.6486312698216578e-05,-3.0666409415890344e-05,6.0027711144517575e-05,2.971504851974148e-05,-1.6486312698216578e-05,2.971504851974148e-05,3.463667018151366e-05,0.002424461756887187,22,21,1
86,179477.199999094,0.19999909400939941,1,-0.0012212119379002389,0.0006370713308321285,0.0020088473996242584,4.4512081525586016e-05,-3.0665080701493596e-05,-1.6485510176402154e-05,-3.0665080701493596e-05,6.002566926373472e-05,2.9713832466500903e-05,-1.6485510176402154e-05,2.9713832466500903e-05,3.463567733566007e-05,0.0019877579869573576,22,21,1
87,179477.39999890327,0.19999980926513672,1,-0.0015549759689337142,0.0025216850658367207,0.0019532056088769068,4.4511719863457006e-05,-3.066375249975299e-05,-1.648470792774406e-05,-3.066375249975299e-05,6.0023628667384234e-05,2.971261714787183e-05,-1.648470792774406e-05,2.971261714787183e-05,3.463468505854341e-05,0.001374295599702282,22,21,1
88,179477.59999990463,0.20000100135803223,1,-0.0004553279714783874,-0.0011790514501619498,0.0008854760054086697,4.4511359505833626e-05,-3.06624254265109e-05,-1.6483906208920036e-05,-3.06624254265109e-05,6.002158945181764e-05,2.971140241629354e-05,-1.6483906208920036e-05,2.971140241629354e-05,3.463369325669533e-05,0.001679054090699169,22,21,1
89,179477.79999995232,0.20000004768371582,1,0.0005262927176684511,0.0009680999368839593,0.00020579070164039592,4.4510997220415604e-05,-3.066109658883873e-05,-1.6483103548872725e-05,-3.066109658883873e-05,6.0019547783910824e-05,2.9710186370100906e-05,-1.6483103548872725e-05,2.9710186370100906e-05,3.463270035945518e-05,0.0016496453165000477,22,21,1
90,179478.0,0.20000004768371582,1,-0.0011412623354551486,0.002007736472805277,0.0022926986862739085,4.451063455845503e-05,-3.065976732348548e-05,-1.6482300719213202e-05,-3.065976732348548e-05,6.001750525832499e-05,2.970896986730449e-05,-1.6482300719213202e-05,2.970896986730449e-05,3.463170710416681e-05,0.0019403499392798142,22,21,1
91,179478.199999094,0.19999909400939941,1,-0.0010333596667008766,0.0007005933139296872,-0.0022916334573741537,4.451027094689069e-05,-3.0658437186820725e-05,-1.648149735589782e-05,-3.0658437186820725e-05,6.001546145722857e-05,2.970775258202862e-05,-1.648149735589782e-05,2.970775258202862e-05,3.463071318360767e-05,0.0024260731849795065,22,21,1
92,179478.39999890327,0.19999980926513672,1,-0.0010085904407982618,-0.0007882555221563337,0.004110831058550701,4.4509907884471524e-05,-3.0657107510559145e-05,-1.648069418529439e-05,-3.0657107510559145e-05,6.00134181780708e-05,2.9706535465530802e-05,-1.648069418529439e-05,2.9706535465530802e-05,3.462971939181545e-05,0.002271597361514259,22,21,1
93,179478.59999990463,0.20000100135803223,1,-0.0020574581441702186,0.0025595017911932416,0.0012088974950072995,4.450954483520747e-05,-3.06557778238283e-05,-1.6479891212983504e-05,-3.06557778238283e-05,6.001137535389019e-05,2.9705318854063833e-05,-1.6479891212983504e-05,2.9705318854063833e-05,3.46287260263454e-05,0.001694402253374938,22,21,1
94,179478.79999995232,0.20000004768371582,1,-9.988798430729922e-05,-0.001258296678781079,0.00020132786644300182,4.450918575389534e-05,-3.065445159248487e-05,-1.6479089733394447e-05,-3.065445159248487e-05,6.000933617886595e-05,2.97041035643756e-05,-1.6479089733394447e-05,2.97041035643756e-05,3.4627733742648365e-05,0.00217079624001536,22,21,1
95,179479.0,0.20000004768371582,1,-0.0025151013487260364,0.003255026887146073,0.0037002062380731005,4.450882357543572e-05,-3.065312261587851e-05,-1.6478286935712048e-05,-3.065312261587851e-05,6.00072938779221e-05,2.9702886874745753e-05,-1.6478286935712048e-05,2.9702886874745753e-05,3.46267402833716e-05,0.003131266453941568,22,21,1
96,179479.199999094,0.19999909400939941,1,0.0016411221920075712,-0.0021153736770145315,-0.002943537974098298,4.450846146055856e-05,-3.06517937839289e-05,-1.6477484101887715e-05,-3.06517937839289e-05,6.0005252279511394e-05,2.9701670480977954e-05,-1.6477484101887715e-05,2.9701670480977954e-05,3.4625747010419527e-05,0.002684849045966918,22,21,1
97,179479.39999890327,0.19999980926513672,1,-0.0004962416209455309,0.0007081729535620696,0.002102590902147483,4.450809901515556e-05,-3.065046461162303e-05,-1.6476681225553882e-05,-3.065046461162303e-05,6.000321039181062e-05,2.9700454086592265e-05,-1.6476681225553882e-05,2.9700454086592265e-05,3.462475374799472e-05,0.0017889022207519477,22,21,1
98,179479.59999990463,0.20000100135803223,1,-0.002309918149950135,0.0016552834632719282,0.002344541895157093,4.4507736256753365e-05,-3.064913500288725e-05,-1.6475878185031775e-05,-3.064913500288725e-05,6.000116728987165e-05,2.9699237005072958e-05,-1.6475878185031775e-05,2.9699237005072958e-05,3.462375995844375e-05,0.0020377652129514633,22,21,1
99,179479.79999995232,0.20000004768371582,1,-0.0005019434988802319,-0.0008854175719754664,0.0007269836890229087,4.4507372115787984e-05,-3.064780410695362e-05,-1.647507436951954e-05,-3.064780410695362e-05,5.999912214807404e-05,2.969801868973604e-05,-1.647507436951954e-05,2.969801868973604e-05,3.462276513653742e-05,0.0018047330217577007,22,21,1
100,179480.0,0.20000004768371582,1,-0.0007803014389075557,7.979422689174953e-05,-0.000721260097565235,4.4507009734925315e-05,-3.064647482965661e-05,-1.647427137393691e-05,-3.064647482965661e-05,5.999707957816648e-05,2.9696801697736268e-05,-1.647427137393691e-05,2.9696801697736268e-05,3.4621771376292044e-05,0.002131300097434197,22,21,1
101,179480.199999094,0.19999909400939941,1,0.0007610179840842779,-0.00016404730485675145,0.002585886124989223,4.450664769100624e-05,-3.0645145874473486e-05,-1.6473468505018228e-05,-3.0645145874473486e-05,5.999503766582514e-05,2.969558500587119e-05,-1.6473468505018228e-05,2.969558500587119e-05,3.462077783646516e-05,0.001962981723855164,22,21,1
102,179480.39999890327,0.19999980926513672,1,-0.002282677151389595,0.002388663658376089,0.00021727712316454983,4.450628630799341e-05,-3.064381750139653e-05,-1.647266588664012e-05,-3.064381750139653e-05,5.999299656343765e-05,2.9694368644922914e-05,-1.647266588664012e-05,2.9694368644922914e-05,3.4619784551491646e-05,0.0023172391682036346,22,21,1
103,179480.59999990463,0.20000100135803223,1,0.0007677241902129488,-0.0017658701184473102,0.00022763674680348345,4.450592400040933e-05,-3.064248823030648e-05,-1.6471862825215123e-05,-3.064248823030648e-05,5.999095408575933e-05,2.9693151552958644e-05,-1.6471862825215123e-05,2.9693151552958644e-05,3.461879066896844e-05,0.0014303873935840445,21,21,0
104,179480.79999995232,0.20000004768371582,1,-0.0008862882252329237,0.001694930019123575,0.0025942288429172677,4.450556012257321e-05,-3.064115759298291e-05,-1.6471059081603303e-05,-3.064115759298291e-05,5.998891026731609e-05,2.9691933867973658e-05,-1.6471059081603303e-05,2.9691933867973658e-05,3.461779626613455e-05,0.0021246520002983346,21,21,0
105,179481.0,0.20000004768371582,1,-0.0004363170187499568,-0.0019252590862528507,0.0006197669365715086,4.450519741287346e-05,-3.063982785244703e-05,-1.647025576159304e-05,-3.063982785244703e-05,5.9986866823029274e-05,2.969071615307871e-05,-1.647025576159304e-05,2.969071615307871e-05,3.461680187017054e-05,0.002056219853945093,22,21,1
106,179481.199999094,0.19999909400939941,1,-0.0018314550080457456,0.0019900396128953446,0.002054547431435516,4.4504835845371296e-05,-3.063849922065978e-05,-1.646945284264482e-05,-3.063849922065978e-05,5.998482524416478e-05,2.96894992322189e-05,-1.646945284264482e-05,2.96894992322189e-05,3.461580806748918e-05,0.0018341332727665183,21,21,0
107,179481.39999890327,0.19999980926513672,1,-0.0012364761825302388,0.0014167157781805884,0.00017138598469568223,4.45044739871649e-05,-3.063717027006634e-05,-1.6468649868228738e-05,-3.063717027006634e-05,5.9982783270931496e-05,2.9688282207764462e-05,-1.6468649868228738e-05,2.9688282207764462e-05,3.461481419272983e-05,0.002732136892090529,21,21,0
108,179481.59999990463,0.20000100135803223,1,0.00235473960138519,-0.004958561078090895,-0.0007085286392030099,4.450411127929371e-05,-3.0635840478882015e-05,-1.646784644612654e-05,-3.0635840478882015e-05,5.998073987283011e-05,2.968706436760337e-05,-1.646784644612654e-05,2.968706436760337e-05,3.461381965043451e-05,0.0023086973973975395,22,21,1
109,179481.79999995232,0.20000004768371582,1,-0.002118113020161082,0.003888381840418731,0.0018937239336880296,4.450374832121441e-05,-3.063451046920937e-05,-1.646704286410151e-05,-3.063451046920937e-05,5.997869632133695e-05,2.968584639491189e-05,-1.646704286410151e-05,2.968584639491189e-05,3.4612824974075984e-05,0.0026491068674707615,22,21,1
110,179482.0,0.20000004768371582,1,-0.0007217525839000839,-0.0012823435941520245,0.0010421781040959033,4.4503387148704775e-05,-3.063318202646464e-05,-1.6466240141070584e-05,-3.063318202646464e-05,5.997665493866432e-05,2.9684629554198824e-05,-1.6466240141070584e-05,2.9684629554198824e-05,3.461183123350421e-05,0.003150741701840622,22,21,1
111,179482.199999094,0.19999909400939941,1,-0.00032861570220484574,0.0006845369133081647,0.001659989897519587,4.4503026030349294e-05,-3.0631853636679733e-05,-1.6465437373992186e-05,-3.0631853636679733e-05,5.997461369473451e-05,2.9683412689346066e-05,-1.6465437373992186e-05,2.9683412689346066e-05,3.461083744754721e-05,0.0018483727718788855,22,21,1
112,179482.39999890327,0.19999980926513672,1,-3.0124953743541444e-05,-0.001911274946873931,0.0003859132469790083,4.450266432721304e-05,-3.063052472219936e-05,-1.6464634299336847e-05,-3.063052472219936e-05,5.997257185940673e-05,2.968219547739804e-05,-1.6464634299336847e-05,2.968219547739804e-05,3.460984335371902e-05,0.0011562007065635492,22,21,1
113,179482.59999990463,0.20000100135803223,1,-0.0015841188828601292,0.0008128747437616823,0.0007369951405751252,4.450230247252987e-05,-3.062919559341818e-05,-1.646383109271698e-05,-3.062919559341818e-05,5.9970529429074315e-05,2.968097785851799e-05,-1.646383109271698e-05,2.968097785851799e-05,3.460884892945924e-05,0.0017336271134152494,22,21,1
114,179482.79999995232,0.20000004768371582,1,-0.0012967586799194698,0.002459485112673576,0.0021442832379046095,4.450193944913702e-05,-3.062786534397504e-05,-1.6463027345125074e-05,-3.062786534397504e-05,5.9968485304357145e-05,2.9679759362463333e-05,-1.6463027345125074e-05,2.9679759362463333e-05,3.4607853791233814e-05,0.0023998224014627322,22,21,1
115,179483.0,0.20000004768371582,1,-0.0007937728555300142,0.00010862285541790584,0.001942259224549936,4.4501577483478984e-05,-3.0626536078316735e-05,-1.6462224052811402e-05,-3.0626536078316735e-05,5.996644279910691e-05,2.9678541651200928e-05,-1.6462224052811402e-05,2.9678541651200928e-05,3.460685926747945e-05,0.0020888542370119897,22,21,1
116,179483.199999094,0.19999909400939941,1,-0.0006189723378448241,0.0012469830680537086,0.0008166749287985553,4.45012154126195e-05,-3.062520665856393e-05,-1.6461420714770432e-05,-3.062520665856393e-05,5.9964399955911574e-05,2.9677323753966152e-05,-1.6461420714770432e-05,2.9677323753966152e-05,3.460586459726337e-05,0.0012229966474403713,22,21,1
117,179483.39999890327,0.19999980926513672,1,-0.00027506784765372704,-0.00046521142078503885,0.0012560069105616023,4.450084967539805e-05,-3.062387410320118e-05,-1.6460615736580614e-05,-3.062387410320118e-05,5.996235397511285e-05,2.9676104411052922e-05,-1.6460615736580614e-05,2.9676104411052922e-05,3.4604868659675585e-05,0.0012961941588898512,22,21,1
118,179483.59999990463,0.20000100135803223,1,-0.0009222425890439385,0.00017482621457531877,0.0005231332412609646,4.450048724233617e-05,-3.062254426266463e-05,-1.6459812204376813e-05,-3.062254426266463e-05,5.996031041971143e-05,2.9674886095463108e-05,-1.6459812204376813e-05,2.9674886095463108e-05,3.460387364270662e-05,0.0016796209952638223,22,21,1
119,179483.79999995232,0.20000004768371582,1,-0.0015504366333341489,-0.0005686039779746466,0.00035355522841307163,4.450012517782496e-05,-3.062121477190759e-05,-1.6459008710647214e-05,-3.062121477190759e-05,5.9958267378377107e-05,2.9673667864437384e-05,-1.6459008710647214e-05,2.9673667864437384e-05,3.460287865712346e-05,0.0013155518591165798,22,21,1
120,179484.0,0.20000004768371582,1,-0.0003730433471922822,0.0009101754768110482,0.0010049112586161257,4.449976319736153e-05,-3.06198853268246e-05,-1.6458205216662427e-05,-3.06198853268246e-05,5.995622434450103e-05,2.9672449573021168e-05,-1.6458205216662427e-05,2.9672449573021168e-05,3.46018836127674e-05,0.0015172864433808835,22,21,1
121,179484.199999094,0.19999909400939941,1,-0.0006078358734635582,-0.0011228233181732605,0.0015850412731301944,4.449940092599024e-05,-3.061855558553524e-05,-1.645740164767784e-05,-3.061855558553524e-05,5.9954181016091136e-05,2.96712312069232e-05,-1.645740164767784e-05,2.96712312069232e-05,3.460088850983205e-05,0.002298636624343503,22,21,1
122,179484.39999890327,0.19999980926513672,1,-9.595022683880816e-05,0.001170797769631804,0.0005894369176067116,4.449903899285139e-05,-3.061722614594716e-05,-1.6456598185342825e-05,-3.061722614594716e-05,5.9952138177446784e-05,2.9670013021108797e-05,-1.6456598185342825e-05,2.9670013021108797e-05,3.459989353423446e-05,0.0013794821780315257,22,21,1
123,179484.59999990463,0.20000100135803223,1,-0.0019475082535128476,0.0009596483776164177,0.0027273990988714303,4.449867752681927e-05,-3.061589709443189e-05,-1.645579484723797e-05,-3.061589709443189e-05,5.995009574588505e-05,2.966879490923212e-05,-1.645579484723797e-05,2.966879490923212e-05,3.459889860379773e-05,0.001927858313318319,22,21,1
124,179484.79999995232,0.20000004768371582,1,0.0008386913765614412,-0.004241592434752306,-0.002896703511618526,4.449831621830395e-05,-3.061456817592823e-05,-1.645499155745763e-05,-3.061456817592823e-05,5.9948053597876384e-05,2.966757690830146e-05,-1.645499155745763e-05,2.966757690830146e-05,3.459790374814113e-05,0.0023300677051420345,22,21,1
125,179485.0,0.20000004768371582,1,-0.002337794520410446,0.003652045716915353,0.0037077521390136425,4.449795427023304e-05,-3.0613238619333135e-05,-1.645418795209714e-05,-3.0613238619333135e-05,5.9946010390195775e-05,2.9666358322612633e-05,-1.645418795209714e-05,2.9666358322612633e-05,3.459690841612184e-05,0.0018828822960198191,22,21,1
126,179485.199999094,0.19999909400939941,1,0.0009289550419892785,-0.0009921238773209495,-0.0007285822612344006,4.449759150380365e-05,-3.0611908272559454e-05,-1.64533839552129e-05,-3.0611908272559454e-05,5.994396597326736e-05,2.9665139089130795e-05,-1.64533839552129e-05,2.9665139089130795e-05,3.4595912553036917e-05,0.0020804412670459983,22,21,1
127,179485.39999890327,0.19999980926513672,1,-0.0006836257998701588,-0.00022272326509309437,0.0012248335414657419,4.449722927620041e-05,-3.0610578433661626e-05,-1.6452580139852313e-05,-3.0610578433661626e-05,5.994192242704991e-05,2.9663920212552812e-05,-1.6452580139852313e-05,2.9663920212552812e-05,3.459491695105018e-05,0.0021864183572841084,22,21,1
128,179485.59999990463,0.20000100135803223,1,-0.001529348320377433,0.0012355730168920331,0.002737972670106892,4.4496866717800315e-05,-3.06092482330783e-05,-1.645177621818538e-05,-3.06092482330783e-05,5.993987836214907e-05,2.9662701126548182e-05,-1.645177621818538e-05,2.9662701126548182e-05,3.459392118735236e-05,0.001591055258887935,22,21,1
129,179485.79999995232,0.20000004768371582,1,0.0006675765374502806,0.0007487312675849012,-0.0015636658108162393,4.449650495869841e-05,-3.0607918737812356e-05,-1.6450972653193536e-05,-3.0607918737812356e-05,5.993783535783764e-05,2.9661482559303876e-05,-1.6450972653193536e-05,2.9661482559303876e-05,3.4592925837905646e-05,0.001867016184979297,22,21,1
130,179486.0,0.20000004768371582,1,-0.002527595719059162,0.0013106085223455466,0.0034636822592553074,4.449614317732054e-05,-3.06065892392199e-05,-1.645016902427419e-05,-3.06065892392199e-05,5.993579250874074e-05,2.9660264002605547e-05,-1.645016902427419e-05,2.9660264002605547e-05,3.459193046846368e-05,0.0022956182341456444,22,21,1
131,179486.199999094,0.19999909400939941,1,0.0012839485651819013,-0.002124791385437419,8.347120811080799e-05,4.449578100621309e-05,-3.060525930420326e-05,-1.6449365108010297e-05,-3.060525930420326e-05,5.9933748587323955e-05,2.9659044722242702e-05,-1.6449365108010297e-05,2.9659044722242702e-05,3.459093450817155e-05,0.0018823007051132232,22,21,1
132,179486.39999890327,0.19999980926513672,1,-0.002814676234061115,0.0016787760035015253,0.0008649158055762385,4.4495418945408055e-05,-3.0603929445067695e-05,-1.6448561312564286e-05,-3.0603929445067695e-05,5.99317049676319e-05,2.9657825689393517e-05,-1.6448561312564286e-05,2.9657825689393517e-05,3.458993875112537e-05,0.0020713386557722124,22,21,1
133,179486.59999990463,0.20000100135803223,1,-6.007591913405623e-05,-0.0014023166029524248,0.0013769921877786473,4.4495057244532695e-05,-3.0602599881145845e-05,-1.6447757602000753e-05,-3.0602599881145845e-05,5.9929661666131744e-05,2.9656606701310005e-05,-1.6447757602000753e-05,2.9656606701310005e-05,3.4588943014874225e-05,0.0016338274412930716,22,21,1
134,179486.79999995232,0.20000004768371582,1,-0.0011007660153979815,0.0026728871863070935,0.0011042831248664342,4.4494695442197574e-05,-3.060127023229443e-05,-1.6446953777761493e-05,-3.060127023229443e-05,5.992761834754472e-05,2.96553876173683e-05,-1.6446953777761493e-05,2.96553876173683e-05,3.458794717265812e-05,0.001853886267387851,22,21,1
135,179487.0,0.20000004768371582,1,-0.00029454977651851124,-0.0024875048422252632,-0.0002261447808447059,4.449433342867451e-05,-3.059994035944637e-05,-1.644614988163229e-05,-3.059994035944637e-05,5.992557477010345e-05,2.9654168428853175e-05,-1.644614988163229e-05,2.9654168428853175e-05,3.45869512435532e-05,0.0015283308999170864,22,21,1
136,179487.199999094,0.19999909400939941,1,0.00046794106175836674,0.0011583008547226825,0.0008143021329907185,4.449397141848939e-05,-3.0598610447145884e-05,-1.6445345952510382e-05,-3.0598610447145884e-05,5.992353102661332e-05,2.9652949094030892e-05,-1.6445345952510382e-05,2.9652949094030892e-05,3.458595519023754e-05,0.002233598610063946,22,21,1
137,179487.39999890327,0.19999980926513672,1,-0.0006118219930530541,0.00045555867318824994,0.0005022961598140085,4.4493607867998235e-05,-3.0597279105205966e-05,-1.6444541275550226e-05,-3.0597279105205966e-05,5.9921485217640025e-05,2.9651728651148067e-05,-1.6444541275550226e-05,2.9651728651148067e-05,3.458495821959678e-05,0.0013582371927813878,22,21,1
138,179487.59999990463,0.20000100135803223,1,-0.0030248251338544935,0.0005156557959580255,0.0027490031225276823,4.449324583976009e-05,-3.059594912858359e-05,-1.644373726779297e-05,-3.059594912858359e-05,5.991944140652087e-05,2.965050917871111e-05,-1.644373726779297e-05,2.965050917871111e-05,3.458396202832006e-05,0.0017792493496618699,22,21,1
139,179487.79999995232,0.20000004768371582,1,-0.002065421779211852,0.0023499698907869515,0.001850465607489582,4.4492883640174446e-05,-3.059461898138e-05,-1.644293318106897e-05,-3.059461898138e-05,5.9917397470458614e-05,2.9649289642759863e-05,-1.644293318106897e-05,2.9649289642759863e-05,3.4582965773573535e-05,0.0015672898166548418,22,21,1
140,179488.0,0.20000004768371582,1,5.2559572790231894e-05,-0.00036278992418914413,-0.00016695007433753517,4.4492520582326264e-05,-3.059328797766343e-05,-1.6442128707714262e-05,-3.059328797766343e-05,5.9915352117793336e-05,2.964806937574494e-05,-1.6442128707714262e-05,2.964806937574494e-05,3.4581968933477316e-05,0.0018507948469027899,22,21,1
141,179488.199999094,0.19999909400939941,1,0.0007248274453659084,-0.0011834072322969291,0.0008263113244320053,4.4492156884662136e-05,-3.059195634981666e-05,-1.6441323827635826e-05,-3.059195634981666e-05,5.991330562070626e-05,2.9646848356278707e-05,-1.6441323827635826e-05,2.9646848356278707e-05,3.458097146392472e-05,0.002255949522675307,22,21,1
142,179488.39999890327,0.19999980926513672,1,-0.0009844657046388626,0.0007299837651828511,0.0032107457697172492,4.449179488814206e-05,-3.05906263076488e-05,-1.6440519784645442e-05,-3.05906263076488e-05,5.991126186290241e-05,2.9645628819389352e-05,-1.6440519784645442e-05,2.9645628819389352e-05,3.457997518323209e-05,0.0025542320159487723,22,21,1
143,179488.59999990463,0.20000100135803223,1,-0.0015291111617173826,0.0016184319649958923,0.0012374957468415104,4.4491433395802615e-05,-3.058929667589975e-05,-1.6439715904741596e-05,-3.058929667589975e-05,5.990921852704906e-05,2.9644409390946503e-05,-1.6439715904741596e-05,2.9644409390946503e-05,3.457897898274325e-05,0.0019302246014317706,22,21,1
144,179488.79999995232,0.20000004768371582,1,0.0002381280318499614,-0.0003337716565141591,-0.00068536203478331,4.449107137184773e-05,-3.058796651759162e-05,-1.643891169772804e-05,-3.058796651759162e-05,5.990717425667303e-05,2.9643189361679586e-05,-1.643891169772804e-05,2.9643189361679586e-05,3.457798227983674e-05,0.0016103431745138133,22,21,1
145,179489.0,0.20000004768371582,1,-0.0018400389150343417,-0.001201164544788469,0.0014224280677526124,4.4490709104043085e-05,-3.05866361420347e-05,-1.6438107416529502e-05,-3.05866361420347e-05,5.990512994854992e-05,2.964196937084775e-05,-1.6438107416529502e-05,2.964196937084775e-05,3.457698559516671e-05,0.0018866886327064598,22,21,1
146,179489.199999094,0.19999909400939941,1,-0.0002515695237893668,0.0008594761429669973,0.0012031721821958996,4.449034748066657e-05,-3.058530631975432e-05,-1.6437303381117495e-05,-3.058530631975432e-05,5.990308633442901e-05,2.9640749649868556e-05,-1.6437303381117495e-05,2.9640749649868556e-05,3.4575989121377394e-05,0.0016994139983976231,21,21,0
147,179489.39999890327,0.19999980926513672,1,-0.001361556169678121,0.0011221652911146407,0.0012117668786011393,4.448998570990023e-05,-3.058397634211629e-05,-1.6436499215653353e-05,-3.058397634211629e-05,5.990104245622836e-05,2.9639529702994912e-05,-1.6436499215653353e-05,2.9639529702994912e-05,3.457499244671032e-05,0.0015756239182098454,21,21,0
148,179489.59999990463,0.20000100135803223,1,0.0007124229154116331,-0.0020609489893850252,-8.686828971793403e-05,4.44896242755591e-05,-3.0582646639614406e-05,-1.643569516532955e-05,-3.0582646639614406e-05,5.9898998953061155e-05,2.9638309888527677e-05,-1.643569516532955e-05,2.9638309888527677e-05,3.45739958689504e-05,0.0018492813219804659,22,21,1
149,179489.79999995232,0.20000004768371582,1,-0.0002652760824658178,0.003719100453551505,0.0041870328335988916,4.448926215770418e-05,-3.058131628771823e-05,-1.643489075632003e-05,-3.058131628771823e-05,5.989695449242731e-05,2.9637089521353778e-05,-1.643489075632003e-05,2.9637089521353778e-05,3.4572998827053965e-05,0.0017955771547907657,22,21,1
150,179490.0,0.20000004768371582,1,-0.0020690467460829924,-0.0007455274274477119,-0.0009661698237932725,4.448890010849611e-05,-3.0579985959333186e-05,-1.6434086351560978e-05,-3.0579985959333186e-05,5.98949099864048e-05,2.9635869080373026e-05,-1.6434086351560978e-05,2.9635869080373026e-05,3.457200171984765e-05,0.001542943477102176,22,21,1
151,179490.199999094,0.19999909400939941,1,-0.000199205289736061,-0.0003803776781374779,0.0017331929225266052,4.4488538901262616e-05,-3.0578656351600055e-05,-1.6433282362858047e-05,-3.0578656351600055e-05,5.9892866501393e-05,2.9634649183342128e-05,-1.6433282362858047e-05,2.9634649183342128e-05,3.457100506166635e-05,0.0011737890434256899,22,21,1
152,179490.39999890327,0.19999980926513672,1,-0.0006243896548645675,0.000733532333793363,0.001681253517357817,4.44881769257724e-05,-3.0577326057366926e-05,-1.6432478008794447e-05,-3.0577326057366926e-05,5.989082226649316e-05,2.96334288976256e-05,-1.6432478008794447e-05,2.96334288976256e-05,3.4570008063017684e-05,0.0018025055177335134,22,21,1
153,179490.59999990463,0.20000100135803223,1,-0.001225212245711115,0.0012114634146520586,-6.280730754237851e-05,4.44878150883957e-05,-3.057599581048642e-05,-1.6431673705197334e-05,-3.057599581048642e-05,5.988877788904281e-05,2.963220850273714e-05,-1.6431673705197334e-05,2.963220850273714e-05,3.456901098417996e-05,0.0017647053243706968,22,21,1
154,179490.79999995232,0.20000004768371582,1,0.0009909300399941659,-0.005191670710946283,-0.0008750313467631443,4.448745303474463e-05,-3.057466536824269e-05,-1.6430869174817674e-05,-3.057466536824269e-05,5.988673318933646e-05,2.9630987769411003e-05,-1.6430869174817674e-05,2.9630987769411003e-05,3.456801359608418e-05,0.0018854119371735202,22,21,1
155,179491.0,0.20000004768371582,1,-0.0025482326513166374,0.003776613845218435,0.0028960208679071897,4.448709142475625e-05,-3.057333530651139e-05,-1.64300648407366e-05,-3.057333530651139e-05,5.988468907135619e-05,2.962976731352394e-05,-1.64300648407366e-05,2.962976731352394e-05,3.456701642651928e-05,0.0019820096618975683,22,21,1
156,179491.199999094,0.19999909400939941,1,-9.641298610163512e-05,0.000281548721314806,0.0004946184034153589,4.448672867858505e-05,-3.057200413671749e-05,-1.6429259993194313e-05,-3.057200413671749e-05,5.988264318392889e-05,2.9628545949030902e-05,-1.6429259993194313e-05,2.9628545949030902e-05,3.4566018526084605e-05,0.0015624331219199808,22,21,1
157,179491.39999890327,0.19999980926513672,1,0.0006460441024357602,-0.002466772917177451,-0.0004761185967101511,4.448636646848392e-05,-3.057067353767115e-05,-1.642845521364835e-05,-3.057067353767115e-05,5.988059837977427e-05,2.962732491358913e-05,-1.642845521364835e-05,2.962732491358913e-05,3.456502082676792e-05,0.001772920849015813,22,21,1
158,179491.59999990463,0.20000100135803223,1,-0.0009128662345794048,0.0023425025265950694,0.001959964122730362,4.448600425798145e-05,-3.056934287205918e-05,-1.6427650475565166e-05,-3.056934287205918e-05,5.987855343797621e-05,2.9626103853414127e-05,-1.6427650475565166e-05,2.9626103853414127e-05,3.4564023118366254e-05,0.0017459474649613102,22,21,1
159,179491.79999995232,0.20000004768371582,1,-0.0023166573626561657,0.001038106594634769,0.001921832286860159,4.4485642191621954e-05,-3.056801226157531e-05,-1.6426845807602757e-05,-3.056801226157531e-05,5.9876508382475325e-05,2.962488271890917e-05,-1.6426845807602757e-05,2.962488271890917e-05,3.456302536065905e-05,0.0018726785546200136,22,21,1
160,179492.0,0.20000004768371582,1,0.00022141877816621636,-0.0008455326503629124,0.0005708411016067672,4.448528031253686e-05,-3.056668183240823e-05,-1.642604116928669e-05,-3.056668183240823e-05,5.9874463707206276e-05,2.9623661702734636e-05,-1.642604116928669e-05,2.9623661702734636e-05,3.456202767308795e-05,0.001821634892206311,22,21,1
161,179492.20000004768,0.20000004768371582,1,-0.00021990289633480844,-0.0005214996051208232,0.001346999244981717,4.4484918464985324e-05,-3.0565351403536454e-05,-1.6425236615278256e-05,-3.0565351403536454e-05,5.987241920900447e-05,2.96224408697196e-05,-1.6425236615278256e-05,2.96224408697196e-05,3.456103013731342e-05,0.0013662462242546177,22,21,1
162,179492.39999890327,0.1999988555908203,1,-0.0019486109526944866,0.0023143899363411435,0.0005767086427121981,4.4484556096531124e-05,-3.056402043865919e-05,-1.642443174059139e-05,-3.056402043865919e-05,5.9870373641089525e-05,2.9621219358243802e-05,-1.642443174059139e-05,2.9621219358243802e-05,3.456003204398463e-05,0.0017298986770539456,22,21,1
163,179492.59999990463,0.20000100135803223,1,-0.0007178476438140007,0.0014159259234887145,0.0029165338530194873,4.4484194833617464e-05,-3.056269047054476e-05,-1.6423627372856385e-05,-3.056269047054476e-05,5.9868329647641266e-05,2.96199986466066e-05,-1.6423627372856385e-05,2.96199986466066e-05,3.455903459067938e-05,0.00188789979503692,22,21,1
164,179492.79999899864,0.19999909400939941,1,-0.00030431048207960504,-0.0016618509790582436,0.00010038956033753266,4.4483833025724566e-05,-3.056136000990376e-05,-1.642282271896553e-05,-3.056136000990376e-05,5.9866285093807475e-05,2.9618777606716018e-05,-1.642282271896553e-05,2.9618777606716018e-05,3.45580368466299e-05,0.0024211980558190953,22,21,1
165,179493.0,0.20000100135803223,1,-0.0014707870676963352,0.00041680384806852544,0.0008427093478191594,4.448347002293037e-05,-3.056002841003311e-05,-1.6422017361396754e-05,-3.056002841003311e-05,5.986423853952939e-05,2.9617555319487034e-05,-1.6422017361396754e-05,2.9617555319487034e-05,3.4557038066595796e-05,0.0023520677292467145,21,21,0
166,179493.20000004768,0.20000004768371582,1,0.0003461916462148138,-0.0005296161877943462,-3.981305014999492e-05,4.448310775319979e-05,-3.05586974249767e-05,-1.642121245222109e-05,-3.05586974249767e-05,5.9862193009981746e-05,2.9616333698061756e-05,-1.642121245222109e-05,2.9616333698061756e-05,3.455603984603933e-05,0.0014641022720181458,21,21,0
167,179493.39999890327,0.1999988555908203,1,-0.0013093589396999054,0.0004025204975732777,0.0006749803031080859,4.44827471227403e-05,-3.0557367956092664e-05,-1.642040815302499e-05,-3.0557367956092664e-05,5.9860149648228514e-05,2.9615112978972535e-05,-1.642040815302499e-05,2.9615112978972535e-05,3.4555042322400335e-05,0.00159153681692663,22,21,1
168,179493.59999990463,0.20000100135803223,1,0.001178285301131189,-0.000489968897124271,0.0005464131008627859,4.4482385719167556e-05,-3.05560377402566e-05,-1.6419603514039125e-05,-3.05560377402566e-05,5.985810523079621e-05,2.961389173839849e-05,-1.6419603514039125e-05,2.961389173839849e-05,3.455404437269804e-05,0.0013866701399527328,22,21,1
169,179493.79999899864,0.19999909400939941,1,-0.0002914681674647797,0.00018282805573122118,0.003626538267821111,4.448202399198384e-05,-3.0554707200705846e-05,-1.6418798705166036e-05,-3.0554707200705846e-05,5.985606035253219e-05,2.9612670228815258e-05,-1.6418798705166036e-05,2.9612670228815258e-05,3.455304619439204e-05,0.002256027972810135,22,21,1
170,179494.0,0.20000100135803223,1,0.004521202051165692,0.0009947627324962127,0.0026017406579432745,4.448166099743428e-05,-3.055337548450482e-05,-1.6417993267289268e-05,-3.055337548450482e-05,5.985401377401248e-05,2.9611447787403973e-05,-1.6417993267289268e-05,2.9611447787403973e-05,3.45520472404794e-05,0.0011683738893765244,22,21,1
171,179494.20000004768,0.20000004768371582,1,0.014636007283668128,0.005883991620073914,0.014732750711826448,4.4481299188010314e-05,-3.055204482100389e-05,-1.6417188396665986e-05,-3.055204482100389e-05,5.985196881137031e-05,2.961022619479752e-05,-1.6417188396665986e-05,2.961022619479752e-05,3.455104897545947e-05,0.002122844303891136,22,21,1
172,179494.39999890327,0.1999988555908203,1,0.028610629467931484,0.00931125766231844,0.019328437726752412,4.448093699361999e-05,-3.055071373513615e-05,-1.641638330770454e-05,-3.055071373513615e-05,5.984992294923513e-05,2.9609004060144284e-05,-1.641638330770454e-05,2.9609004060144284e-05,3.4550050273589416e-05,0.0030810293401421288,22,21,1
173,179494.59999990463,0.20000100135803223,1,0.03694033706041177,0.013194165799134794,0.02762644285482896,4.448057481643748e-05,-3.054938271118591e-05,-1.641557810936055e-05,-3.054938271118591e-05,5.984787739183287e-05,2.9607781936982665e-05,-1.641557810936055e-05,2.9607781936982665e-05,3.454905153299664e-05,0.0031842552501564494,21,21,0
174,179494.79999899864,0.19999909400939941,1,0.048779673926772106,0.015616976787633519,0.03889778241537556,4.448021327336919e-05,-3.054805219554515e-05,-1.641477318968803e-05,-3.054805219554515e-05,5.984583237268321e-05,2.9606560048897815e-05,-1.641477318968803e-05,2.9606560048897815e-05,3.4548052991496365e-05,0.0031955406728263382,21,21,0
175,179495.0,0.20000100135803223,1,0.05248384998665612,0.015101461642561986,0.042317989206429374,4.4479849878673424e-05,-3.0546720012679675e-05,-1.6413967209625244e-05,-3.0546720012679675e-05,5.9843784849906084e-05,2.9605336604939517e-05,-1.6413967209625244e-05,2.9605336604939517e-05,3.454705312984493e-05,0.002244872075507451,21,21,0
176,179495.20000004768,0.20000004768371582,1,0.06187716370615006,0.025677346003604384,0.050227731235406914,4.4479490756603465e-05,-3.054539150436957e-05,-1.641316341738937e-05,-3.054539150436957e-05,5.9841742106085444e-05,2.9604115832418835e-05,-1.641316341738937e-05,2.9604115832418835e-05,3.454605554006804e-05,0.003324008026017493,21,21,0
177,179495.39999890327,0.1999988555908203,1,0.07568506126902429,0.022099110137105527,0.06001235703371943,4.4479130125576715e-05,-3.054406176713939e-05,-1.6412358799889686e-05,-3.054406176713939e-05,5.983969825399118e-05,2.9602894361386798e-05,-1.6412358799889686e-05,2.9602894361386798e-05,3.4545057295645566e-05,0.0029360398067416584,21,21,0
178,179495.59999990463,0.20000100135803223,1,0.07822496140258453,0.02585179501629753,0.07025240296164004,4.447876790515379e-05,-3.054273043124902e-05,-1.641155342448851e-05,-3.054273043124902e-05,5.9837651482474355e-05,2.9601671323429e-05,-1.641155342448851e-05,2.9601671323429e-05,3.4544057805119056e-05,0.00492286558003019,21,21,0
179,179495.79999899864,0.19999909400939941,1,0.08969339517714765,0.027245953482097462,0.07422345313295065,4.447840550063716e-05,-3.0541398977622395e-05,-1.6410747934979054e-05,-3.0541398977622395e-05,5.983560493501077e-05,2.960044838003076e-05,-1.6410747934979054e-05,2.960044838003076e-05,3.4543058353410284e-05,0.006185946495026845,21,21,0
180,179496.0,0.20000100135803223,1,0.09834469176338839,0.029840163320386637,0.08207589756271538,4.447804360707895e-05,-3.0540067926221724e-05,-1.640994258983042e-05,-3.0540067926221724e-05,5.9833558651600994e-05,2.9599225423836904e-05,-1.640994258983042e-05,2.9599225423836904e-05,3.4542058886928444e-05,0.005201918805176554,21,21,0
181,179496.20000004768,0.20000004768371582,1,0.10316329832149877,0.027981336796877088,0.0879911546387504,4.4477681811129935e-05,-3.053873684091459e-05,-1.6409137309752718e-05,-3.053873684091459e-05,5.983151192766927e-05,2.9598002235782845e-05,-1.6409137309752718e-05,2.9598002235782845e-05,3.454105926086581e-05,0.004647137550914782,21,21,0
182,179496.39999890327,0.1999988555908203,1,0.11281667848840819,0.02982594890560364,0.09240529589903623,4.447732189407978e-05,-3.05374076368305e-05,-1.6408332926095447e-05,-3.05374076368305e-05,5.9829468996066707e-05,2.9596781077748086e-05,-1.6408332926095447e-05,2.9596781077748086e-05,3.4540061220814305e-05,0.006627819314169343,21,21,0
183,179496.59999990463,0.20000100135803223,1,0.11891486778000238,0.027846113698419828,0.10029961977996393,4.447695948608537e-05,-3.0536076024150774e-05,-1.6407527440179464e-05,-3.0536076024150774e-05,5.982742217498524e-05,2.9595557963649053e-05,-1.6407527440179464e-05,2.9595557963649053e-05,3.453906162090539e-05,0.005083425838829276,21,21,0
184,179496.79999899864,0.19999909400939941,1,0.12650247747092724,0.03834936683542267,0.10662369027629737,4.4476597861470894e-05,-3.0534745245125555e-05,-1.6406722397385443e-05,-3.0534745245125555e-05,5.98253775220164e-05,2.9594336115458567e-05,-1.6406722397385443e-05,2.9594336115458567e-05,3.453806300489702e-05,0.004069124385920524,21,21,0
185,179497.0,0.20000100135803223,1,0.13864636574482211,0.031729720400718975,0.11292953532605221,4.4476236202847685e-05,-3.053341422802447e-05,-1.640591726136472e-05,-3.053341422802447e-05,5.982333149675813e-05,2.9593113391057983e-05,-1.640591726136472e-05,2.9593113391057983e-05,3.4537063722484e-05,0.0037677720747349877,21,21,0
186,179497.20000004768,0.20000004768371582,1,0.14985315464700222,0.03236130818214278,0.12437470447648824,4.447587458717685e-05,-3.0532083176411164e-05,-1.6405111926892582e-05,-3.0532083176411164e-05,5.982128482351298e-05,2.9591890008616334e-05,-1.6405111926892582e-05,2.9591890008616334e-05,3.453606388593042e-05,0.0026817302538837927,21,21,0
187,179497.39999890327,0.1999988555908203,1,0.17583468385338258,0.05672029997230865,0.15492916397374135,4.4475514047650214e-05,-3.053075310631954e-05,-1.6404306947066174e-05,-3.053075310631954e-05,5.981923944948896e-05,2.9590667085786112e-05,-1.6404306947066174e-05,2.9590667085786112e-05,3.4535064392850434e-05,0.004889990405587392,21,21,0
188,179497.59999990463,0.20000100135803223,1,0.19428589551994518,0.05200113806112583,0.17177049509867803,4.447515301150902e-05,-3.052942268487791e-05,-1.6403501616311255e-05,-3.052942268487791e-05,5.981719405913767e-05,2.9589444023451735e-05,-1.6403501616311255e-05,2.9589444023451735e-05,3.4534064717131636e-05,0.005015454389080232,21,21,0
189,179497.79999899864,0.19999909400939941,1,0.23543089543860848,0.0445849192927632,0.18378213398830745,4.447479179246949e-05,-3.052809187665897e-05,-1.6402696255056962e-05,-3.052809187665897e-05,5.981514727177453e-05,2.9588220254380413e-05,-1.6402696255056962e-05,2.9588220254380413e-05,3.453306453373578e-05,0.004994852632543712,21,21,0
190,179498.0,0.20000100135803223,1,0.253022170805117,0.06946874935612612,0.23044598289734175,4.447443052917096e-05,-3.052676096987613e-05,-1.6401890903636136e-05,-3.052676096987613e-05,5.981310028830831e-05,2.9586996412023506e-05,-1.6401890903636136e-05,2.9586996412023506e-05,3.45320642987091e-05,0.003363071705514707,21,21,0
191,179498.20000004768,0.20000004768371582,1,0.28638232609972897,0.0843000629185866,0.2471748378987355,4.447406664807629e-05,-3.052542775951884e-05,-1.6401084338517155e-05,-3.052542775951884e-05,5.981105059790443e-05,2.9585771216268116e-05,-1.6401084338517155e-05,2.9585771216268116e-05,3.4531062909729724e-05,0.006476983073153866,21,21,0
192,179498.39999890327,0.1999988555908203,1,0.32042932432028925,0.07533931619979839,0.27489068068984324,4.447370478706433e-05,-3.052409632166025e-05,-1.6400278703484515e-05,-3.052409632166025e-05,5.980900326043088e-05,2.9584547191445336e-05,-1.6400278703484515e-05,2.9584547191445336e-05,3.453006248743061e-05,0.0066287812768743805,21,21,0
193,179498.59999990463,0.20000100135803223,1,0.33096860913265014,0.08002471690134172,0.2934196407687528,4.4473343100541785e-05,-3.052276513145985e-05,-1.6399472800007004e-05,-3.052276513145985e-05,5.980695626551226e-05,2.9583322884065403e-05,-1.6399472800007004e-05,2.9583322884065403e-05,3.4529061743262495e-05,0.0029686186281121466,21,21,0
194,179498.79999899864,0.19999909400939941,1,0.3544604634735608,0.08350971287395481,0.31188848334190755,5.4741787319508e-05,-3.756882908583761e-05,-2.0185117383121426e-05,-3.756882908583761e-05,7.361385340071515e-05,3.6412600666834905e-05,-2.0185117383121426e-05,3.6412600666834905e-05,4.2500585266073686e-05,0.009982197846037514,21,21,0
195,179499.0,0.20000100135803223,1,0.3686953174903774,0.09461696196923342,0.32022168989686683,5.118982844311944e-05,-4.3941637574738486e-05,-1.9712077174358555e-05,-4.3941637574738486e-05,8.662018858554592e-05,3.620294920123074e-05,-1.9712077174358555e-05,3.620294920123074e-05,3.6162266512782604e-05,0.004010319694151795,20,20,0
196,179499.20000004768,0.20000004768371582,1,0.38554662670258427,0.09357585378401367,0.33105931755690143,5.118946561158663e-05,-4.394005608240771e-05,-1.9711122320398634e-05,-4.394005608240771e-05,8.661714163810335e-05,3.620130361981468e-05,-1.9711122320398634e-05,3.620130361981468e-05,3.616111770894692e-05,0.003594860814545301,20,20,0
197,179499.39999890327,0.1999988555908203,1,0.4106859734507982,0.1012668502789218,0.344631189798589,5.118910533232223e-05,-4.393847739121434e-05,-1.971016909234873e-05,-4.393847739121434e-05,8.661409979995406e-05,3.619966085348658e-05,-1.971016909234873e-05,3.619966085348658e-05,3.6159970885110416e-05,0.005024801931371208,21,20,1
198,179499.59999990463,0.20000100135803223,1,0.43714290544332796,0.10414140595791821,0.3766256048659642,5.1188748908658224e-05,-4.39369032396578e-05,-1.9709217245073355e-05,-4.39369032396578e-05,8.661106553880483e-05,3.6198020540444164e-05,-1.9709217245073355e-05,3.6198020540444164e-05,3.615882555451834e-05,0.006619824678071847,20,20,0
199,179499.79999899864,0.19999909400939941,1,0.4660357536840068,0.10803190390216244,0.4018386233583424,5.118838817997837e-05,-4.393532392682882e-05,-1.9708263358683987e-05,-4.393532392682882e-05,8.66080220361788e-05,3.6196376383711664e-05,-1.9708263358683987e-05,3.6196376383711664e-05,3.615767769993427e-05,0.0050841919069464616,20,20,0
